page	entries	image	volume	fix	frequency	check	books	accuracy	centurydictiona06whit_djvu.csv	frequency	image	centurydictionar06whit_djvu.csv	frequency	image	centurydictionar06whituoft_djvu.csv	frequency	image	cu31924091890636_djvu.csv	frequency	image
4437	pharmacological	12	6		3		centurydictiona06whit_djvu.csv	2576	pharmacological	3	13	pharmacological	3	13	pharmacological	3	15	phaimacological	1	12
4438	pharyngo-esophagus	13	6		4		centurydictionar06whit_djvu.csv	2698	pharyngo-esophagus	4	14	pharyngo-esophagus	4	14	pharyngo-esophagus	4	16	pharyngo-esophagus	4	13
4439	phase	14	6		3		centurydictionar06whituoft_djvu.csv	2492	phase	3	15	pbase	1	15	phase	3	17	phase	3	14
4440	pheasant	15	6		3		cu31924091890636_djvu.csv	2652	pheasant	3	16	pheasant	3	16	pbeasant	1	18	pheasant	3	15
4441	phenicin	16	6		3		centurydictionar06whit_djvu.csv	top accuracy	phenicin	3	17	phenicin	3	17	pbenidn	1	19	phenicin	3	16
4442	phenylia	17	6		3		cu31924091890636_djvu.csv	best images	phenylia	3	18	phenylia	3	18	A	1	20	phenylia	3	17
4443	pMlanthropistic	18	6		1	tie			philantliropistic	1	19	pMlanthropistic	1	19	philanthropistic	1	21	Philanthus	1	18
4444	philippize	19	6		3				philippize	3	20	philippize	3	20	philippize	3	22	phiUppize	1	19
4445	philology	20	6		4				philology	4	21	philology	4	21	philology	4	23	philology	4	20
4446	philosophical	21	6		4				philosophical	4	22	philosophical	4	22	philosophical	4	24	philosophical	4	21
4447	Philydraceae	22	6		2	weak			Philydraceae	2	23	Philydraceae	2	23	a	1	25	Fhilydraceae	1	22
4448	phlegmonous	23	6		2	weak			phlegmonoas	1	24	phlegmonous	2	24	phlegmonons	1	26	phlegmonous	2	23
4449	Phocaena	24	6		1	tie			Fhocsena	1	25	Phocaena	1	25	Fbocana	1	27	Phocsna	1	24
4450	Pholadidse	25	6		1	tie			Pholadidae	1	26	Pholadidse	1	26	Pholadomya	1	28	Pholadontya	1	25
4451	phonlkon	26	6		2	weak			phonlkon	2	27	phonikon	1	27	phonlkon	2	29	Tfbanikaa	1	26
4452	phonotypically	27	6		2	weak			i	1	28	phonotypically	2	28	pbonotyplcally	1	30	phonotypically	2	27
4453	phosphorescent	28	6		4				phosphorescent	4	29	phosphorescent	4	29	phosphorescent	4	31	phosphorescent	4	28
4454	photochromy	29	6		2	weak			photochromy	2	30	proxinidtion	1	30	ifhotocliromy	1	32	photochromy	2	29
4455	pliotography	30	6		1	tie			photography	1	31	pliotography	1	31	pbotography	1	33	pbotograpliy	1	30
4456	photophone	31	6		4				photophone	4	32	photophone	4	32	photophone	4	34	photophone	4	31
4457	Phragmophora	32	6		4				Phragmophora	4	33	Phragmophora	4	33	Phragmophora	4	35	Phragmophora	4	32
4458	phrenic	33	6		4				phrenic	4	34	phrenic	4	34	phrenic	4	36	phrenic	4	33
4459	Phrynorhombus	34	6		2	weak			Phrynorhombus	2	35	Phrynorhombus	2	35	Phrynorhombas	1	37	Fhrynorliombus	1	34
4460	phygogalactic	35	6		3				phygogalactic	3	36	phygogalactic	3	36	Phylacterium	1	38	phygogalactic	3	35
4461	Phyllium	36	6		3				Phyllium	3	37	Phyllium	3	37	Phyllium	3	39	PhylUnm	1	36
4462	Phyllorhininae	37	6		1	tie			Phyllorhininse	1	38	Phyllorhininae	1	38	PhyUorhininae	1	40	Fhyllorhininse	1	37
4463	phylloxera-mite	38	6		4				phylloxera-mite	4	39	phylloxera-mite	4	39	phylloxera-mite	4	41	phylloxera-mite	4	38
4464	Physeteridse	39	6		2	weak			Physeteridae	1	40	Physeteridse	2	40	Physeterldse	1	42	Physeteridse	2	39
4465	physicist	40	6		2	tie			pliysicist	2	41	physicist	2	41	physicist	2	43	pliysicist	2	40
4466	physiography	41	6		2	weak			physiography	2	42	physiography	2	42	physlograpliy	1	44	physiograpliy	1	41
4467	physopod	42	6		4				physopod	4	43	physopod	4	43	physopod	4	45	physopod	4	42
4468	phytoglyphy	43	6		4				phytoglyphy	4	44	phytoglyphy	4	44	phytoglyphy	4	46	phytoglyphy	4	43
4469	Phytotomidae	44	6		2	tie			Phytotomidae	2	45	Phytotomidae	2	45	Phytotomids	2	47	Phytotomids	2	44
4470	pianoforte	45	6		4				pianoforte	4	46	pianoforte	4	46	pianoforte	4	48	pianoforte	4	45
4471	picaresque	46	6		4				picaresque	4	47	picaresque	4	47	picaresque	4	49	picaresque	4	46
4472	Picidse	47	6		2	weak			Plclda	1	48	Picidse	2	48	Fields	1	50	Picidse	2	47
4473	Ward-lock	48	6		2	tie			pick	2	49	Ward-lock	2	49	pick	2	51	Ward-lock	2	48
4474	pickerel	49	6		4				pickerel	4	50	pickerel	4	50	pickerel	4	52	pickerel	4	49
4475	pickle-worm	50	6		4				pickle-worm	4	51	pickle-worm	4	51	pickle-worm	4	53	pickle-worm	4	50
4476	Picris	51	6		3				Plcris	1	52	Picris	3	52	Picris	3	54	Picris	3	51
4477	picturesque	52	6		3				picturesque	3	53	picturesque	3	53	pictoresque	1	55	picturesque	3	52
4478	piece	53	6		3				piece	3	54	piece	3	54	pedasso	1	56	piece	3	53
4479	piecemeal	54	6		4				piecemeal	4	55	piecemeal	4	55	piecemeal	4	57	piecemeal	4	54
4480	pier	55	6		4				pier	4	56	pier	4	56	pier	4	58	pier	4	55
4481	piety	56	6		4				piety	4	57	piety	4	57	piety	4	59	piety	4	56
4482	pigeonhole	57	6		3				pigeonhole	3	58	pigeonliole	1	58	pigeonhole	3	60	pigeonhole	3	57
4483	pigment-granule	58	6		2	weak			pigment-granule	2	59	pigment-granule	2	59	jdgmeiit-gTanale	1	61	plgment-gTaniile	1	58
4484	ordinary	59	6		2	weak			pike	1	60	ordinary	2	60	ordinary	2	62	-ordinary	1	59
4485	Grand	60	6		3				Grand	3	61	Grand	3	61	pilar	1	63	Grand	3	60
4486	pile	61	6		3				pile	3	62	pile	3	62	pUe	1	64	pile	3	61
4487	Pileopsis	62	6		3				Pileopsis	3	63	Pileopsis	3	63	Pileopsis	3	65	Flleopsis	1	62
4488	pilgrim	63	6		4				pilgrim	4	64	pilgrim	4	64	pilgrim	4	66	pilgrim	4	63
4489	pillar	64	6		4				pillar	4	65	pillar	4	65	pillar	4	67	pillar	4	64
4490	pillion	65	6		4				pillion	4	66	pillion	4	66	pillion	4	68	pillion	4	65
4491	All	66	6		1	tie			Pilobolus	1	67	All	1	67	fc	1	69	Filobolus	1	66
4492	pllus	67	6		2	weak			pllus	2	68	pllus	2	68	pilns	1	70	pilus	1	67
4493	Pimpla	68	6		4				Pimpla	4	69	Pimpla	4	69	Pimpla	4	71	Pimpla	4	68
4494	Pin-borer	69	6		2	weak			Piii-borcr	1	70	Pin-borjer	1	70	Pin-borer	2	72	Pin-borer	2	69
4495	Piliching-tongs-	70	6		1	tie			b	1	71	Piliching-tongs-	1	71	pinclier	1	73	b't	1	70
4496	pine	71	6		4				pine	4	72	pine	4	72	pine	4	74	pine	4	71
4497	pine	72	6		3				pine	3	73	pine	3	73	pine	3	75	pme	1	72
4498	pine-stove	73	6		4				pine-stove	4	74	pine-stove	4	74	pine-stove	4	76	pine-stove	4	73
4499	Pinicola	74	6		3				Pinicola	3	75	Pinicola	3	75	Pinicola	3	77	lit	1	74
4500	pink	75	6		3				pink	3	76	pink	3	76	pinnace	1	78	pink	3	75
4501	pinnace	76	6		4				pinnace	4	77	pinnace	4	77	pinnace	4	79	pinnace	4	76
4502	pinnitarsal	77	6		1	tie			pinni	1	78	pinnitarsal	1	78	pinnltarsal	1	80	pinnitaxsal	1	77
4503	Pinus	78	6		2	weak			Pinus	2	79	Pinus	2	79	Piims	1	81	PinnB	1	78
4504	Pipa	79	6		1	tie			Plpa	1	80	Pipa	1	80	Tipa	1	82	Fipa	1	79
4505	pipe	80	6		4				pipe	4	81	pipe	4	81	pipe	4	83	pipe	4	80
4506	Piperaceae	81	6		3				Piperaceae	3	82	Piperaceae	3	82	Piperacese	1	84	Piperaceae	3	81
4507	piping	82	6		4				piping	4	83	piping	4	83	piping	4	85	piping	4	82
4508	Pipunculidae	83	6		3				Pipunculidae	3	84	Pipunculidx	1	84	Pipunculidae	3	86	Pipunculidae	3	83
4509	pirate	84	6		4				pirate	4	85	pirate	4	85	pirate	4	87	pirate	4	84
4510	piscatrix	85	6		4				piscatrix	4	86	piscatrix	4	86	piscatrix	4	88	piscatrix	4	85
4511	Ptsolitic	86	6		1	tie			pismire	1	87	Ptsolitic	1	87	pisnuie	1	89	Fisolidc	1	86
4512	pistillidium	87	6		3				pistillidium	3	88	pistillidium	3	88	pistillidinm	1	90	pistillidium	3	87
4513	piston-sleeve	88	6		3				piston-sleeve	3	89	piston-sleeve	3	89	piston-sleeye	1	91	piston-sleeve	3	88
4514	pitapat	89	6		4				pitapat	4	90	pitapat	4	90	pitapat	4	92	pitapat	4	89
4515	pitch	90	6		3				pitch	3	91	pitch	3	91	pitch	3	93	pitcn	1	90
4516	pltching-tool	91	6		1	tie			pltcliing-tool	1	92	pltching-tool	1	92	pitching-tool	1	94	pitcbing-tool	1	91
4517	pithecoid	92	6		2	weak			pithecoitt	1	93	pithecoid	2	93	pithecola	1	95	pithecoid	2	92
4518	pit-saw	93	6		3				handles	1	94	pit-saw	3	94	pit-saw	3	96	pit-saw	3	93
4519	pit-wood	94	6		4				pit-wood	4	95	pit-wood	4	95	pit-wood	4	97	pit-wood	4	94
4520	pixy-wheel	95	6		4				pixy-wheel	4	96	pixy-wheel	4	96	pixy-wheel	4	98	pixy-wheel	4	95
4521	place	96	6		3				place	3	97	place	3	97	pUce	1	99	place	3	96
4522	placentalian	97	6		4				placentalian	4	98	placentalian	4	98	placentalian	4	100	placentalian	4	97
4523	Placoidea	98	6		4				Placoidea	4	99	Placoidea	4	99	Placoidea	4	101	Placoidea	4	98
4524	Plagiostoma	99	6		2	tie			Plagiostoma	2	100	Plagiostoma	2	100	Flagiostoma	2	102	Flagiostoma	2	99
4525	plaiding	100	6		4				plaiding	4	101	plaiding	4	101	plaiding	4	103	plaiding	4	100
4526	plainly	101	6		4				plainly	4	102	plainly	4	102	plainly	4	104	plainly	4	101
4527	plan	102	6		4				plan	4	103	plan	4	103	plan	4	105	plan	4	102
4528	plane	103	6		4				plane	4	104	plane	4	104	plane	4	106	plane	4	103
4529	plane-table	104	6		4				plane-table	4	105	plane-table	4	105	plane-table	4	107	plane-table	4	104
4530	planimeter	105	6		4				planimeter	4	106	planimeter	4	106	planimeter	4	108	planimeter	4	105
4531	Planorbis	106	6		2	weak			Planorbis	2	107	Pltitiofbis	1	107	in	1	109	Planorbis	2	106
4532	Flantagines	107	6		2	weak			Flantaginese	1	108	Plantagineae	1	108	Flantagines	2	110	Flantagines	2	107
4533	planter	108	6		3				planter	3	109	planter	3	109	I	1	111	planter	3	108
4534	plash	109	6		3				plash	3	110	plash	3	110	plasb	1	112	plash	3	109
4535	plaster	110	6		4				plaster	4	111	plaster	4	111	plaster	4	113	plaster	4	110
4536	plastron	111	6		2	tie			plastron	2	112	plastron	2	112	Plastron	2	114	Plastron	2	111
4537	Sea-bat	112	6		2	tie			Platanistidae	2	113	Sea-bat	2	113	Sea-bat	2	115	Platanistidae	2	112
4538	plate	113	6		4				plate	4	114	plate	4	114	plate	4	116	plate	4	113
4539	plater	114	6		4				plater	4	115	plater	4	115	plater	4	117	plater	4	114
4540	platin	115	6		4				platin	4	116	platin	4	116	platin	4	118	platin	4	115
4541	Flatonist	116	6		2	weak			Platonist	1	117	Flatonist	2	117	Flatonlst	1	119	Flatonist	2	116
4542	Platycrinus	117	6		2	weak			Platycrinus	2	118	Platycrinus	2	118	Platycrinns	1	120	Flatycrinus	1	117
4543	platyphylline	118	6		4				platyphylline	4	119	platyphylline	4	119	platyphylline	4	121	platyphylline	4	118
4544	plaudit	119	6		3				plaudit	3	120	plaudit	3	120	plaadit	1	122	plaudit	3	119
4545	play	120	6		4				play	4	121	play	4	121	play	4	123	play	4	120
4546	play	121	6		4				play	4	122	play	4	122	play	4	124	play	4	121
4547	plea	122	6		4				plea	4	123	plea	4	123	plea	4	125	plea	4	122
4548	pleasance	123	6		4				pleasance	4	124	pleasance	4	124	pleasance	4	126	pleasance	4	123
4549	pleasing	124	6		3				pleasing	3	125	pleasing	3	125	pleMlng	1	127	pleasing	3	124
4550	plebiscitary	125	6		4				plebiscitary	4	126	plebiscitary	4	126	plebiscitary	4	128	plebiscitary	4	125
4551	plectrum	126	6		2	weak			plectrum	2	127	plectrum	2	127	ploctmn	1	129	pleclnim	1	126
4552	pleiophylly	127	6		4				pleiophylly	4	128	pleiophylly	4	128	pleiophylly	4	130	pleiophylly	4	127
4553	plentiful	128	6		4				plentiful	4	129	plentiful	4	129	plentiful	4	131	plentiful	4	128
4554	plerome	129	6		4				plerome	4	130	plerome	4	130	plerome	4	132	plerome	4	129
4555	Pleuracanthidae	130	6		1	tie			Pleuracanthidse	1	131	Pleuracanthidae	1	131	Plenracanthldse	1	133	Pleuracanttaidse	1	130
4556	Pleurodeles	131	6		3				Pleurodeles	3	132	Pleurodeles	3	132	Plenrodeles	1	134	Pleurodeles	3	131
4557	Pleuroptera	132	6		2	tie			Pleuroptera	2	133	Pleuroptera	2	133	Plenroptera	2	135	Plenroptera	2	132
4558	plexus	133	6		3				plexus	3	134	plexus	3	134	plexns	1	136	plexus	3	133
4559	pliant	134	6		4				pliant	4	135	pliant	4	135	pliant	4	137	pliant	4	134
4560	plight	135	6		4				plight	4	136	plight	4	136	plight	4	138	plight	4	135
4561	Plombee	136	6		1	tie			Plonibee	1	137	Plombee	1	137	plodder	1	139	middle	1	136
4562	plounce	137	6		2	tie			ploonce	2	138	plounce	2	138	ploonce	2	140	plounce	2	137
4563	plow	138	6		4				plow	4	139	plow	4	139	plow	4	141	plow	4	138
4564	plow-witcher	139	6		2	weak			plow-witcher	2	140	plow-witcher	2	140	One	1	142	plow-yritcher	1	139
4565	plug	140	6		4				plug	4	141	plug	4	141	plug	4	143	plug	4	140
4566	plum	141	6		3				plum	3	142	plum	3	142	plTun	1	144	plum	3	141
4567	plumbing	142	6		3				plumbing	3	143	plumbing	3	143	plombing	1	145	plumbing	3	142
4568	plum-gouger	143	6		3				plum-gouger	3	144	plum-gouger	3	144	plnm-gotiger	1	146	plum-gouger	3	143
4569	Plumstead	144	6		2	weak			Plutnularia	1	145	Plumstead	2	145	FtmmmiariM	1	147	Plumstead	2	144
4570	plunger	145	6		3				plTinger	1	146	plunger	3	146	plunger	3	148	plunger	3	145
4571	pluriseriate	146	6		4				pluriseriate	4	147	pluriseriate	4	147	pluriseriate	4	149	pluriseriate	4	146
4572	plutocrat	147	6		4				plutocrat	4	148	plutocrat	4	148	plutocrat	4	150	plutocrat	4	147
4573	ply	148	6		4				ply	4	149	ply	4	149	ply	4	151	ply	4	148
4574	pneumatic	149	6		2	weak			pneumatic	2	150	pneumatic	2	150	pnenmatic	1	152	pneninatic	1	149
4575	Same	150	6		1	tie			pneumology	1	151	Same	1	151	pnemnology	1	153	pneomology	1	150
4576	poacb	151	6		2	weak			poaci	1	152	poach	1	152	poacb	2	154	poacb	2	151
4577	pocket-drop	152	6		4				pocket-drop	4	153	pocket-drop	4	153	pocket-drop	4	155	pocket-drop	4	152
4578	More-pork	153	6		3				Podalyrieae	1	154	More-pork	3	154	More-pork	3	156	More-pork	3	153
4579	pod-lover	154	6		4				pod-lover	4	155	pod-lover	4	155	pod-lover	4	157	pod-lover	4	154
4580	Podostemon	155	6		3				Podostemon	3	156	Podostemon	3	156	Podostemon	3	158	Fodostemon	1	155
4581	poet	156	6		4				poet	4	157	poet	4	157	poet	4	159	poet	4	156
4582	Pogonorhynchus	157	6		1	tie			Pogostemon	1	158	Pogonorhynchus	1	158	Poeonorhynchtts	1	160	Pogonorkynchus	1	157
4583	point	158	6		4				point	4	159	point	4	159	point	4	161	point	4	158
4584	point	159	6		4				point	4	160	point	4	160	point	4	162	point	4	159
4585	point	160	6		3				point	3	161	point	3	161	What	1	163	point	3	160
4586	pointed	161	6		4				pointed	4	162	pointed	4	162	pointed	4	164	pointed	4	161
4587	poise	162	6		4				poise	4	163	poise	4	163	poise	4	165	poise	4	162
4588	poison-sumac	163	6		4				poison-sumac	4	164	poison-sumac	4	164	poison-sumac	4	166	poison-sumac	4	163
4589	poker-picture	164	6		3				poker-picture	3	165	poker-picture	3	165	i	1	167	poker-picture	3	164
4590	polariscopy	165	6		4				polariscopy	4	166	polariscopy	4	166	polariscopy	4	168	polariscopy	4	165
4591	pole	166	6		4				pole	4	167	pole	4	167	pole	4	169	pole	4	166
4592	polenta	167	6		4				polenta	4	168	polenta	4	168	polenta	4	170	polenta	4	167
4593	policial	168	6		4				policial	4	169	policial	4	169	policial	4	171	policial	4	168
4594	polish	169	6		3				polish	3	170	polisli	1	170	polish	3	172	polish	3	169
4595	polite	170	6		3				polite	3	171	polite	3	171	poUte	1	173	polite	3	170
4596	politician	171	6		3				ins	1	172	politician	3	172	politician	3	174	politician	3	171
4597	poll	172	6		3				poll	3	173	poll	3	173	poU	1	175	poll	3	172
4598	poUex	173	6		2	weak			poUex	2	174	poUex	2	174	pollex	1	176	poUez	1	173
4599	Polonese	174	6		3				Polonese	3	175	Polonese	3	175	Polonese	3	177	Folonese	1	174
4600	polyarchy	175	6		4				polyarchy	4	176	polyarchy	4	176	polyarchy	4	178	polyarchy	4	175
4601	polychromatic	176	6		4				polychromatic	4	177	polychromatic	4	177	polychromatic	4	179	polychromatic	4	176
4602	Polyergus	177	6		3				Polyergus	3	178	Polyergus	3	178	Polyergns	1	180	Polyergus	3	177
4603	polygeny	178	6		3				polygeny-	1	179	polygeny	3	179	polygeny	3	181	polygeny	3	178
4604	polygyn	179	6		3				polygyn	3	180	polygyn	3	180	polysya	1	182	polygyn	3	179
4605	polymerization	180	6		3				polymerization	3	181	polymerization	3	181	I	1	183	polymerization	3	180
4606	polynia	181	6		2	weak			polynia	2	182	from	1	182	polynia	2	184	open	1	181
4607	polypharmacy	182	6		3				polypharmacy	3	183	polypharmacy	3	183	polypbarmacy	1	185	polypharmacy	3	182
4608	Polyplacophora	183	6		2	tie			Polyplacophora	2	184	Polyplacophora	2	184	Folyplacophora	2	186	Folyplacophora	2	183
4609	polypragmatic	184	6		3				polypragmatic	3	185	of	1	185	polypragmatic	3	187	polypragmatic	3	184
4610	Polystoma	185	6		2	tie			Polystoma	2	186	Polystoma	2	186	Folystoma	2	188	Folystoma	2	185
4611	polytocous	186	6		4				polytocous	4	187	polytocous	4	187	polytocous	4	189	polytocous	4	186
4612	Pomacentridse	187	6		2	weak			Pomacentridse	2	188	Pomacentridse	2	188	Pomacentridae	1	190	Fomacentridse	1	187
4613	pomegranate	188	6		4				pomegranate	4	189	pomegranate	4	189	pomegranate	4	191	pomegranate	4	188
4614	pommetty	189	6		4				pommetty	4	190	pommetty	4	190	pommetty	4	192	pommetty	4	189
4615	pomposo	190	6		4				pomposo	4	191	pomposo	4	191	pomposo	4	193	pomposo	4	190
4616	ponderous	191	6		4				ponderous	4	192	ponderous	4	192	ponderous	4	194	ponderous	4	191
4617	Pontederia	192	6		3				Pontederia	3	193	Pontederia	3	193	Pontederia	3	195	Fontederia	1	192
4618	Pontoons	193	6		4				Pontoons	4	194	Pontoons	4	194	Pontoons	4	196	Pontoons	4	193
4619	pool	194	6		4				pool	4	195	pool	4	195	pool	4	197	pool	4	194
4620	poorhead	195	6		3				poorbead	1	196	poorhead	3	196	poorhead	3	198	poorhead	3	195
4621	popedom	196	6		4				popedom	4	197	popedom	4	197	popedom	4	199	popedom	4	196
4622	poplar-lutestring	197	6		4				poplar-lutestring	4	198	poplar-lutestring	4	198	poplar-lutestring	4	200	poplar-lutestring	4	197
4623	populace	198	6		4				populace	4	199	populace	4	199	populace	4	201	populace	4	198
4624	Populus	199	6		4				Populus	4	200	Populus	4	200	Populus	4	202	Populus	4	199
4625	porcelain	200	6		4				porcelain	4	201	porcelain	4	201	porcelain	4	203	porcelain	4	200
4626	porcupine	201	6		4				porcupine	4	202	porcupine	4	202	porcupine	4	204	porcupine	4	201
4627	pork	202	6		3				pork	3	203	pork	3	203	I	1	205	pork	3	202
4628	porphyritic	203	6		2	weak			I'ori'hyrilic	1	204	this	1	204	porphyritic	2	206	porphyritic	2	203
4629	porridge	204	6		3				porridge	3	205	porridge	3	205	porridge	3	207	and	1	204
4630	porta	205	6		3				lit	1	206	porta	3	206	porta	3	208	porta	3	205
4631	port-crayon	206	6		3				port-crayon	3	207	chalk	1	207	port-crayon	3	209	port-crayon	3	206
4632	porterage	207	6		3				porterage	3	208	porterage	3	208	portmanteati	1	210	porterage	3	207
4633	portmanteau	208	6		3				portmanteau	3	209	portmanteau	3	209	I	1	211	portmanteau	3	208
4634	portugue	209	6		4				portugue	4	210	portugue	4	210	portugue	4	212	portugue	4	209
4635	Poseideon	210	6		2	weak			Poseideon	2	211	Poseideon	2	211	Poseideott	1	213	Foseideon	1	210
4636	positive	211	6		4				positive	4	212	positive	4	212	positive	4	214	positive	4	211
4637	possess	212	6		3				possess	3	213	possess	3	213	possess	3	215	they	1	212
4638	posset	213	6		3				posset	3	214	posset	3	214	means	1	216	posset	3	213
4639	post	214	6		4				post	4	215	post	4	215	post	4	217	post	4	214
4640	postaxial	215	6		2	weak			postazial	1	216	postaxlal	1	216	postaxial	2	218	postaxial	2	215
4641	posterior	216	6		4				posterior	4	217	posterior	4	217	posterior	4	219	posterior	4	216
4642	postgraduate	217	6		4				postgraduate	4	218	postgraduate	4	218	postgraduate	4	220	postgraduate	4	217
4643	postle	218	6		3				postle	3	219	postle	3	219	SaSieth	1	221	postle	3	218
4644	post-oak	219	6		4				post-oak	4	220	post-oak	4	220	post-oak	4	222	post-oak	4	219
4645	postpredicament	220	6		4				postpredicament	4	221	postpredicament	4	221	postpredicament	4	223	postpredicament	4	220
4646	postulate	221	6		4				postulate	4	222	postulate	4	222	postulate	4	224	postulate	4	221
4647	pot	222	6		4				pot	4	223	pot	4	223	pot	4	225	pot	4	222
4648	potamology	223	6		4				potamology	4	224	potamology	4	224	potamology	4	226	potamology	4	223
4649	potato	224	6		3				potato	3	225	potato	3	225	i	1	227	potato	3	224
4650	potence-file	225	6		3				potence-file	3	226	potence-file	3	226	potence-file	3	228	potence-flle	1	225
4651	potentiality	226	6		4				potentiality	4	227	potentiality	4	227	potentiality	4	229	potentiality	4	226
4652	potgnn	227	6		1	tie			potgTin	1	228	potgnn	1	228	potgtm	1	230	potgim	1	227
4653	potometer	228	6		4				potometer	4	229	potometer	4	229	potometer	4	231	potometer	4	228
4654	pottery	229	6		4				pottery	4	230	pottery	4	230	pottery	4	232	pottery	4	229
4655	pottle-bottle	230	6		4				pottle-bottle	4	231	pottle-bottle	4	231	pottle-bottle	4	233	pottle-bottle	4	230
4656	pouffe	231	6		3				pouffe	3	232	pouffe	3	232	potiffe	1	234	pouffe	3	231
4657	pounce	232	6		3				pounce	3	233	transferring	1	233	pounce	3	235	pounce	3	232
4658	pound	233	6		4				pound	4	234	pound	4	234	pound	4	236	pound	4	233
4659	poundrel	234	6		1	tie			poimdrel	1	235	poundrel	1	235	i	1	237	potmdrel	1	234
4660	poussette	235	6		3				poussette	3	236	poussette	3	236	poussette	3	238	poassette	1	235
4661	poverty-weed	236	6		4				poverty-weed	4	237	poverty-weed	4	237	poverty-weed	4	239	poverty-weed	4	236
4662	powder-gun	237	6		3				powder-gim	1	238	powder-gun	3	238	powder-gun	3	240	powder-gun	3	237
4663	power	238	6		4				power	4	239	power	4	239	power	4	241	power	4	238
4664	powste	239	6		4				powste	4	240	powste	4	240	powste	4	242	powste	4	239
4665	practical	240	6		4				practical	4	241	practical	4	241	practical	4	243	practical	4	240
4666	practise	241	6		3				practice	1	242	practise	3	242	practise	3	244	practise	3	241
4667	praemunire	242	6		3				praemunire	3	243	praemunire	3	243	praemunire	3	245	prsmunlre	1	242
4668	pragmatize	243	6		4				pragmatize	4	244	pragmatize	4	244	pragmatize	4	246	pragmatize	4	243
4669	praise	244	6		4				praise	4	245	praise	4	245	praise	4	247	praise	4	244
4670	prank	245	6		2	weak			make	1	246	prank	2	246	praiLk	1	248	prank	2	245
4671	prawn	246	6		4				prawn	4	247	prawn	4	247	prawn	4	249	prawn	4	246
4672	prayer	247	6		4				prayer	4	248	prayer	4	248	prayer	4	250	prayer	4	247
4673	preach	248	6		4				preach	4	249	preach	4	249	preach	4	251	preach	4	248
4674	preamble	249	6		4				preamble	4	250	preamble	4	250	preamble	4	252	preamble	4	249
4675	precariously	250	6		4				precariously	4	251	precariously	4	251	precariously	4	253	precariously	4	250
4676	precedented	251	6		4				precedented	4	252	precedented	4	252	precedented	4	254	precedented	4	251
4677	precinct	252	6		4				precinct	4	253	precinct	4	253	precinct	4	255	precinct	4	252
4678	precipitate	253	6		4				precipitate	4	254	precipitate	4	254	precipitate	4	256	precipitate	4	253
4679	precise	254	6		4				precise	4	255	precise	4	255	precise	4	257	precise	4	254
4680	precocious	255	6		3				precocious	3	256	precocious	3	256	precodons	1	258	precocious	3	255
4681	precordial	256	6		4				precordial	4	257	precordial	4	257	precordial	4	259	precordial	4	256
4682	predesign	257	6		4				predesign	4	258	predesign	4	258	predesign	4	260	predesign	4	257
4683	predicable	258	6		4				predicable	4	259	predicable	4	259	predicable	4	261	predicable	4	258
4684	predictively	259	6		4				predictively	4	260	predictively	4	260	predictively	4	262	predictively	4	259
4685	preeminence	260	6		3				preeminence	3	261	preeminence	3	261	preSminence	1	263	preeminence	3	260
4686	preface	261	6		3				preface	3	262	preface	3	262	city	1	264	preface	3	261
4687	preference	262	6		4				preference	4	263	preference	4	263	preference	4	265	preference	4	262
4688	prefrontal	263	6		3				prefrontal	3	264	prefrontal	3	264	prefrontal	3	266	prefirontal	1	263
4689	prehension	264	6		4				prehension	4	265	prehension	4	265	prehension	4	267	prehension	4	264
4690	prejudice	265	6		4				prejudice	4	266	prejudice	4	266	prejudice	4	268	prejudice	4	265
4691	prelector	266	6		4				prelector	4	267	prelector	4	267	prelector	4	269	prelector	4	266
4692	premeditate	267	6		4				premeditate	4	268	premeditate	4	268	premeditate	4	270	premeditate	4	267
4693	premium	268	6		3				premium	3	269	premium	3	269	piemlnm	1	271	premium	3	268
4694	prenatally	269	6		4				prenatally	4	270	prenatally	4	270	prenatally	4	272	prenatally	4	269
4695	preoral	270	6		4				preoral	4	271	preoral	4	271	preoral	4	273	preoral	4	270
4696	prepare	271	6		4				prepare	4	272	prepare	4	272	prepare	4	274	prepare	4	271
4697	preponderate	272	6		3				preponderate	3	273	preponderate	3	273	I	1	275	preponderate	3	272
4698	prepotent	273	6		4				prepotent	4	274	prepotent	4	274	prepotent	4	276	prepotent	4	273
4699	prerogative	274	6		4				prerogative	4	275	prerogative	4	275	prerogative	4	277	prerogative	4	274
4700	presbyterated	275	6		4				presbyterated	4	276	presbyterated	4	276	presbyterated	4	278	presbyterated	4	275
4701	prescind	276	6		4				prescind	4	277	prescind	4	277	prescind	4	279	prescind	4	276
4702	presence	277	6		4				presence	4	278	presence	4	278	presence	4	280	presence	4	277
4703	present	278	6		3				present	3	279	present	3	279	inresent	1	281	present	3	278
4704	presentation	279	6		4				presentation	4	280	presentation	4	280	presentation	4	282	presentation	4	279
4705	preservation	280	6		4				preservation	4	281	preservation	4	281	preservation	4	283	preservation	4	280
4706	president	281	6		4				president	4	282	president	4	282	president	4	284	president	4	281
4707	press	282	6		4				press	4	283	press	4	283	press	4	285	press	4	282
4708	press	283	6		4				press	4	284	press	4	284	press	4	286	press	4	283
4709	press-mark	284	6		3				press-mark	3	285	press-mark	3	285	indicating	1	287	press-mark	3	284
4710	prest	285	6		4				prest	4	286	prest	4	286	prest	4	288	prest	4	285
4711	presume	286	6		3				presume	3	287	presume	3	287	presiune	1	289	presume	3	286
4712	pretend	287	6		4				pretend	4	288	pretend	4	288	pretend	4	290	pretend	4	287
4713	pretension	288	6		4				pretension	4	289	pretension	4	289	pretension	4	291	pretension	4	288
4714	pretematurality	289	6		2	weak			pretematurality	2	290	pretematurality	2	290	pretemattirality	1	292	preternaturality	1	289
4715	pretty	290	6		4				pretty	4	291	pretty	4	291	pretty	4	293	pretty	4	290
4716	prevalence	291	6		4				prevalence	4	292	prevalence	4	292	prevalence	4	294	prevalence	4	291
4717	preventative	292	6		4				preventative	4	293	preventative	4	293	preventative	4	295	preventative	4	292
4718	prey	293	6		4				prey	4	294	prey	4	294	prey	4	296	prey	4	293
4719	pricement	294	6		2	tie			pricement	2	295	pricement	2	295	prlcement	2	297	prlcement	2	294
4720	prickant	295	6		4				prickant	4	296	prickant	4	296	prickant	4	298	prickant	4	295
4721	prick-shaft	296	6		3				Prick-bpiirsijf	1	297	prick-shaft	3	297	prick-shaft	3	299	prick-shaft	3	296
4722	priest	297	6		4				priest	4	298	priest	4	298	priest	4	300	priest	4	297
4723	prigman	298	6		3				prigman	3	299	prigman	3	299	pridgeman	1	301	prigman	3	298
4724	primary	299	6		3				pnmary	1	300	primary	3	300	primary	3	302	primary	3	299
4725	prime	300	6		4				prime	4	301	prime	4	301	prime	4	303	prime	4	300
4726	primeval	301	6		4				primeval	4	302	primeval	4	302	primeval	4	304	primeval	4	301
4727	primitively	302	6		3				primitively	3	303	primitively	3	303	primitiToly	1	305	primitively	3	302
4728	primrose	303	6		2	weak			primrose	2	304	pmnrose	1	304	primrose	2	306	pninrose	1	303
4729	prince	304	6		3				prince	3	305	pnnce	1	305	prince	3	307	prince	3	304
4730	principal	305	6		4				principal	4	306	principal	4	306	principal	4	308	principal	4	305
4731	principle	306	6		4				principle	4	307	principle	4	307	principle	4	309	principle	4	306
4732	print	307	6		4				print	4	308	print	4	308	print	4	310	print	4	307
4733	printing	308	6		3				printing	3	309	printing	3	309	printing	3	311	than	1	308
4734	printing-wheel	309	6		4				printing-wheel	4	310	printing-wheel	4	310	printing-wheel	4	312	printing-wheel	4	309
4735	prioress	310	6		3				prioress	3	311	prioress	3	311	r	1	313	prioress	3	310
4736	prismatic	311	6		2	tie			prismatic	2	312	prismatic	2	312	Prismatic	2	314	Prismatic	2	311
4737	Pritchaxdia	312	6		1	tie			Pritcliardia	1	313	Pritchaxdia	1	313	Fritchardia	1	315	Pritchardia	1	312
4738	private	313	6		4				private	4	314	private	4	314	private	4	316	private	4	313
4739	privilege	314	6		4				privilege	4	315	privilege	4	315	privilege	4	317	privilege	4	314
4740	prize	315	6		4				prize	4	316	prize	4	316	prize	4	318	prize	4	315
4741	proatlas	316	6		4				proatlas	4	317	proatlas	4	317	proatlas	4	319	proatlas	4	316
4742	probably	317	6		4				probably	4	318	probably	4	318	probably	4	320	probably	4	317
4743	problem	318	6		4				problem	4	319	problem	4	319	problem	4	321	problem	4	318
4744	procacious	319	6		4				procacious	4	320	procacious	4	320	procacious	4	322	procacious	4	319
4745	proceleusmatic	320	6		3				proceleusmatic	3	321	proceleusmatic	3	321	procelensmatic	1	323	proceleusmatic	3	320
4746	process	321	6		4				process	4	322	process	4	322	process	4	324	process	4	321
4747	procession	322	6		4				procession	4	323	procession	4	323	procession	4	325	procession	4	322
4748	prochronism	323	6		4				prochronism	4	324	prochronism	4	324	prochronism	4	326	prochronism	4	323
4749	proconsul	324	6		3				proconsul	3	325	proconsul	3	325	proconsnl	1	327	proconsul	3	324
4750	proctor	325	6		4				proctor	4	326	proctor	4	326	proctor	4	328	proctor	4	325
4751	procure	326	6		4				procure	4	327	procure	4	327	procure	4	329	procure	4	326
4752	prodigalize	327	6		4				prodigalize	4	328	prodigalize	4	328	prodigalize	4	330	prodigalize	4	327
4753	produce	328	6		4				produce	4	329	produce	4	329	produce	4	331	produce	4	328
4754	proem	329	6		4				proem	4	330	proem	4	330	proem	4	332	proem	4	329
4755	profess	330	6		4				profess	4	331	profess	4	331	profess	4	333	profess	4	330
4756	professor	331	6		4				professor	4	332	professor	4	332	professor	4	334	professor	4	331
4757	profiling-machine	332	6		2	weak			profiling-machine	2	333	profiling-machlne	1	333	profiling-machine	2	335	profiling-macliine	1	332
4758	profound	333	6		4				profound	4	334	profound	4	334	profound	4	336	profound	4	333
4759	progenitorial	334	6		2	weak			Some	1	335	progenitorial	2	335	progenltorial	1	337	progenitorial	2	334
4760	program	335	6		4				program	4	336	program	4	336	program	4	338	program	4	335
4761	progressist	336	6		3				progressist	3	337	progressist	3	337	piogressist	1	339	progressist	3	336
4762	project	337	6		4				project	4	338	project	4	338	project	4	340	project	4	337
4763	projection	338	6		4				projection	4	339	projection	4	339	projection	4	341	projection	4	338
4764	projector	339	6		4				projector	4	340	projector	4	340	projector	4	342	projector	4	339
4765	proletariate	340	6		4				proletariate	4	341	proletariate	4	341	proletariate	4	343	proletariate	4	340
4766	prolocutrix	341	6		4				prolocutrix	4	342	prolocutrix	4	342	prolocutrix	4	344	prolocutrix	4	341
4767	Promeropinae	342	6		3				Promeropinse	1	343	Promeropinae	3	343	Promeropinae	3	345	Promeropinae	3	342
4768	promise	343	6		4				promise	4	344	promise	4	344	promise	4	346	promise	4	343
4769	promorphologically	344	6		2	weak			promorphologically	2	345	promorpliologlcally	1	345	promorphologically	2	347	promorphologlcally	1	344
4770	promptness	345	6		4				promptness	4	346	promptness	4	346	promptness	4	348	promptness	4	345
4771	prongbuck	346	6		4				prongbuck	4	347	prongbuck	4	347	prongbuck	4	349	prongbuck	4	346
4772	pronunciation	347	6		4				pronunciation	4	348	pronunciation	4	348	pronunciation	4	350	pronunciation	4	347
4773	proof	348	6		4				proof	4	349	proof	4	349	proof	4	351	proof	4	348
4774	proof-staff	349	6		3				proof-staff	3	350	cing	1	350	proof-staff	3	352	proof-staff	3	349
4775	propagate	350	6		2	weak			propagate	2	351	propagator	1	351	p	1	353	propagate	2	350
4776	propeller-well	351	6		4				propeller-well	4	352	propeller-well	4	352	propeller-well	4	354	propeller-well	4	351
4777	properistoma	352	6		4				properistoma	4	353	properistoma	4	353	properistoma	4	355	properistoma	4	352
4778	prophesied	353	6		2	tie			prophesied	2	354	prophesied	2	354	prophesy	2	356	prophesy	2	353
4779	prophyllum	354	6		4				prophyllum	4	355	prophyllum	4	355	prophyllum	4	357	prophyllum	4	354
4780	propitiousness	355	6		4				propitiousness	4	356	propitiousness	4	356	propitiousness	4	358	propitiousness	4	355
4781	proportionable	356	6		4				proportionable	4	357	proportionable	4	357	proportionable	4	359	proportionable	4	356
4782	proposition	357	6		4				proposition	4	358	proposition	4	358	proposition	4	360	proposition	4	357
4783	proprsescutal	358	6		2	weak			proprsescutal	2	359	propraescutal	1	359	proprtescntal	1	361	proprsescutal	2	358
4784	propugner	359	6		4				propugner	4	360	propugner	4	360	propugner	4	362	propugner	4	359
4785	prorogue	360	6		4				prorogue	4	361	prorogue	4	361	prorogue	4	363	prorogue	4	360
4786	prose	361	6		4				prose	4	362	prose	4	362	prose	4	364	prose	4	361
4787	proselytist	362	6		4				proselytist	4	363	proselytist	4	363	proselytist	4	365	proselytist	4	362
4788	prosit	363	6		4				prosit	4	364	prosit	4	364	prosit	4	366	prosit	4	363
4789	prosopopeia	364	6		4				prosopopeia	4	365	prosopopeia	4	365	prosopopeia	4	367	prosopopeia	4	364
4790	prosper	365	6		4				prosper	4	366	prosper	4	366	prosper	4	368	prosper	4	365
4791	prostitute	366	6		3				prostitute	3	367	I	1	367	prostitute	3	369	prostitute	3	366
4792	Protamoeba	367	6		3				Protamceba	1	368	Protamoeba	3	368	Protamoeba	3	370	Protamoeba	3	367
4793	protection	368	6		4				protection	4	369	protection	4	369	protection	4	371	protection	4	368
4794	Proteina	369	6		3				See	1	370	Proteina	3	370	Proteina	3	372	Proteina	3	369
4795	protest	370	6		3				protest	3	371	any	1	371	protest	3	373	protest	3	370
4796	Proteus	371	6		3				Proteus	3	372	Proteus	3	372	Protens	1	374	Proteus	3	371
4797	Protista	372	6		4				Protista	4	373	Protista	4	373	Protista	4	375	Protista	4	372
4798	protogastric	373	6		2	tie			protogastrlc	2	374	protogastric	2	374	protogastric	2	376	protogastrlc	2	373
4799	Frotonopsids	374	6		2	weak			I	1	375	Protonopsidse	1	375	Frotonopsids	2	377	Frotonopsids	2	374
4800	protosiphon	375	6		3				protoslphon	1	376	protosiphon	3	376	protosiphon	3	378	protosiphon	3	375
4801	Protozoa	376	6		4				Protozoa	4	377	Protozoa	4	377	Protozoa	4	379	Protozoa	4	376
4802	prott-goose	377	6		3				prott-goose	3	378	prott-goose	3	378	prott-Roose	1	380	prott-goose	3	377
4803	provand	378	6		3				provand	3	379	provand	3	379	provand	3	381	provajid	1	378
4804	proventriculus	379	6		2	weak			proventriculus	2	380	To	1	380	proventricnlns	1	382	proventriculus	2	379
4805	providence	380	6		4				providence	4	381	providence	4	381	providence	4	383	providence	4	380
4806	proving	381	6		2	weak			proving	2	382	provmg	1	382	proving	2	384	proTing	1	381
4807	provocative	382	6		4				provocative	4	383	provocative	4	383	provocative	4	385	provocative	4	382
4808	prowlery	383	6		3				Ihc	1	384	prowlery	3	384	prowlery	3	386	prowlery	3	383
4809	prudence	384	6		3				prudence	3	385	prudence	3	385	prndence	1	387	prudence	3	384
4810	accompanying	385	6		1	tie			pninelet	1	386	accompanying	1	386	pnmelet	1	388	prunelet	1	385
4811	pruritus	386	6		2	weak			pruritus	2	387	pruritus	2	387	pmritiis	1	389	pmritns	1	386
4812	psalmist	387	6		4				psalmist	4	388	psalmist	4	388	psalmist	4	390	psalmist	4	387
4813	Psammophis	388	6		3				Psammophis	3	389	Fsammophis	1	389	Psammophis	3	391	Psammophis	3	388
4814	pseudepigrapha	389	6		3				pseudepigrapha	3	390	pseudepigrapha	3	390	psendepigrapha	1	392	pseudepigrapha	3	389
4815	Pseudochromidoidei	390	6		3				Pseudochromidoidei	3	391	Pseudochromidoidei	3	391	Pseudochromidoidei	3	393	Fseudochromidoidei	1	390
4816	pseudogyrate	391	6		3				pseudogyrate	3	392	pseudogyrate	3	392	pseadogyrate	1	394	pseudogyrate	3	391
4817	Pseudoniscus	392	6		2	tie			Pseudoniscus	2	393	Pseudoniscus	2	393	Pseudoniscns	2	395	Pseudoniscns	2	392
4818	pseudoprostyle	393	6		3				pseudoprostyle	3	394	pseudoprostyle	3	394	Bos-	1	396	pseudoprostyle	3	393
4819	pseudotrimerous	394	6		3				pseudotrimerous	3	395	pseudotrimerous	3	395	psendotrimeroos	1	397	pseudotrimerous	3	394
4820	Fsilopades	395	6		1	tie			Psilopxdes	1	396	Fsilopades	1	396	Psilopeedes	1	398	Fsilopsdes	1	395
4821	psoric	396	6		3				psoric	3	397	psonc	1	397	psoric	3	399	psoric	3	396
4822	An	397	6		2	weak			psychol	1	398	Au	1	398	An	2	400	An	2	397
4823	psychoscope	398	6		4				psychoscope	4	399	psychoscope	4	399	psychoscope	4	401	psychoscope	4	398
4824	ptarmigan	399	6		4				ptarmigan	4	400	ptarmigan	4	400	ptarmigan	4	402	ptarmigan	4	399
4825	Pterocynes	400	6		4				Pterocynes	4	401	Pterocynes	4	401	Pterocynes	4	403	Pterocynes	4	400
4826	Pteropoda	401	6		3				I'liriiil	1	402	Pteropoda	3	402	Pteropoda	3	404	Pteropoda	3	401
4827	pterygoda	402	6		4				pterygoda	4	403	pterygoda	4	403	pterygoda	4	405	pterygoda	4	402
4828	Ptilocercus	403	6		2	weak			Ptilocercufl	1	404	Ptilocercus	2	404	Ptilocercns	1	406	Ptilocercus	2	403
4829	Ptyas	404	6		3				Ptyas	3	405	about	1	405	Ptyas	3	407	Ptyas	3	404
4830	public	405	6		4				public	4	406	public	4	406	public	4	408	public	4	405
4831	public-spiritedness	406	6		3				public-spiritedness	3	407	public-spiritedness	3	407	public-spiritedness	3	409	publlc-spiritedness	1	406
4832	pucker	407	6		1	tie			urimiKl	1	408	pucker	1	408	The	1	410	packer	1	407
4833	puddle	408	6		3				puddle	3	409	puddle	3	409	pnddle	1	411	puddle	3	408
4834	puerperal	409	6		2	weak			meiliately	1	410	pnerperal	1	410	puerperal	2	412	puerperal	2	409
4835	puffin	410	6		4				puffin	4	411	puffin	4	411	puffin	4	413	puffin	4	410
4836	pug-mill	411	6		3				pog-mlll	1	412	pug-mill	3	412	pug-mill	3	414	pug-mill	3	411
4837	Pulex	412	6		3				Pulex	3	413	Pulex	3	413	Pnlex	1	415	Pulex	3	412
4838	pullaile	413	6		3				pullaile	3	414	pulley	1	414	pullaile	3	416	pullaile	3	413
4839	pulley-sheave	414	6		4				pulley-sheave	4	415	pulley-sheave	4	415	pulley-sheave	4	417	pulley-sheave	4	414
4840	Pulmonata	415	6		2	tie			Pulmonata	2	416	Pulmonata	2	416	Fnlmonata	2	418	Fnlmonata	2	415
4841	pulpit	416	6		4				pulpit	4	417	pulpit	4	417	pulpit	4	419	pulpit	4	416
4842	pulse	417	6		4				pulse	4	418	pulse	4	418	pulse	4	420	pulse	4	417
4843	pulverization	418	6		4				pulverization	4	419	pulverization	4	419	pulverization	4	421	pulverization	4	418
4844	pump	419	6		3				Ill	1	420	pump	3	420	pump	3	422	pump	3	419
4845	pump-kettle	420	6		3				pump-kettle	3	421	pump-kettle	3	421	pnmp-kettle	1	423	pump-kettle	3	420
4846	punch	421	6		2	tie			punch	2	422	punch	2	422	puncb	2	424	puncb	2	421
4847	punctation	422	6		3				punctation	3	423	punctation	3	423	pnnctation	1	425	punctation	3	422
4848	punctum	423	6		3				punctnm	1	424	punctum	3	424	punctum	3	426	punctum	3	423
4849	He	424	6		1	tie			punisher	1	425	He	1	425	pnnlslier	1	427	ptmlsber	1	424
4850	punto	425	6		3				pimto	1	426	punto	3	426	punto	3	428	punto	3	425
4851	pupilarity	426	6		3				pupilarity	3	427	pupilarity	3	427	pnpllarlty	1	429	pupilarity	3	426
4852	puppy-snatch	427	6		4				puppy-snatch	4	428	puppy-snatch	4	428	puppy-snatch	4	430	puppy-snatch	4	427
4853	purchaser	428	6		2	weak			purchaser	2	429	purchaser	2	429	pnrchaser	1	431	purchaBer	1	428
4854	pnrfle	429	6		1	tie			pnrfie	1	430	pnrfle	1	430	purfle	1	432	piirfle	1	429
4855	purge	430	6		3				purge	3	431	puige	1	431	purge	3	433	purge	3	430
4856	purity	431	6		3				purity	3	432	purity	3	432	pTirlty	1	434	purity	3	431
4857	purlong	432	6		3				purlong	3	433	purlong	3	433	purpose	1	435	purlong	3	432
4858	purpose	433	6		4				purpose	4	434	purpose	4	434	purpose	4	436	purpose	4	433
4859	purpura	434	6		3				purpura	3	435	purpura	3	435	purptira	1	437	purpura	3	434
4860	purse-leech	435	6		2	weak			purse-leech	2	436	purse-leech	2	436	pnrse-leecli	1	438	purse-leecli	1	435
4861	pursue	436	6		2	weak			Paris	1	437	pursue	2	437	pnrsne	1	439	pursue	2	436
4862	purveyance	437	6		3				purveyance	3	438	with	1	438	purveyance	3	440	purveyance	3	437
4863	pusher	438	6		3				pusher	3	439	pusher	3	439	pusher	3	441	nee	1	438
4864	put	439	6		3				witll	1	440	put	3	440	put	3	442	put	3	439
4865	put	440	6		3				put	3	441	put	3	441	put	3	443	pat	1	440
4866	put	441	6		3				pnt	1	442	put	3	442	put	3	444	put	3	441
4867	putidness	442	6		3				putidness	3	443	putidness	3	443	putldnesa	1	445	putidness	3	442
4868	putter	443	6		3				putter	3	444	putter	3	444	putter	3	446	patter	1	443
4869	puzzle	444	6		3				puzzle	3	445	puzzle	3	445	irazzle	1	447	puzzle	3	444
4870	pycnogonold	445	6		2	weak			the	1	446	pycnogonold	2	446	pycnogonold	2	448	pycnogonoid	1	445
4871	pygmy	446	6		3				pygmy	3	447	pygmy	3	447	i	1	449	pygmy	3	446
4872	pyloridean	447	6		4				pyloridean	4	448	pyloridean	4	448	pyloridean	4	450	pyloridean	4	447
4873	pyramid	448	6		3				pyramid	3	449	pyramid	3	449	I	1	451	pyramid	3	448
4874	pyrenaemata	449	6		1	tie			Pyrenaemata	1	450	pyrenaemata	1	450	Fyrensemata	1	452	Pyrensemata	1	449
4875	pyritohedral	450	6		2	weak			pyritohedral	2	451	Pyrilohcil	1	451	pyritohedral	2	453	See	1	450
4876	pyrolatry	451	6		3				pyrolatry	3	452	pjnrolatry	1	452	pyrolatry	3	454	pyrolatry	3	451
4877	pyrophosphoric	452	6		4				pyrophosphoric	4	453	pyrophosphoric	4	453	pyrophosphoric	4	455	pyrophosphoric	4	452
4878	pyrrhichius	453	6		2	weak			pyrrliichius	1	454	pyrrhichius	2	454	pyrrhichius	2	456	PSrrrliichius	1	453
4879	Pythagoric	454	6		1	tie			fythagoric	1	455	Pythagoric	1	455	Pjrthagoric	1	457	Fythagorlc	1	454
4880	Pyx	455	6		2	weak			r	1	456	Pyx	2	456	Pyx	2	458	pyx	1	455
4881	The	456	6		3				Tlie	1	457	The	3	457	The	3	459	The	3	456
4882	quack	457	6		3				quack	3	458	qnack	1	458	quack	3	460	quack	3	457
4883	quadrans	458	6		2	weak			quadrans	2	459	quadrans	2	459	qnadrans	1	461	quadrass	1	458
4884	quadratic	459	6		4				quadratic	4	460	quadratic	4	460	quadratic	4	462	quadratic	4	459
4885	Quadricinium	460	6		2	weak			Quadricinium	2	461	Quadricinium	2	461	qnadricininm	1	463	quadricinium	1	460
4886	quadrille	461	6		4				quadrille	4	462	quadrille	4	462	quadrille	4	464	quadrille	4	461
4887	Quadrisulcata	462	6		3				Quadrisulcata	3	463	Quadrisulcata	3	463	quadruplicity	1	465	Quadrisulcata	3	462
4888	quadruply	463	6		3				quadruply	3	464	quadruply	3	464	quadniply	1	466	quadruply	3	463
4889	quail	464	6		4				quail	4	465	quail	4	465	quail	4	467	quail	4	464
4890	quaker	465	6		3				quaker	3	466	Quaker	1	466	quaker	3	468	quaker	3	465
4891	qualify	466	6		2	weak			qualify	2	467	qualify	2	467	Qualify	1	469	ciualify	1	466
4892	quality	467	6		4				quality	4	468	quality	4	468	quality	4	470	quality	4	467
4893	quantity	468	6		2	weak			CLuantity	1	469	quantity	2	469	anantity	1	471	quantity	2	468
4894	quar	469	6		1	tie			qoar	1	470	quar	1	470	qnar	1	472	quax	1	469
4895	quarrel	470	6		3				quarrel	3	471	quarrel	3	471	quarrel	3	473	Quarrels	1	470
4896	quarry-hawk	471	6		2	weak			quarry-hawk	2	472	quarry-hawk	2	472	qnarry-liawk	1	474	quarry-Iiawk	1	471
4897	quarter	472	6		3				quarter	3	473	quarter	3	473	Quarter	1	475	quarter	3	472
4898	quartered	473	6		2	weak			quartered	2	474	A	1	474	-I	1	476	quartered	2	473
4899	quarter-pieces	474	6		3				quarter-pieces	3	475	quarter-pieces	3	475	Quarter-pleces	1	477	quarter-pieces	3	474
4900	quartz	475	6		3				quartz	3	476	quartz	3	476	Quaxtz	1	478	quartz	3	475
4901	Quassia	476	6		4				Quassia	4	477	Quassia	4	477	Quassia	4	479	Quassia	4	476
4902	quatrefoil	477	6		1	tie			quatrefoll	1	478	quatrefoil	1	478	cinatrefoil	1	480	CLuatrefoil	1	477
4903	queasiness	478	6		2	weak			queasiness	2	479	queasiness	2	479	qneasiness	1	481	queaslness	1	478
4904	queenfish	479	6		2	weak			queenfish	2	480	queenfish	2	480	queenfisb	1	482	qLueenflsb	1	479
4905	quell	480	6		2	weak			quell	2	481	I	1	481	anell	1	483	quell	2	480
4906	quercitannic	481	6		2	weak			quercitannic	2	482	quercitaimic	1	482	quercitannic	2	484	oLuercltannic	1	481
4907	querulous	482	6		3				querulous	3	483	querulous	3	483	ready	1	485	querulous	3	482
4908	question	483	6		3				qnestion	1	484	question	3	484	question	3	486	question	3	483
4909	questus	484	6		4				questus	4	485	questus	4	485	questus	4	487	questus	4	484
4910	quick-answered	485	6		2	tie			quick-answerefl	2	486	quick-answered	2	486	quick-answerefl	2	488	quick-answered	2	485
4911	Quicunque	486	6		2	weak			Quicunque	2	487	Quicunque	2	487	Qaicunqne	1	489	QuicunoLue	1	486
4912	quiet	487	6		2	weak			quiet	2	488	quiet	2	488	qnlet	1	490	ciulet	1	487
4913	quill	488	6		2	weak			quill	2	489	quill	2	489	qnUl	1	491	QUUl	1	488
4914	quilting	489	6		2	weak			quilting	2	490	quilting	2	490	qnlltlng	1	492	CLTdlting	1	489
4915	quindecima	490	6		1	tie			cLuindecima	1	491	quindecima	1	491	QTilndecima	1	493	auindecima	1	490
4916	qninqnesyllable	491	6		1	tie			QnlnQuesyllable	1	492	qninqnesyllable	1	492	aninauesyllable	1	494	qninanesyllable	1	491
4917	quintile	492	6		3				quintile	3	493	quintile	3	493	qtdntile	1	495	quintile	3	492
4918	quirister	493	6		3				quirister	3	494	quirister	3	494	duirister	1	496	quirister	3	493
4919	quit	494	6		3				quit	3	495	I	1	495	quit	3	497	quit	3	494
4920	quitter	495	6		4				quitter	4	496	quitter	4	496	quitter	4	498	quitter	4	495
4921	I	496	6		1	tie			quoddle	1	497	I	1	497	Quoddle	1	499	auoddle	1	496
4922	quotability	497	6		4				quotability	4	498	quotability	4	498	quotability	4	500	quotability	4	497
4923	The	498	6		2	weak			Tlieeigliteenthletterand	1	499	The	2	499	Theeighteenthletterand	1	501	The	2	498
4924	rabbet-plane	499	6		4				rabbet-plane	4	500	rabbet-plane	4	500	rabbet-plane	4	502	rabbet-plane	4	499
4925	rabble	500	6		4				rabble	4	501	rabble	4	501	rabble	4	503	rabble	4	500
4926	raccourcy	501	6		2	weak			raccourcy	2	502	raccourcy	2	502	raceoorcy	1	504	racconrcy	1	501
4927	racemation	502	6		4				racemation	4	503	racemation	4	503	racemation	4	505	racemation	4	502
4928	Raciborskia	503	6		1	tie			Raciborskla	1	504	Raciborskia	1	504	Baclborskia	1	506	Baciborskia	1	503
4929	rack	504	6		4				rack	4	505	rack	4	505	rack	4	507	rack	4	504
4930	racket	505	6		3				racket	3	506	racJbet	1	506	racket	3	508	racket	3	505
4931	racy	506	6		4				racy	4	507	racy	4	507	racy	4	509	racy	4	506
4932	radiance	507	6		3				radiance	3	508	Eadiata	1	508	radiance	3	510	radiance	3	507
4933	radiation	508	6		4				radiation	4	509	radiation	4	509	radiation	4	511	radiation	4	508
4934	radicarian	509	6		2	weak			See	1	510	radicarian	2	510	radicarian	2	512	radicaxian	1	509
4935	Crookes's	510	6		2	weak			Crookes's	2	511	Crookes's	2	511	Crrxikes's	1	513	Crookesfs	1	510
4936	radix	511	6		3				radix	3	512	radix	3	512	radix	3	514	median	1	511
4937	raft	512	6		4				raft	4	513	raft	4	513	raft	4	515	raft	4	512
4938	rag	513	6		3				ng	1	514	rag	3	514	rag	3	516	rag	3	513
4939	ragged	514	6		4				ragged	4	515	ragged	4	515	ragged	4	517	ragged	4	514
4940	A	515	6		3				raguly	1	516	A	3	516	A	3	518	A	3	515
4941	rail	516	6		2	weak			rail	2	517	rail	2	517	raU	1	519	Biraihtei	1	516
4942	railroader	517	6		4				railroader	4	518	railroader	4	518	railroader	4	520	railroader	4	517
4943	rain	518	6		2	weak			ram	1	519	rain	2	519	nln	1	521	rain	2	518
4944	rainy	519	6		3				rainy	3	520	rainy	3	520	rainy	3	522	ramy	1	519
4945	raise	520	6		4				raise	4	521	raise	4	521	raise	4	523	raise	4	520
4946	rake	521	6		4				rake	4	522	rake	4	522	rake	4	524	rake	4	521
4947	rakehelly	522	6		4				rakehelly	4	523	rakehelly	4	523	rakehelly	4	525	rakehelly	4	522
4948	rally	523	6		3				veil	1	524	rally	3	524	rally	3	526	rally	3	523
4949	ramble	524	6		4				ramble	4	525	ramble	4	525	ramble	4	527	ramble	4	524
4950	Bamilie	525	6		2	weak			Ull'	1	526	Eamilie	1	526	Bamilie	2	528	Bamilie	2	525
4951	rampacious	526	6		2	tie			rampacious	2	527	rampacious	2	527	rampacions	2	529	rampacions	2	526
4952	rampler	527	6		3				ram	1	528	rampler	3	528	rampler	3	530	rampler	3	527
4953	Necdie-bug	528	6		1	tie			Needle-bug	1	529	Necdie-bug	1	529	Needle-buK	1	531	Banatra	1	528
4954	randan	529	6		4				randan	4	530	randan	4	530	randan	4	532	randan	4	529
4955	range	530	6		3				range	3	531	range	3	531	I	1	533	range	3	530
4956	rangersiip	531	6		1	tie			tii-ulur	1	532	rangersiip	1	532	rangerslilp	1	534	rangersMp	1	531
4957	rank	532	6		3				rank	3	533	rank	3	533	I	1	535	rank	3	532
4958	ranlmess	533	6		2	weak			rantcness	1	534	ranlmess	2	534	ranlmess	2	536	rankness	1	533
4959	rant	534	6		4				rant	4	535	rant	4	535	rant	4	537	rant	4	534
4960	rap	535	6		4				rap	4	536	rap	4	536	rap	4	538	rap	4	535
4961	rape	536	6		4				rape	4	537	rape	4	537	rape	4	539	rape	4	536
4962	raphigraph	537	6		2	weak			liipill	1	538	raphigraph	2	538	especially	1	540	raphigraph	2	537
4963	rapprochement	538	6		4				rapprochement	4	539	rapprochement	4	539	rapprochement	4	541	rapprochement	4	538
4964	rare	539	6		4				rare	4	540	rare	4	540	rare	4	542	rare	4	539
4965	rascal	540	6		4				rascal	4	541	rascal	4	541	rascal	4	543	rascal	4	540
4966	rash	541	6		3				rash	3	542	rash	3	542	rash	3	544	rasb	1	541
4967	Raspberry-borer	542	6		3				Raspberry-borer	3	543	Raspberry-borer	3	543	raspberry-borer	1	545	Raspberry-borer	3	542
4968	rat	543	6		4				rat	4	544	rat	4	544	rat	4	546	rat	4	543
4969	rate	544	6		4				rate	4	545	rate	4	545	rate	4	547	rate	4	544
4970	rath	545	6		3				rath	3	546	rath	3	546	rath	3	548	ratb	1	545
4971	ratio	546	6		4				ratio	4	547	ratio	4	547	ratio	4	549	ratio	4	546
4972	rational	547	6		4				rational	4	548	rational	4	548	rational	4	550	rational	4	547
4973	ratline	548	6		4				ratline	4	549	ratline	4	549	ratline	4	551	ratline	4	548
4974	rattle	549	6		4				rattle	4	550	rattle	4	550	rattle	4	552	rattle	4	549
4975	rattlesnake-grass	550	6		4				rattlesnake-grass	4	551	rattlesnake-grass	4	551	rattlesnake-grass	4	553	rattlesnake-grass	4	550
4976	rave	551	6		4				rave	4	552	rave	4	552	rave	4	554	rave	4	551
4977	Ravenala	552	6		2	weak			As	1	553	Ravenala	2	553	Bavenala	1	555	Ravenala	2	552
4978	raw	553	6		4				raw	4	554	raw	4	554	raw	4	556	raw	4	553
4979	ray	554	6		4				ray	4	555	ray	4	555	ray	4	557	ray	4	554
4980	razorbill	555	6		4				razorbill	4	556	razorbill	4	556	razorbill	4	558	razorbill	4	555
4981	reach	556	6		3				reach	3	557	reach	3	557	I	1	559	reach	3	556
4982	read	557	6		4				read	4	558	read	4	558	read	4	560	read	4	557
4983	readable	558	6		3				readable	3	559	readable	3	559	I	1	561	readable	3	558
4984	readjust	559	6		4				readjust	4	560	readjust	4	560	readjust	4	562	readjust	4	559
4985	reagency	560	6		3				reagency	3	561	reagency	3	561	I	1	563	reagency	3	560
4986	real	561	6		4				real	4	562	real	4	562	real	4	564	real	4	561
4987	realize	562	6		4				realize	4	563	realize	4	563	realize	4	565	realize	4	562
4988	reanimate	563	6		4				reanimate	4	564	reanimate	4	564	reanimate	4	566	reanimate	4	563
4989	rear	564	6		4				rear	4	565	rear	4	565	rear	4	567	rear	4	564
4990	rearwardly	565	6		4				rearwardly	4	566	rearwardly	4	566	rearwardly	4	568	rearwardly	4	565
4991	reason	566	6		4				reason	4	567	reason	4	567	reason	4	569	reason	4	566
4992	reassure	567	6		3				But	1	568	reassure	3	568	reassure	3	570	reassure	3	567
4993	rebate	568	6		4				rebate	4	569	rebate	4	569	rebate	4	571	rebate	4	568
4994	reboil	569	6		3				reboll	1	570	reboil	3	570	reboil	3	572	reboil	3	569
4995	Rebus	570	6		4				Rebus	4	571	Rebus	4	571	Rebus	4	573	Rebus	4	570
4996	recapitulation	571	6		2	weak			II	1	572	recapitulation	2	572	recapitnlation	1	574	recapitulation	2	571
4997	receive	572	6		4				receive	4	573	receive	4	573	receive	4	575	receive	4	572
4998	recent	573	6		4				recent	4	574	recent	4	574	recent	4	576	recent	4	573
4999	receptrix	574	6		3				receptrix	3	575	receptrix	3	575	receptriz	1	577	receptrix	3	574
5000	recidivation	575	6		2	weak			recldivation	1	576	xecidiTation	1	576	recidivation	2	578	recidivation	2	575
5001	reciprocate	576	6		4				reciprocate	4	577	reciprocate	4	577	reciprocate	4	579	reciprocate	4	576
5002	reciter	577	6		4				reciter	4	578	reciter	4	578	reciter	4	580	reciter	4	577
5003	reckoning	578	6		4				reckoning	4	579	reckoning	4	579	reckoning	4	581	reckoning	4	578
5004	recline	579	6		4				recline	4	580	recline	4	580	recline	4	582	recline	4	579
5005	recognize	580	6		4				recognize	4	581	recognize	4	581	recognize	4	583	recognize	4	580
5006	recomfort	581	6		4				recomfort	4	582	recomfort	4	582	recomfort	4	584	recomfort	4	581
5007	recompletion	582	6		4				recompletion	4	583	recompletion	4	583	recompletion	4	585	recompletion	4	582
5008	reconnoiter	583	6		2	weak			T	1	584	reconnoiter	2	584	reconnoiter	2	586	A	1	583
5009	record	584	6		4				record	4	585	record	4	585	record	4	587	record	4	584
5010	recountal	585	6		2	weak			recoontal	1	586	reconntal	1	586	recountal	2	588	recountal	2	585
5011	recoverable	586	6		4				recoverable	4	587	recoverable	4	587	recoverable	4	589	recoverable	4	586
5012	recrimination	587	6		3				lai	1	588	recrimination	3	588	recrimination	3	590	recrimination	3	587
5013	rectification	588	6		4				rectification	4	589	rectification	4	589	rectification	4	591	rectification	4	588
5014	rector	589	6		4				rector	4	590	rector	4	590	rector	4	592	rector	4	589
5015	recuperative	590	6		3				recuperative	3	591	recuperative	3	591	ft	1	593	recuperative	3	590
5016	recusancy	591	6		4				recusancy	4	592	recusancy	4	592	recusancy	4	594	recusancy	4	591
5017	red	592	6		4				red	4	593	red	4	593	red	4	595	red	4	592
5018	red-backed	593	6		3				rod-beaked	1	594	red-backed	3	594	red-backed	3	596	red-backed	3	593
5019	reddleman	594	6		4				reddleman	4	595	reddleman	4	595	reddleman	4	597	reddleman	4	594
5020	redemption	595	6		4				redemption	4	596	redemption	4	596	redemption	4	598	redemption	4	595
5021	redhibitory	596	6		3				redhibitory	3	597	redMbitory	1	597	redhibitory	3	599	redhibitory	3	596
5022	red-morocco	597	6		4				red-morocco	4	598	red-morocco	4	598	red-morocco	4	600	red-morocco	4	597
5023	redpoll	598	6		4				redpoll	4	599	redpoll	4	599	redpoll	4	601	redpoll	4	598
5024	redstart	599	6		4				redstart	4	600	redstart	4	600	redstart	4	602	redstart	4	599
5025	connecting	600	6		1	tie			con	1	601	connecting	1	601	of	1	603	connectinET	1	600
5026	redundant	601	6		2	weak			redundant	2	602	reech	1	602	redtmdant	1	604	redundant	2	601
5027	reechily	602	6		2	weak			reechily	2	603	reechily	2	603	reecliily	1	605	Smokily	1	602
5028	reediness	603	6		4				reediness	4	604	reediness	4	604	reediness	4	606	reediness	4	603
5029	reef	604	6		4				reef	4	605	reef	4	605	reef	4	607	reef	4	604
5030	reel	605	6		3				lll'	1	606	reel	3	606	reel	3	608	reel	3	605
5031	reem	606	6		2	weak			reem	2	607	reem	2	607	teem'	1	609	reexMbit	1	606
5032	reexpenence	607	6		1	tie			reosperlence	1	608	reexpenence	1	608	regxperience	1	610	legzperience	1	607
5033	referee	608	6		3				referee	3	609	referee	3	609	irefered	1	611	referee	3	608
5034	refinement	609	6		3				or	1	610	refinement	3	610	refinement	3	612	refinement	3	609
5035	reflection	610	6		3				reflection	3	611	reflection	3	611	i	1	613	reflection	3	610
5036	reflex	611	6		4				reflex	4	612	reflex	4	612	reflex	4	614	reflex	4	611
5037	reforest	612	6		4				reforest	4	613	reforest	4	613	reforest	4	615	reforest	4	612
5038	reformation	613	6		4				reformation	4	614	reformation	4	614	reformation	4	616	reformation	4	613
5039	refraction	614	6		4				refraction	4	615	refraction	4	615	refraction	4	617	refraction	4	614
5040	refrenation	615	6		2	weak			renrenation	1	616	refrenation	2	616	refrenation	2	618	Tefirenationt	1	615
5041	body	616	6		1	tie			refrigerative	1	617	body	1	617	Refi	1	619	reftigerative	1	616
5042	refusal	617	6		3				refusal	3	618	refusal	3	618	refasal	1	620	refusal	3	617
5043	regal	618	6		4				regal	4	619	regal	4	619	regal	4	621	regal	4	618
5044	regard	619	6		4				regard	4	620	regard	4	620	regard	4	622	regard	4	619
5045	regency	620	6		4				regency	4	621	regency	4	621	regency	4	623	regency	4	620
5046	regentship	621	6		2	weak			regentehip	1	622	regentsMp	1	622	regentship	2	624	regentship	2	621
5047	region	622	6		4				region	4	623	region	4	623	region	4	625	region	4	622
5048	register	623	6		4				register	4	624	register	4	624	register	4	626	register	4	623
5049	regnal	624	6		3				eonfuaion	1	625	regnal	3	625	regnal	3	627	regnal	3	624
5050	regret	625	6		4				regret	4	626	regret	4	626	regret	4	628	regret	4	625
5051	regulatable	626	6		4				regulatable	4	627	regulatable	4	627	regulatable	4	629	regulatable	4	626
5052	regurgitation	627	6		3				regurgitation	3	628	regtirgitation	1	628	regurgitation	3	630	regurgitation	3	627
5053	reighte	628	6		4				reighte	4	629	reighte	4	629	reighte	4	631	reighte	4	628
5054	rein	629	6		1	tie			relncrease	1	630	rein	1	630	reincrease	1	632	remcrease	1	629
5055	reinstatement	630	6		4				reinstatement	4	631	reinstatement	4	631	reinstatement	4	633	reinstatement	4	630
5056	rejectment	631	6		4				rejectment	4	632	rejectment	4	632	rejectment	4	634	rejectment	4	631
5057	reking	632	6		3				reking	3	633	reking	3	633	I	1	635	reking	3	632
5058	relation	633	6		4				relation	4	634	relation	4	634	relation	4	636	relation	4	633
5059	relative	634	6		4				relative	4	635	relative	4	635	relative	4	637	relative	4	634
5060	relay	635	6		3				An	1	636	relay	3	636	relay	3	638	relay	3	635
5061	relentment	636	6		4				relentment	4	637	relentment	4	637	relentment	4	639	relentment	4	636
5062	relief	637	6		3				reUef	1	638	relief	3	638	relief	3	640	relief	3	637
5063	relieve	638	6		3				relieve	3	639	relieve	3	639	i'	1	641	relieve	3	638
5064	religionism	639	6		3				religiouism	1	640	religionism	3	640	religionism	3	642	religionism	3	639
5065	relish	640	6		4				relish	4	641	relish	4	641	relish	4	643	relish	4	640
5066	rely	641	6		4				rely	4	642	rely	4	642	rely	4	644	rely	4	641
5067	remanence	642	6		4				remanence	4	643	remanence	4	643	remanence	4	645	remanence	4	642
5068	remediless	643	6		4				remediless	4	644	remediless	4	644	remediless	4	646	remediless	4	643
5069	remembrance	644	6		3				remembrance	3	645	remembrance	3	645	remembrance	3	647	remem'brance	1	644
5070	remlnlscentially	645	6		2	weak			remlnlscentlally	1	646	remlniscentially	1	646	remlnlscentially	2	648	remlnlscentially	2	645
5071	remit	646	6		4				remit	4	647	remit	4	647	remit	4	649	remit	4	646
5072	remonstratory	647	6		4				remonstratory	4	648	remonstratory	4	648	remonstratory	4	650	remonstratory	4	647
5073	remount	648	6		4				remount	4	649	remount	4	649	remount	4	651	remount	4	648
5074	remutation	649	6		2	weak			remnUttion	1	650	remutatlon	1	650	remutation	2	652	remutation	2	649
5075	renascence	650	6		4				renascence	4	651	renascence	4	651	renascence	4	653	renascence	4	650
5076	rendering	651	6		3				raadmiax	1	652	rendering	3	652	rendering	3	654	rendering	3	651
5077	renewable	652	6		3				renewable	3	653	renewable	3	653	renewable	3	655	renew	1	652
5078	renounce	653	6		3				the	1	654	renounce	3	654	renounce	3	656	renounce	3	653
5079	rent	654	6		4				rent	4	655	rent	4	655	rent	4	657	rent	4	654
5080	reobtainable	655	6		4				reobtainable	4	656	reobtainable	4	656	reobtainable	4	658	reobtainable	4	655
5081	reparative	656	6		3				reparative	3	657	reparative	3	657	I	1	659	reparative	3	656
5082	repeal	657	6		4				repeal	4	658	repeal	4	658	repeal	4	660	repeal	4	657
5083	repent	658	6		3				repent	3	659	repent	3	659	-0	1	661	repent	3	658
5084	repetition	659	6		4				repetition	4	660	repetition	4	660	repetition	4	662	repetition	4	659
5085	repletion	660	6		4				repletion	4	661	repletion	4	661	repletion	4	663	repletion	4	660
5086	report	661	6		4				report	4	662	report	4	662	report	4	664	report	4	661
5087	repose	662	6		3				repose	3	663	repose	3	663	I	1	665	repose	3	662
5088	reprehensibleness	663	6		3				reprehensiblenaia	1	664	reprehensibleness	3	664	reprehensibleness	3	666	reprehensibleness	3	663
5089	representation	664	6		4				representation	4	665	representation	4	665	representation	4	667	representation	4	664
5090	repressive	665	6		4				repressive	4	666	repressive	4	666	repressive	4	668	repressive	4	665
5091	reproach	666	6		3				reproach	3	667	reproach	3	667	I	1	669	reproach	3	666
5092	reproduction	667	6		3				reprodnction	1	668	reproduction	3	668	reproduction	3	670	reproduction	3	667
5093	reptant	668	6		4				reptant	4	669	reptant	4	669	reptant	4	671	reptant	4	668
5094	republican	669	6		4				republican	4	670	republican	4	670	republican	4	672	republican	4	669
5095	repugnant	670	6		3				repugnant	3	671	repugnant	3	671	repngnant	1	673	repugnant	3	670
5096	repute	671	6		4				repute	4	672	repute	4	672	repute	4	674	repute	4	671
5097	requirer	672	6		2	weak			requirer	2	673	requirer	2	673	reqiiirer	1	675	reqmrer	1	672
5098	reredos	673	6		2	weak			Iw	1	674	reredos	2	674	reredos	2	676	Teredos	1	673
5099	rescue	674	6		3				rescue	3	675	rescue	3	675	rescne	1	677	rescue	3	674
5100	resemble	675	6		4				resemble	4	676	resemble	4	676	resemble	4	678	resemble	4	675
5101	reserve	676	6		4				reserve	4	677	reserve	4	677	reserve	4	679	reserve	4	676
5102	resiance	677	6		3				rr-	1	678	resiance	3	678	resiance	3	680	resiance	3	677
5103	residual	678	6		4				residual	4	679	residual	4	679	residual	4	681	residual	4	678
5104	resilient	679	6		4				resilient	4	680	resilient	4	680	resilient	4	682	resilient	4	679
5105	B	680	6		3				B	3	681	B	3	681	resistance	1	683	B	3	680
5106	resolution	681	6		3				resolntion	1	682	resolution	3	682	resolution	3	684	resolution	3	681
5107	resolvedness	682	6		4				resolvedness	4	683	resolvedness	4	683	resolvedness	4	685	resolvedness	4	682
5108	resort	683	6		4				resort	4	684	resort	4	684	resort	4	686	resort	4	683
5109	respect	684	6		4				respect	4	685	respect	4	685	respect	4	687	respect	4	684
5110	respell	685	6		2	weak			respenet	1	686	respell	2	686	respeil	1	688	respell	2	685
5111	respirometer	686	6		4				respirometer	4	687	respirometer	4	687	respirometer	4	689	respirometer	4	686
5112	response	687	6		4				response	4	688	response	4	688	response	4	690	response	4	687
5113	rest	688	6		4				rest	4	689	rest	4	689	rest	4	691	rest	4	688
5114	restaurant	689	6		3				restaorant	1	690	restaurant	3	690	restaurant	3	692	restaurant	3	689
5115	restitution	690	6		3				Socrates	1	691	restitution	3	691	restitution	3	693	restitution	3	690
5116	restoratively	691	6		2	weak			restoratlvely	1	692	restoratively	2	692	restoratively	2	694	St	1	691
5117	restrict	692	6		4				restrict	4	693	restrict	4	693	restrict	4	695	restrict	4	692
5118	result-fee	693	6		4				result-fee	4	694	result-fee	4	694	result-fee	4	696	result-fee	4	693
5119	resurrectionize	694	6		2	weak			resurrectionlze	1	695	resurrectionize	2	695	resurrectionize	2	697	resxiTrectionize	1	694
5120	retain	695	6		4				retain	4	696	retain	4	696	retain	4	698	retain	4	695
5121	retardative	696	6		4				retardative	4	697	retardative	4	697	retardative	4	699	retardative	4	696
5122	Betiaris	697	6		1	tie			RetiarljB	1	698	Betiaris	1	698	BetiarisB	1	700	Betiarise	1	697
5123	Retifera	698	6		2	tie			Retifera	2	699	Retifera	2	699	Betifera	2	701	Betifera	2	698
5124	retire	699	6		4				retire	4	700	retire	4	700	retire	4	702	retire	4	699
5125	retort	700	6		2	weak			Retort	1	701	Ketort	1	701	retort	2	703	retort	2	700
5126	retractation	701	6		4				retractation	4	702	retractation	4	702	retractation	4	704	retractation	4	701
5127	retreat	702	6		4				retreat	4	703	retreat	4	703	retreat	4	705	retreat	4	702
5128	retrieve	703	6		4				retrieve	4	704	retrieve	4	704	retrieve	4	706	retrieve	4	703
5129	retrograde	704	6		4				retrograde	4	705	retrograde	4	705	retrograde	4	707	retrograde	4	704
5130	retrospective	705	6		3				retrospectlTe	1	706	retrospective	3	706	retrospective	3	708	retrospective	3	705
5131	return	706	6		4				return	4	707	return	4	707	return	4	709	return	4	706
5132	return-tag	707	6		2	weak			point	1	708	Retuse	1	708	return-tag	2	710	return-tag	2	707
5133	revel	708	6		4				revel	4	709	revel	4	709	revel	4	711	revel	4	708
5134	revenge	709	6		3				revenue	1	710	revenge	3	710	revenge	3	712	revenge	3	709
5135	reverberate	710	6		4				reverberate	4	711	reverberate	4	711	reverberate	4	713	reverberate	4	710
5136	reverend	711	6		3				reyerend	1	712	reverend	3	712	reverend	3	714	reverend	3	711
5137	reverse	712	6		4				reverse	4	713	reverse	4	713	reverse	4	715	reverse	4	712
5138	reversion	713	6		3				reTersion	1	714	reversion	3	714	reversion	3	716	reversion	3	713
5139	revestry	714	6		4				revestry	4	715	revestry	4	715	revestry	4	717	revestry	4	714
5140	revilement	715	6		3				revllement	1	716	revilement	3	716	revilement	3	718	revilement	3	715
5141	revival	716	6		4				revival	4	717	revival	4	717	revival	4	719	revival	4	716
5142	revocation	717	6		3				relocation	1	718	revocation	3	718	revocation	3	720	revocation	3	717
5143	revolution	718	6		3				revolution	3	719	revolution	3	719	revolntion	1	721	revolution	3	718
5144	revolver	719	6		4				revolver	4	720	revolver	4	720	revolver	4	722	revolver	4	719
5145	rewood	720	6		4				rewood	4	721	rewood	4	721	rewood	4	723	rewood	4	720
5146	rhabdoid	721	6		4				rhabdoid	4	722	rhabdoid	4	722	rhabdoid	4	724	rhabdoid	4	721
5147	rhampliotlieca	722	6		1	tie			Bhagodia	1	723	rhampliotlieca	1	723	Khagodia	1	725	Shagodia	1	722
5148	rhamphothecal	723	6		2	tie			rbamphothecal	2	724	rhamphothecal	2	724	rhamphothecal	2	726	rbamphothecal	2	723
5149	rhematic	724	6		3				rhematic	3	725	Thematic	1	725	rhematic	3	727	rhematic	3	724
5150	rhetoric	725	6		4				rhetoric	4	726	rhetoric	4	726	rhetoric	4	728	rhetoric	4	725
5151	rheiunic	726	6		1	tie			rhenmic	1	727	rheiunic	1	727	elongated	1	729	rbemnic	1	726
5152	rhinocephalns	727	6		1	tie			rhinocephalos	1	728	rhinocephalns	1	728	rliinocephalns	1	730	rhinocephalas	1	727
5153	Bhinodermatidae	728	6		2	weak			Bhinodermatidae	2	729	Rhinodermatidae	1	729	EhinodermatidaB	1	731	Bhinodermatidae	2	728
5154	Fan-coral	729	6		2	weak			llu-	1	730	Jia-	1	730	Fan-coral	2	732	Fan-coral	2	729
5155	Rhizoflagellata	730	6		2	weak			Rhizoflagellata	2	731	Rhizoflagellata	2	731	Bhizoflagellata	1	733	Bfaizoflagellata	1	730
5156	rhizoristic	731	6		3				rhizoristic	3	732	rhizoristic	3	732	rhizoristic	3	734	rMzoristic	1	731
5157	Rhododendron	732	6		2	tie			Rhododendron	2	733	Rhododendron	2	733	Bhododendron	2	735	Bhododendron	2	732
5158	rhomb	733	6		1	tie				1	734	rhomb	1	734	See	1	736	relation	1	733
5159	Rhopalodinidae	734	6		1	tie			Ehopalodinidae	1	735	Rhopalodinidae	1	735	i	1	737	relative	1	734
5160	Rhynchaea	735	6		2	weak			Rhynchaa	1	736	Rhynchaea	2	736	Rhynchaea	2	738	relay	1	735
5161	Rhynchops	736	6		1	tie			Ehynchops	1	737	Rhynchops	1	737	Bhynchops	1	739	relentment	1	736
5162	rhythm	737	6		4				rhythm	4	738	rhythm	4	738	rhythm	4	740	rhythm	4	737
5163	Rhyzaena	738	6		2	weak			Rhyzaena	2	739	Rhyzaena	2	739	Bhyzsna	1	741	Rhyzsena	1	738
5164	ribald	739	6		4				ribald	4	740	ribald	4	740	ribald	4	742	ribald	4	739
5165	ribbon	740	6		4				ribbon	4	741	ribbon	4	741	ribbon	4	743	ribbon	4	740
5166	ribible	741	6		3				ribibla	1	742	ribible	3	742	ribible	3	744	ribible	3	741
5167	rice-mill	742	6		4				rice-mill	4	743	rice-mill	4	743	rice-mill	4	745	rice-mill	4	742
5168	rich	743	6		3				rich	3	744	rich	3	744	ricli	1	746	rich	3	743
5169	Ricinus	744	6		2	weak			Hicinus	1	745	Ricinus	2	745	Ricinns	1	747	Ricinus	2	744
5170	riddance	745	6		4				riddance	4	746	riddance	4	746	riddance	4	748	riddance	4	745
5171	ride	746	6		4				ride	4	747	ride	4	747	ride	4	749	ride	4	746
5172	rider	747	6		4				rider	4	748	rider	4	748	rider	4	750	rider	4	747
5173	ridicule	748	6		3				ridicule	3	749	ridicule	3	749	I	1	751	ridicule	3	748
5174	rifacimento	749	6		3				rlfacimento	1	750	rifacimento	3	750	rifacimento	3	752	rifacimento	3	749
5175	rifle	750	6		4				rifle	4	751	rifle	4	751	rifle	4	753	rifle	4	750
5176	rifle	751	6		4				rifle	4	752	rifle	4	752	rifle	4	754	rifle	4	751
5177	rig	752	6		2	weak			rig	2	753	rig	2	753	i	1	755	ng	1	752
5178	right	753	6		3				right	3	754	right	3	754	riglit	1	756	right	3	753
5179	right	754	6		3				right	3	755	right	3	755	right	3	757	rlgbt	1	754
5180	righteousness	755	6		2	weak			r	1	756	righteousness	2	756	righteonsness	1	758	righteousness	2	755
5181	rigid	756	6		4				rigid	4	757	rigid	4	757	rigid	4	759	rigid	4	756
5182	rig-out	757	6		4				rig-out	4	758	rig-out	4	758	rig-out	4	760	rig-out	4	757
5183	rime	758	6		3				rime	3	759	rime	3	759	rime	3	761	To	1	758
5184	rin	759	6		2	weak			rin	2	760	tin	1	760	rin	2	762	the	1	759
5185	nng	760	6		2	tie			nng	2	761	nng	2	761	ring	2	763	ring	2	760
5186	ring	761	6		2	weak			I	1	762	nng	1	762	ring	2	764	ring	2	761
5187	ringed-arm	762	6		1	tie			mil	1	763	ringed-arm	1	763	One	1	765	rlnged-arm	1	762
5188	ring-parrot	763	6		3				ring-parrot	3	764	ring-parrot	3	764	ring-parrot	3	766	ring-paxrot	1	763
5189	rinsing	764	6		3				rinsing	3	765	rinsing	3	765	r	1	767	rinsing	3	764
5190	np	765	6		3				np	3	766	np	3	766	rip	1	768	np	3	765
5191	ripen	766	6		3				ripen	3	767	npen	1	767	ripen	3	769	ripen	3	766
5192	ript	767	6		4				ript	4	768	ript	4	768	ript	4	770	ript	4	767
5193	rise	768	6		3				rise	3	769	rise	3	769	rise	3	771	nse	1	768
5194	rising-lark	769	6		4				rising-lark	4	770	rising-lark	4	770	rising-lark	4	772	rising-lark	4	769
5195	rither	770	6		4				rither	4	771	rither	4	771	rither	4	773	rither	4	770
5196	nvaye	771	6		3				nvaye	3	772	nvaye	3	772	rivaye	1	774	nvaye	3	771
5197	river-crab	772	6		4				river-crab	4	773	river-crab	4	773	river-crab	4	775	river-crab	4	772
5198	riveting-bur	773	6		4				riveting-bur	4	774	riveting-bur	4	774	riveting-bur	4	776	riveting-bur	4	773
5199	roach	774	6		4				roach	4	775	roach	4	775	roach	4	777	roach	4	774
5200	roadstead	775	6		4				roadstead	4	776	roadstead	4	776	roadstead	4	778	roadstead	4	775
5201	roaring	776	6		3				roaring	3	777	roaring	3	777	roaring	3	779	roanng	1	776
5202	rob	777	6		4				rob	4	778	rob	4	778	rob	4	780	rob	4	777
5203	robin	778	6		4				robin	4	779	robin	4	779	robin	4	781	robin	4	778
5204	Robulina	779	6		1	tie			Eob	1	780	Robulina	1	780	Bobulina	1	782	Kobulina	1	779
5205	rock	780	6		4				rock	4	781	rock	4	781	rock	4	783	rock	4	780
5206	rock-bound	781	6		4				rock-bound	4	782	rock-bound	4	782	rock-bound	4	784	rock-bound	4	781
5207	rocket	782	6		4				rocket	4	783	rocket	4	783	rocket	4	785	rocket	4	782
5208	rock-manikin	783	6		2	weak			rock	1	784	Tock-manikin	1	784	rock-manikin	2	786	rock-manikin	2	783
5209	rockwork	784	6		4				rockwork	4	785	rockwork	4	785	rockwork	4	787	rockwork	4	784
5210	rod	785	6		3				raU	1	786	rod	3	786	rod	3	788	rod	3	785
5211	rody	786	6		4				rody	4	787	rody	4	787	rody	4	789	rody	4	786
5212	rogue	787	6		3				lu	1	788	rogue	3	788	rogue	3	790	rogue	3	787
5213	rokke	788	6		3				rokke	3	789	rokke	3	789	I	1	791	rokke	3	788
5214	Bookbinders'	789	6		2	weak			roil	1	790	roll	1	790	Bookbinders'	2	792	Bookbinders'	2	789
5215	roller-flag	790	6		4				roller-flag	4	791	roller-flag	4	791	roller-flag	4	793	roller-flag	4	790
5216	Bollulus	791	6		2	weak			BoUalos	1	792	Bollulus	2	792	Bollulus	2	794	BoUulos	1	791
5217	Roman	792	6		2	weak			Roman	2	793	Koman	1	793	r	1	795	Roman	2	792
5218	Romance	793	6		2	weak			Romance	2	794	Romanee	1	794	Oonti	1	796	Romance	2	793
5219	romantic	794	6		4				romantic	4	795	romantic	4	795	romantic	4	797	romantic	4	794
5220	ronde	795	6		3				ronde	3	796	ronde	3	796	ronde	3	798	xonde	1	795
5221	roodebok	796	6		4				roodebok	4	797	roodebok	4	797	roodebok	4	799	roodebok	4	796
5222	roof-guard	797	6		3				roof-Kiurd	1	798	roof-guard	3	798	roof-guard	3	800	roof-guard	3	797
5223	room	798	6		4				room	4	799	room	4	799	room	4	801	room	4	798
5224	roost	799	6		4				roost	4	800	roost	4	800	roost	4	802	roost	4	799
5225	root	800	6		4				root	4	801	root	4	801	root	4	803	root	4	800
5226	root-louse	801	6		4				root-louse	4	802	root-louse	4	802	root-louse	4	804	root-louse	4	801
5227	rope-dancing	802	6		2	weak			rope-dancing	2	803	rope-dancing	2	803	rope	1	805	la	1	802
5228	Eoridula	803	6		1	tie			RorldnU	1	804	Eoridula	1	804	Boridula	1	806	Roridula	1	803
5229	rosary	804	6		4				rosary	4	805	rosary	4	805	rosary	4	807	rosary	4	804
5230	rose	805	6		3				rose-	1	806	rose	3	806	rose	3	808	rose	3	805
5231	rose-burner	806	6		2	weak			Also	1	807	rose-burner	2	807	rose-burner	2	809	rose-biirner	1	806
5232	rosen	807	6		3				roeen	1	808	rosen	3	808	rosen	3	810	rosen	3	807
5233	rose-window	808	6		3				rose-window	3	809	rose-window	3	809	rose-	1	811	rose-window	3	808
5234	roBolio	809	6		2	weak			It	1	810	roBolio	2	810	rosolio	1	812	roBolio	2	809
5235	rostrulate	810	6		3				rostrulate	3	811	I	1	811	rostrulate	3	813	rostrulate	3	810
5236	rota	811	6		3				roU	1	812	rota	3	812	rota	3	814	rota	3	811
5237	rotation	812	6		3				The	1	813	rotation	3	813	rotation	3	815	rotation	3	812
5238	rote	813	6		4				rote	4	814	rote	4	814	rote	4	816	rote	4	813
5239	rot-steep	814	6		3				rot-steep	3	815	rot-steep	3	815	rot-steep	3	817	haying	1	814
5240	Houen	815	6		1	tie			Ronen	1	816	Houen	1	816	Bouen	1	818	Rouen	1	815
5241	rough	816	6		2	weak			rough	2	817	I	1	817	rough	2	819	rongh	1	816
5242	rough-stnff	817	6		2	weak			roiijjli	1	818	rough-stnff	2	818	rough-stuff	1	820	rough-stnff	2	817
5243	round	818	6		4				round	4	819	round	4	819	round	4	821	round	4	818
5244	round	819	6		2	weak			ronnd	1	820	round	2	820	roxmd	1	822	round	2	819
5245	Per	820	6		2	weak			round-backed	1	821	Per	2	821	ire	1	823	Per	2	820
5246	roundly	821	6		4				roundly	4	822	roundly	4	822	roundly	4	824	roundly	4	821
5247	rouse	822	6		3				rouse	3	823	rouse	3	823	ronae	1	825	rouse	3	822
5248	rout	823	6		2	weak			To	1	824	ront	1	824	rout	2	826	rout	2	823
5249	larva	824	6		1	tie			Rove-beetles	1	825	larva	1	825	Rove-beetles-	1	827	rove	1	824
5250	More	825	6		3				Utl-	1	826	More	3	826	More	3	828	More	3	825
5251	Roxburghiacese	826	6		1	tie			Rozburgliiaces	1	827	Roxburghiacese	1	827	Rozburghiaceae	1	829	Kozbnrghiacea	1	826
5252	royalty	827	6		4				royalty	4	828	royalty	4	828	royalty	4	830	royalty	4	827
5253	rubadub	828	6		4				rubadub	4	829	rubadub	4	829	rubadub	4	831	rubadub	4	828
5254	rubble	829	6		3				rubble	3	830	rubble	3	830	nibble	1	832	rubble	3	829
5255	rubific	830	6		4				rubific	4	831	rubific	4	831	rubific	4	833	rubific	4	830
5256	riibsen-cake	831	6		2	weak			Eu	1	832	riibsen-cake	2	832	riibsen-cake	2	834	rlibsen-cake	1	831
5257	ruck	832	6		1	tie			nick	1	833	ruck	1	833	rack	1	835	mck	1	832
5258	ruddle	833	6		2	weak			rnddle	1	834	raddle	1	834	ruddle	2	836	ruddle	2	833
5259	rudeness	834	6		4				rudeness	4	835	rudeness	4	835	rudeness	4	837	rudeness	4	834
5260	and	835	6		1	tie			To	1	836	and	1	836	me	1	838	nie	1	835
5261	ruff	836	6		1	tie			ruflf	1	837	ruff	1	837	rnff	1	839	niflf	1	836
5262	ruffle	837	6		4				ruffle	4	838	ruffle	4	838	ruffle	4	840	ruffle	4	837
5263	rugged	838	6		3				rugged	3	839	rugged	3	839	nigged	1	841	rugged	3	838
5264	mm	839	6		1	tie			mia	1	840	mm	1	840	ruin	1	842	nun	1	839
5265	rule	840	6		3				rule	3	841	rule	3	841	rale	1	843	rule	3	840
5266	ruler	841	6		3				ruler	3	842	ruler	3	842	mler	1	844	ruler	3	841
5267	rumbooze	842	6		2	weak			mmbooze	1	843	rumbooze	2	843	TTunbooze	1	845	rumbooze	2	842
5268	ruminative	843	6		2	weak			rominative	1	844	ruminative	2	844	ruminative	2	846	mminative	1	843
5269	rumple	844	6		4				rumple	4	845	rumple	4	845	rumple	4	847	rumple	4	844
5270	run	845	6		2	weak			ran	1	846	run	2	846	run	2	848	rtin	1	845
5271	run	846	6		4				run	4	847	run	4	847	run	4	849	run	4	846
5272	nm	847	6		2	weak				1	848	nm	2	848	nm	2	850	run	1	847
5273	Runcinate	848	6		1	tie			Kuncinate	1	849	Runcinate	1	849	R	1	851	runcation	1	848
5274	runn	849	6		1	tie			ninn	1	850	runn	1	850	nmui	1	852	ruim	1	849
5275	running	850	6		3				running	3	851	running	3	851	nmning	1	853	running	3	850
5276	Rupicolinas	851	6		1	tie			Rapicolina	1	852	Rupicolinas	1	852	Kuplcolinse	1	854	Rupicolins	1	851
5277	Ruscus	852	6		2	weak			Ruscus	2	853	Ruscus	2	853	Bnscos	1	855	Buscus	1	852
5278	rusine	853	6		1	tie			rnihiT	1	854	rusine	1	854	mshed	1	856	rushed	1	853
5279	russeting	854	6		2	weak			russeting	2	855	russeting	2	855	rasseting	1	857	nisseting	1	854
5280	rust	855	6		3				rnst	1	856	rust	3	856	rust	3	858	rust	3	855
5281	rusticola	856	6		4				rusticola	4	857	rusticola	4	857	rusticola	4	859	rusticola	4	856
5282	nisure	857	6		1	tie			rusure	1	858	nisure	1	858	rusTue	1	860	rusnre	1	857
5283	ruthless	858	6		4				ruthless	4	859	ruthless	4	859	ruthless	4	861	ruthless	4	858
5284	rye-grass	859	6		3				rys-fraM	1	860	rye-grass	3	860	rye-grass	3	862	rye-grass	3	859
5285	The	860	6		3				J	1	861	The	3	861	The	3	863	The	3	860
5286	Sabbatarianism	861	6		3				Sabbatariaaism	1	862	Sabbatarianism	3	862	Sabbatarianism	3	864	Sabbatarianism	3	861
5287	Sabbatism	862	6		3				Vrollcl-	1	863	Sabbatism	3	863	Sabbatism	3	865	Sabbatism	3	862
5288	Sabine	863	6		4				Sabine	4	864	Sabine	4	864	Sabine	4	866	Sabine	4	863
5289	sacatra	864	6		3				sacatra	3	865	sacatra	3	865	of	1	867	sacatra	3	864
5290	saccharum	865	6		2	weak			ncchanun	1	866	saccharum	2	866	sacchartim	1	868	saccharum	2	865
5291	saccus	866	6		3				saccus	3	867	saccus	3	867	saccns	1	869	saccus	3	866
5292	sack	867	6		3				SMk	1	868	sack	3	868	sack	3	870	sack	3	867
5293	sacra	868	6		4				sacra	4	869	sacra	4	869	sacra	4	871	sacra	4	868
5294	sacre	869	6		3				OSli	1	870	sacre	3	870	sacre	3	872	sacre	3	869
5295	sacrilege	870	6		3				sacrilege	3	871	I	1	871	sacrilege	3	873	sacrilege	3	870
5296	sacrum	871	6		2	weak			sacnun	1	872	sacmm	1	872	sacrum	2	874	sacrum	2	871
5297	saddle	872	6		4				saddle	4	873	saddle	4	873	saddle	4	875	saddle	4	872
5298	saddle-nosed	873	6		3				IlarinK	1	874	saddle-nosed	3	874	saddle-nosed	3	876	saddle-nosed	3	873
5299	sadness	874	6		3				M	1	875	sadness	3	875	sadness	3	877	sadness	3	874
5300	safeguard	875	6		2	weak			Uc	1	876	safeguard	2	876	safegnard	1	878	safeguard	2	875
5301	safety-stop	876	6		3				safety-stop	3	877	safety-stop	3	877	safety-stop	3	879	safsty-stop	1	876
5302	sag	877	6		3				IK	1	878	sag	3	878	sag	3	880	sag	3	877
5303	sage-brush	878	6		3				sage-brush	3	879	sage-brush	3	879	sage-brash	1	881	sage-brush	3	878
5304	sagittal	879	6		3				sadtui	1	880	sagittal	3	880	sagittal	3	882	sagittal	3	879
5305	saguin	880	6		2	weak			saguin	2	881	saguin	2	881	saicnin	1	883	sagnin	1	880
5306	sail	881	6		3				Ban	1	882	sail	3	882	sail	3	884	sail	3	881
5307	sain	882	6		3				sain	3	883	sam	1	883	sain	3	885	sain	3	882
5308	saint	883	6		4				saint	4	884	saint	4	884	saint	4	886	saint	4	883
5309	sake	884	6		4				sake	4	885	sake	4	885	sake	4	887	sake	4	884
5310	salamander	885	6		3				salamAnder	1	886	salamander	3	886	salamander	3	888	salamander	3	885
5311	sale	886	6		4				sale	4	887	sale	4	887	sale	4	889	sale	4	886
5312	salicylic	887	6		2	weak			nalicylic	1	888	salicylic	2	888	I	1	890	salicylic	2	887
5313	salivant	888	6		2	weak			sallvant	1	889	salivant	2	889	sallyant	1	891	salivant	2	888
5314	sally	889	6		3				-0	1	890	sally	3	890	sally	3	892	sally	3	889
5315	salmon	890	6		4				salmon	4	891	salmon	4	891	salmon	4	893	salmon	4	890
5316	Salopian	891	6		3				Salopian	3	892	Salopian	3	892	Salopian	3	894	saxopian	1	891
5317		892	6		4					4	893		4	893		4	895		4	892
5318		893	6		4					4	894		4	894		4	896		4	893
5319		894	6		4					4	895		4	895		4	897		4	894
5320		895	6		4					4	896		4	896		4	898		4	895
5321		896	6		4					4	897		4	897		4	899		4	896
5322		897	6		4					4	898		4	898		4	900		4	897
5323		898	6		4					4	899		4	899		4	901		4	898
5324		899	6		3					3	900		3	900		3	902	fir	1	899
5325	uioi		6		1										uioi	1	903			
5326			6		1											1	904			