page	entries	image	volume	fix	frequency	check	books	accuracy	centurydictionar11whit_djvu.csv	frequency	image	centurydictionar11whituoft_djvu.csv	frequency	image	cu31924091890685_djvu.csv	frequency	image
1	THE	18	11		1	tie	centurydictionar11whit_djvu.csv	1835	TH	1	21	THF	1	21	THE	1	18
2	aberrate	19	11		3		centurydictionar11whituoft_djvu.csv	1832	aberrate	3	22	aberrate	3	22	aberrate	3	19
3	absarokite	20	11		2		cu31924091890685_djvu.csv	1837	HP	1	23	absarokite	2	23	absarokite	2	20
4	Acadian	21	11		3		cu31924091890685_djvu.csv	top accuracy	Acadian	3	24	Acadian	3	24	Acadian	3	21
5	acarlne	22	11		1	tie	cu31924091890685_djvu.csv	best images	I	1	25	acarine	1	25	acarlne	1	22
6	accordion	23	11		3				accordion	3	26	accordion	3	26	accordion	3	23
7	acetenyl	24	11		2				i	1	27	acetenyl	2	27	acetenyl	2	24
8	achromatic	25	11		3				achromatic	3	28	achromatic	3	28	achromatic	3	25
9	aclythrophytum	26	11		2				I	1	29	aclythrophytum	2	29	aclythrophytum	2	26
10	Having	27	11		2				Having	2	30	acrocora-	1	30	Having	2	27
11	act	28	11		3				act	3	31	act	3	31	act	3	28
12	actinometer	29	11		3				actinometer	3	32	actinometer	3	32	actinometer	3	29
13	aiCtivlty	30	11		1	tie			I	1	33	activity	1	33	aiCtivlty	1	30
14	adding-machine	31	11		2				adding	1	34	adding-machine	2	34	adding-machine	2	31
15	adbeat	32	11		1	tie			II	1	35	adheat	1	35	adbeat	1	32
16	adjustment	33	11		3				adjustment	3	36	adjustment	3	36	adjustment	3	33
17	advance	34	11		3				advance	3	37	advance	3	37	advance	3	34
18	aerate	35	11		3				aerate	3	38	aerate	3	38	aerate	3	35
19	aetiatic	36	11		2				A	1	39	aetiatic	2	39	aetiatic	2	36
20	after-impression	37	11		3				after-impression	3	40	after-impression	3	40	after-impression	3	37
21	age-fraternity	38	11		3				age-fraternity	3	41	age-fraternity	3	41	age-fraternity	3	38
22	aghastness	39	11		3				aghastness	3	42	aghastness	3	42	aghastness	3	39
23	agricultural	40	11		3				agricultural	3	43	agricultural	3	43	agricultural	3	40
24	ailantery	41	11		3				ailantery	3	44	ailantery	3	44	ailantery	3	41
25	air-brake	42	11		2				i	1	45	air-brake	2	45	air-brake	2	42
26	Geissler's	43	11		2				Geissler's	2	46	Geissler's	2	46	air-pump	1	43
27	akasha	44	11		3				akasha	3	47	akasha	3	47	akasha	3	44
28	albirupean	45	11		3				albirupean	3	48	albirupean	3	48	albirupean	3	45
29	albumosuria	46	11		2				f	1	49	albumosuria	2	49	albumosuria	2	46
30	alethorama	47	11		3				alethorama	3	50	alethorama	3	50	alethorama	3	47
31	Algonkian	48	11		3				Algonkian	3	51	Algonkian	3	51	Algonkian	3	48
32	alkalic	49	11		3				alkalic	3	52	alkalic	3	52	alkalic	3	49
33	allelomorph	50	11		3				allelomorph	3	53	allelomorph	3	53	allelomorph	3	50
34	allopsychic	51	11		2				allopsychic	2	54	allopsychic	2	54	allopsycliic	1	51
35	alogtic	52	11		2				aloetic	1	55	alogtic	2	55	alogtic	2	52
36	alsike	53	11		3				alsike	3	56	alsike	3	56	alsike	3	53
37	alum-caEe	54	11		1	tie			alum-case	1	57	alum-cake	1	57	alum-caEe	1	54
38	Amanita	55	11		3				Amanita	3	58	Amanita	3	58	Amanita	3	55
39	amboceptor	56	11		3				amboceptor	3	59	amboceptor	3	59	amboceptor	3	56
40	Amerindian	57	11		2				Amerindian	2	60	Amerindian	2	60	To	1	57
41	ammonia	58	11		3				ammonia	3	61	ammonia	3	61	ammonia	3	58
42	amcebocyte	59	11		1	tie			amoebocyte	1	62	amoebocjrte	1	62	amcebocyte	1	59
43	amphictyonian	60	11		3				amphictyonian	3	63	amphictyonian	3	63	amphictyonian	3	60
44	Same	61	11		1	tie			Paiiatheiiaic	1	64	Panalhenaic	1	64	Same	1	61
45	amylotype	62	11		3				amylotype	3	65	amylotype	3	65	amylotype	3	62
46	analphabetic	63	11		3				analphabetic	3	66	analphabetic	3	66	analphabetic	3	63
47	anaphylembryonic	64	11		3				anaphylembryonic	3	67	anaphylembryonic	3	67	anaphylembryonic	3	64
48	anchor	65	11		3				anchor	3	68	anchor	3	68	anchor	3	65
49	andrology	66	11		3				andrology	3	69	andrology	3	69	andrology	3	66
50	angel	67	11		3				angel	3	70	angel	3	70	angel	3	67
51	angle	68	11		3				angle	3	71	angle	3	71	angle	3	68
52	angulare	69	11		3				angulare	3	72	angulare	3	72	angulare	3	69
53	anisoline	70	11		2				anisoline	2	73	anisoHne	1	73	anisoline	2	70
54	annulus	71	11		2				annulus	2	74	annnlos	1	74	annulus	2	71
55	anounou	72	11		3				anounou	3	75	anounou	3	75	anounou	3	72
56	anthem	73	11		3				anthem	3	76	anthem	3	76	anthem	3	73
57	anthrapurpurin	74	11		2				I	1	77	anthrapurpurin	2	77	anthrapurpurin	2	74
58	Antiarcha	75	11		2				Antiarcha	2	78	Antdarcha	1	78	Antiarcha	2	75
59	antiheterolysin	76	11		3				antiheterolysin	3	79	antiheterolysin	3	79	antiheterolysin	3	76
60	antipolo	77	11		2				antipolo	2	80	antipolo	2	80	antipole	1	77
61	antitoxic	78	11		3				antitoxic	3	81	antitoxic	3	81	antitoxic	3	78
62	apasote	79	11		3				apasote	3	82	apasote	3	82	apasote	3	79
63	aphorizer	80	11		2				aphorizer	2	83	aphorizer	2	83	apnorizer	1	80
64	aplasmic	81	11		2				i	1	84	aplasmic	2	84	aplasmic	2	81
65	Aponogetonaceae	82	11		2				I	1	85	Aponogetonaceae	2	85	Aponogetonaceae	2	82
66	apparaxus	83	11		3				apparaxus	3	86	apparaxus	3	86	apparaxus	3	83
67	apple	84	11		3				apple	3	87	apple	3	87	apple	3	84
68	apron	85	11		3				apron	3	92	apron	3	88	apron	3	85
69	Arabianize	86	11		2				Arabianize	2	93	Arabianize	2	89	Axabianize	1	86
70	arborolater	87	11		2				arborolater	2	94	axborolater	1	90	arborolater	2	87
71	atcbseopsycmsm	88	11		1	tie			archseopsychism	1	95	t	1	91	atcbseopsycmsm	1	88
72	archigonous	89	11		3				archigonous	3	96	archigonous	3	92	archigonous	3	89
73	arcocentrous	90	11		3				arcocentrous	3	97	arcocentrous	3	93	arcocentrous	3	90
74	arecalne	91	11		2				arecalne	2	98	arecalne	2	94	arecaine	1	91
75	Arietidse	92	11		2				Arietidae	1	99	Arietidse	2	95	Arietidse	2	92
76	armeniaceous	93	11		2				armeniaceous	2	100	armeniaceous	2	96	armenlaceous	1	93
77	anogater	94	11		1	tie			arrogater	1	101	b	1	97	anogater	1	94
78	arthemis	95	11		3				arthemis	3	102	arthemis	3	98	arthemis	3	95
79	artlike	96	11		3				artlike	3	103	artlike	3	99	artlike	3	96
80	Ascitan	97	11		3				Ascitan	3	104	Ascitan	3	100	Ascitan	3	97
81	asherah	98	11		3				asherah	3	105	asherah	3	101	asherah	3	98
82	asperite	99	11		2				In	1	106	asperite	2	102	asperite	2	99
83	assay-office	100	11		3				assay-office	3	107	assay-office	3	103	assay-office	3	100
84	association	101	11		3				association	3	108	association	3	104	association	3	101
85	asterium	102	11		3				asterium	3	109	asterium	3	105	asterium	3	102
86	Astrocrinidae	103	11		2				Astrocrinidae	2	110	Astrocrinidae	2	106	Astrocrinidse	1	103
87	ataxite	104	11		2				i	1	111	ataxite	2	107	ataxite	2	104
88	n	105	11		1	tie			atmidometer	1	112	The	1	108	n	1	105
89	a	106	11		3				a	3	113	a	3	109	a	3	106
90	attraction	107	11		3				attraction	3	114	attraction	3	110	attraction	3	107
91	augitophyre	108	11		3				augitophyre	3	115	augitophyre	3	111	augitophyre	3	108
92	aurification	109	11		2				aurification	2	116	aurification	2	112	aurificatioii	1	109
93	author-catalogue	110	11		3				author-catalogue	3	117	author-catalogue	3	113	author-catalogue	3	110
94	autodifferentiation	111	11		2				autodifferentiation	2	118	autodifferentiation	2	114	antodifferentiation	1	111
95	autolysis	112	11		3				autolysis	3	119	autolysis	3	115	autolysis	3	112
96	automorphic	113	11		3				automorphic	3	120	automorphic	3	116	automorphic	3	113
97	autotoxication	114	11		3				autotoxication	3	121	autotoxication	3	117	autotoxication	3	114
98	avenolith	115	11		3				avenolith	3	122	avenolith	3	118	avenolith	3	115
99	axial	116	11		3				axial	3	123	axial	3	119	axial	3	116
100	azafran	117	11		3				azafran	3	124	azafran	3	120	azafran	3	117
101	The	118	11		2				Tlip	1	125	The	2	121	The	2	118
102	bacillus	119	11		3				bacillus	3	126	bacillus	3	122	bacillus	3	119
103	backfire	120	11		2				backfire	2	127	backfire	2	123	bactericide	1	120
104	bacteriemia	121	11		3				bacteriemia	3	128	bacteriemia	3	124	bacteriemia	3	121
105	baff	122	11		3				baff	3	129	baff	3	125	baff	3	122
106	Jolly's	123	11		2				Jolly's	2	132	balance	1	126	Jolly's	2	123
107	balk-lining	124	11		3				balk-lining	3	133	balk-lining	3	127	balk-lining	3	124
108	balloonine	125	11		1	tie			balloonme	1	134	balloomne	1	128	balloonine	1	125
109	banatite	126	11		3				banatite	3	135	banatite	3	129	banatite	3	126
110	banket	127	11		3				banket	3	136	banket	3	130	banket	3	127
111	barbarocracy	128	11		2				barbarocracy	2	137	barbarocracy	2	131	baroarocracy	1	128
112	bark-beetle	129	11		3				bark-beetle	3	138	bark-beetle	3	132	bark-beetle	3	129
113	barothermograph	130	11		2				barothermograph	2	139	I	1	133	barothermograph	2	130
114	bartholinitis	131	11		3				bartholinitis	3	140	bartholinitis	3	134	bartholinitis	3	131
115	basic	132	11		3				basic	3	141	basic	3	135	basic	3	132
116	matters	133	11		1	tie			a	1	142	basket-meeting	1	136	matters	1	133
117	Koch's	134	11		3				Koch's	3	143	Koch's	3	137	Koch's	3	134
118	Batis	135	11		2				Batis	2	144	Batds	1	138	Batis	2	135
119	Dattenng-ram	136	11		1	tie			I	1	145	battering-ram	1	139	Dattenng-ram	1	136
120	Bayogo	137	11		2				bayan	1	146	Bayogo	2	140	Bayogo	2	137
121	beam	138	11		3				beam	3	147	beam	3	141	beam	3	138
122	bear-clover	139	11		3				bear-clover	3	148	bear-clover	3	142	bear-clover	3	139
123	beclaw	140	11		3				beclaw	3	149	beclaw	3	143	beclaw	3	140
124	bed	141	11		3				bed	3	150	bed	3	144	bed	3	141
125	bee-plant	142	11		3				bee-plant	3	151	bee-plant	3	145	bee-plant	3	142
126	bejuco	143	11		3				bejuco	3	152	bejuco	3	146	bejuco	3	143
127	belly-bar	144	11		3				belly-bar	3	153	belly-bar	3	147	belly-bar	3	144
128	bending-rolls	145	11		3				bending-rolls	3	154	bending-rolls	3	148	bending-rolls	3	145
129	benzidam	146	11		3				benzidam	3	155	benzidam	3	149	benzidam	3	146
130	berlinet	147	11		3				berlinet	3	156	berlinet	3	150	berlinet	3	147
131	bethphany	148	11		3				bethphany	3	157	bethphany	3	151	bethphany	3	148
132	bibliophilus	149	11		3				bibliophilus	3	158	bibliophilus	3	152	bibliophilus	3	149
133	bi-impressed	150	11		3				bi-impressed	3	159	bi-impressed	3	153	bi-impressed	3	150
134	Bilocnlina	151	11		2				Bilocalina	1	160	Bilocnlina	2	154	Bilocnlina	2	151
135	biocrystal	152	11		3				biocrystal	3	161	biocrystal	3	155	biocrystal	3	152
136	biophore	153	11		3				biophore	3	162	biophore	3	156	biophore	3	153
137	bird-pox	154	11		3				bird-pox	3	163	bird-pox	3	157	bird-pox	3	154
138	bisque	155	11		2				bisque	2	164	bisque	2	158	bisQue	1	155
139	bivariant	156	11		3				bivariant	3	165	bivariant	3	159	bivariant	3	156
140	blackberry	157	11		3				blackberry	3	166	blackberry	3	160	blackberry	3	157
141	blanching-machine	158	11		1	tie			blatjang	1	167	blanching-macMne	1	161	blanching-machine	1	158
142	Blatti	159	11		3				Blatti	3	168	Blatti	3	162	Blatti	3	159
143	blepharoclisis	160	11		2				blepharoclisis	2	169	blepharoclisis	2	163	Diepucirocusis	1	160
144	bloat-clover	161	11		3				bloat-clover	3	170	bloat-clover	3	164	bloat-clover	3	161
145	blood	162	11		3				blood	3	171	blood	3	165	blood	3	162
146	blow-hole	163	11		2				lif	1	172	blow-hole	2	166	blow-hole	2	163
147	blue	164	11		3				blue	3	173	blue	3	167	blue	3	164
148	Combustion	165	11		2				board-measure	1	174	Combustion	2	168	Combustion	2	165
149	body-brace	166	11		3				body-brace	3	175	body-brace	3	169	body-brace	3	166
150	bolero	167	11		3				bolero	3	176	bolero	3	170	bolero	3	167
151	bond	168	11		3				bond	3	177	bond	3	171	bond	3	168
152	book-stamp	169	11		3				book-stamp	3	178	book-stamp	3	172	book-stamp	3	169
153	borer	170	11		2				I	1	179	borer	2	173	borer	2	170
154	boroughmongery	171	11		1	tie			botryomycosis	1	180	borougkmongery	1	174	boroughmongery	1	171
155	Mariotte's	172	11		1	tie			f	1	181	A	1	175	Mariotte's	1	172
156	bougie-meter	173	11		3				bougie-meter	3	182	bougie-meter	3	176	bougie-meter	3	173
157	bowyer	174	11		3				bowyer	3	183	bowyer	3	177	bowyer	3	174
158	brace	175	11		3				brace	3	184	brace	3	178	brace	3	175
159	brachypentagonoides	176	11		3				brachypentagonoides	3	185	brachypentagonoides	3	179	brachypentagonoides	3	176
160	braille	177	11		3				braille	3	188	braille	3	180	braille	3	177
161	Branchiostomatidae	178	11		2				Branchiostomatidae	2	189	Branchiostomatidae	2	181	Branchiostomatidse	1	178
162	braza	179	11		3				braza	3	190	braza	3	182	braza	3	179
163	breaking-harness	180	11		3				breaking-harness	3	191	breaking-harness	3	183	breaking-harness	3	180
164	bretas	181	11		3				bretas	3	192	bretas	3	184	bretas	3	181
165	bridge	182	11		3				bridge	3	193	bridge	3	185	bridge	3	182
166	brilliantine	183	11		3				brilliantine	3	194	brilliantine	3	186	brilliantine	3	183
167	broken-knees	184	11		3				broken-knees	3	195	broken-knees	3	187	broken-knees	3	184
168	bronze	185	11		3				bronze	3	196	bronze	3	188	bronze	3	185
169	brown	186	11		3				brown	3	197	brown	3	189	brown	3	186
170	brush-wire	187	11		3				brush-wire	3	198	brush-wire	3	190	brush-wire	3	187
171	buck	188	11		3				buck	3	199	buck	3	191	buck	3	188
172	buckwheater	189	11		3				buckwheater	3	200	buckwheater	3	192	buckwheater	3	189
173	bug	190	11		2				bug	2	201	the	1	193	bug	2	190
174	bulkhead	191	11		3				bulkhead	3	202	bulkhead	3	194	bulkhead	3	191
175	bulrush	192	11		3				bulrush	3	203	bulrush	3	195	bulrush	3	192
176	bunyip	193	11		3				bunyip	3	204	bunyip	3	196	bunyip	3	193
177	burking	194	11		3				burking	3	205	burking	3	197	burking	3	194
178	bur-rubber	195	11		2				bur-rubber	2	206	bur-rubber	2	198	bur-mbber	1	195
179	Bussira	196	11		2				Bussira	2	207	Eassira	1	199	Bussira	2	196
180	butterfly-conch	197	11		3				butterfly-conch	3	208	butterfly-conch	3	200	butterfly-conch	3	197
181	butyro-refractometer	198	11		3				butyro-refractometer	3	209	butyro-refractometer	3	201	butyro-refractometer	3	198
182	The	199	11		3				The	3	210	The	3	202	The	3	199
183	cable-buoy	200	11		2				cable-buoy	2	211	cacodemonic	1	203	cable-buoy	2	200
184	cacodemonomania	201	11		3				cacodemonomania	3	212	cacodemonomania	3	204	cacodemonomania	3	201
185	Caeoma	202	11		2				Caeoma	2	213	Caeoma	2	205	Cseoma	1	202
186	Calamaxiacese	203	11		1	tie			Calamariaceae	1	214	CalamaxiaceaB	1	206	Calamaxiacese	1	203
187	calciphyre	204	11		2				calciphyro	1	215	calciphyre	2	207	calciphyre	2	204
188	calends	205	11		3				calends	3	216	calends	3	208	calends	3	205
189	calligrapli	206	11		1	tie			calligraph	1	217	calligTaph	1	209	calligrapli	1	206
190	ik	207	11		1	tie			Berthelot	1	218	li	1	210	ik	1	207
191	Calyconectae	208	11		2				Calyconectae	2	219	Calyconectae	2	211	Calyconectse	1	208
192	camomile-oil	209	11		3				camomile-oil	3	220	camomile-oil	3	212	camomile-oil	3	209
193	camp-shed	210	11		3				camp-shed	3	221	camp-shed	3	213	camp-shed	3	210
194	canal	211	11		3				canal	3	222	canal	3	214	canal	3	211
195	candle	212	11		3				candle	3	223	candle	3	215	candle	3	212
196	cannabin	213	11		3				cannabin	3	224	cannabin	3	216	cannabin	3	213
197	cantharidism	214	11		3				cantharidism	3	225	cantharidism	3	217	cantharidism	3	214
198	Capemaitically	215	11		2				Capernaitically	1	226	Capemaitically	2	218	Capemaitically	2	215
199	capsule	216	11		3				capsule	3	227	capsule	3	219	capsule	3	216
200	carbazollne	217	11		2				carbazollne	2	228	carbazollne	2	220	carbazoline	1	217
201	carbunculosis	218	11		3				carbunculosis	3	229	carbunculosis	3	221	carbunculosis	3	218
202	cardinal-fish	219	11		3				cardinal-fish	3	230	cardinal-fish	3	222	cardinal-fish	3	219
203	Carenchelyi	220	11		3				Carenchelyi	3	231	Carenchelyi	3	223	Carenchelyi	3	220
204	Carolus	221	11		3				Carolus	3	232	Carolus	3	224	Carolus	3	221
205	carriage-gain	222	11		1	tie			camage-gain	1	233	caxriage-gain	1	225	carriage-gain	1	222
206	cartilage	223	11		3				cartilage	3	234	cartilage	3	226	cartilage	3	223
207	cascalote	224	11		3				cascalote	3	235	cascalote	3	227	cascalote	3	224
208	cassimere-twill	225	11		2				tjut	1	236	cassimere-twill	2	228	cassimere-twill	2	225
209	Casuarinales	226	11		3				Casuarinales	3	237	Casuarinales	3	229	Casuarinales	3	226
210	catalyze	227	11		3				catalyze	3	238	catalyze	3	230	catalyze	3	227
211	catch-bolt	228	11		3				catch-bolt	3	239	catch-bolt	3	231	catch-bolt	3	228
212	cateipillax	229	11		1	tie			catei	1	240	caterpillar	1	232	cateipillax	1	229
213	cattle	230	11		3				cattle	3	241	cattle	3	233	cattle	3	230
214	causticly	231	11		3				causticly	3	242	causticly	3	234	causticly	3	231
215	cedar	232	11		3				cedar	3	243	cedar	3	235	cedar	3	232
216	cell	233	11		2				cell	2	244	ceU	1	236	cell	2	233
217	cellulith	234	11		3				cellulith	3	245	cellulith	3	237	cellulith	3	234
218	cenotaphic	235	11		2				cenotaphic	2	246	cenotapMc	1	238	cenotaphic	2	235
219	center-line	236	11		3				center-line	3	247	center-line	3	239	center-line	3	236
220	centrifugation	237	11		2				centrifugation	2	248	centrifugation	2	240	centrifagatdon	1	237
221	cephalic	238	11		3				cephalic	3	249	cephalic	3	241	cephalic	3	238
222	ceratinoid	239	11		3				ceratinoid	3	250	ceratinoid	3	242	ceratinoid	3	239
223	Ceratostomella	240	11		2				Oeratostomella	1	251	Ceratostomella	2	243	Ceratostomella	2	240
224	cerosiline	241	11		2				cerosiline	2	252	ceroslline	1	244	cerosiline	2	241
225	chaff	242	11		3				chaff	3	253	chaff	3	245	chaff	3	242
226	cnaiazogam	243	11		3				cnaiazogam	3	254	cnaiazogam	3	246	cnaiazogam	3	243
227	chamelognathous	244	11		3				chamelognathous	3	255	chamelognathous	3	247	chamelognathous	3	244
228	Chanidse	245	11		2				Chanidse	2	256	Chanids	1	248	Chanidse	2	245
229	charcoal	246	11		2				A	1	257	charcoal	2	249	charcoal	2	246
230	chase	247	11		3				chase	3	258	chase	3	250	chase	3	247
231	check-band	248	11		3				check-band	3	259	check-band	3	251	check-band	3	248
232	chelidamic	249	11		2				chelidamic	2	260	chelidamic	2	252	cbelidamic	1	249
233	chemosynthesis	250	11		3				chemosynthesis	3	261	chemosynthesis	3	253	chemosynthesis	3	250
234	chest	251	11		3				chest	3	262	chest	3	254	chest	3	251
235	chickweed	252	11		2				chickweed	2	263	chickweed	2	255	duckweed	1	252
236	china	253	11		3				china	3	264	china	3	256	china	3	253
237	Chionaspis	254	11		3				Chionaspis	3	265	Chionaspis	3	257	Chionaspis	3	254
238	Chirotherium	255	11		3				Chirotherium	3	266	Chirotherium	3	258	Chirotherium	3	255
239	chloralose	256	11		2				chloralose	2	267	chloralose	2	259	cbloralose	1	256
240	Chlorops	257	11		2				Chlorops	2	268	Chlorops	2	260	Ohlorops	1	257
241	cholelith	258	11		3				cholelith	3	269	cholelith	3	261	cholelith	3	258
242	chondrolipoma	259	11		3				chondrolipoma	3	270	chondrolipoma	3	262	chondrolipoma	3	259
243	chorea	260	11		3				chorea	3	271	chorea	3	263	chorea	3	260
244	Christed	261	11		3				Christed	3	272	Christed	3	264	Christed	3	261
245	chromatoptometry	262	11		2				chromatoptometry	2	273	cliromatoptometry	1	265	chromatoptometry	2	262
246	ctaromosomatic	263	11		1	tie			chromosomatic	1	274	cliromosomatic	1	266	ctaromosomatic	1	263
247	chrysanthemum-fly	264	11		3				chrysanthemum-fly	3	275	chrysanthemum-fly	3	267	chrysanthemum-fly	3	264
248	chullpa	265	11		3				chullpa	3	276	chullpa	3	268	chullpa	3	265
249	chylophylly	266	11		2				chylophylly	2	277	chylophylly	2	269	minute	1	266
250	cinchona	267	11		3				cinchona	3	278	cinchona	3	270	cinchona	3	267
251	Neuberg	268	11		1	tie			Ncubcrg	1	279	Neubery	1	271	Neuberg	1	268
252	circunmutatory	269	11		1	tie			circumnutatory	1	280	circnmnutatory	1	272	circunmutatory	1	269
253	cithern	270	11		3				cithern	3	281	cithern	3	273	cithern	3	270
254	clairolfactance	271	11		3				clairolfactance	3	282	clairolfactance	3	274	clairolfactance	3	271
255	class	272	11		2				of	1	283	class	2	275	class	2	272
256	clay	273	11		3				clay	3	284	clay	3	276	clay	3	273
257	cleavage-spindle	274	11		2				cleavage-spindle	2	285	upper	1	277	cleavage-spindle	2	274
258	cliffsman	275	11		3				cliffsman	3	286	cliffsman	3	278	cliffsman	3	275
259	clinoscope	276	11		3				clinoscope	3	287	clinoscope	3	279	clinoscope	3	276
260	cloisonless	277	11		3				cloisonless	3	288	cloisonless	3	280	cloisonless	3	277
261	cloud	278	11		3				cloud	3	289	cloud	3	281	cloud	3	278
262	clover-sickness	279	11		3				clover-sickness	3	290	clover-sickness	3	282	clover-sickness	3	279
263	clymene	280	11		2				clymene	2	291	lished	1	283	clymene	2	280
264	coal	281	11		2				coal	2	292	coal	2	284	stand	1	281
265	coassine	282	11		3				coassine	3	293	coassine	3	285	coassine	3	282
266	Coccidioides	283	11		2				Ooccidioides	1	294	Coccidioides	2	286	Coccidioides	2	283
267	cockle-bur	284	11		2				for	1	295	cockle-bur	2	287	cockle-bur	2	284
268	codetta	285	11		3				codetta	3	296	codetta	3	288	codetta	3	285
269	coeloblastic	286	11		3				coeloblastic	3	297	coeloblastic	3	289	coeloblastic	3	286
270	coffee-berry	287	11		3				coffee-berry	3	300	coffee-berry	3	290	coffee-berry	3	287
271	coiler-can	288	11		2				coller-can	1	301	coiler-can	2	291	coiler-can	2	288
272	cold-spot	289	11		3				cold-spot	3	302	cold-spot	3	292	cold-spot	3	289
273	Colletotrichum	290	11		1	tie			Colletotrlchimi	1	303	CoUetotrichum	1	293	Colletotrichum	1	290
274	colon	291	11		3				colon	3	304	colon	3	294	colon	3	291
275	color-blindness	292	11		3				color-blindness	3	305	color-blindness	3	295	color-blindness	3	292
276	colpos	293	11		3				colpos	3	306	colpos	3	296	colpos	3	293
277	combinate	294	11		3				combinate	3	307	combinate	3	297	combinate	3	294
278	comet	295	11		3				comet	3	308	comet	3	298	comet	3	295
279	commissure	296	11		2				commissure	2	309	commlsstiTe	1	299	commissure	2	296
280	comparison	297	11		3				comparison	3	310	comparison	3	300	comparison	3	297
281	competition	298	11		3				competition	3	311	competition	3	301	competition	3	298
282	compression	299	11		3				compression	3	312	compression	3	302	compression	3	299
283	concept-idea	300	11		2				concept-idea	2	313	concept-idea	2	303	concept-Idea	1	300
284	condition	301	11		3				condition	3	314	condition	3	304	condition	3	301
285	cone-belt	302	11		2				cone-belt	2	315	I	1	305	cone-belt	2	302
286	conglomerate	303	11		2				conglomerate	2	316	conga-root	1	306	conglomerate	2	303
287	conk	304	11		3				conk	3	317	conk	3	307	conk	3	304
288	consciousness	305	11		3				consciousness	3	318	consciousness	3	308	consciousness	3	305
289	constant	306	11		2				constant	2	319	I	1	309	constant	2	306
290	contact	307	11		3				contact	3	320	contact	3	310	contact	3	307
291	contraction	308	11		3				contraction	3	321	contraction	3	311	contraction	3	308
292	controlling-	309	11		2				controlling-	2	322	controlling-	2	312	controlling-valve	1	309
293	conveyer	310	11		3				conveyer	3	323	conveyer	3	313	conveyer	3	310
294	cooling-pond	311	11		3				cooling-pond	3	324	cooling-pond	3	314	cooling-pond	3	311
295	copper	312	11		3				copper	3	325	copper	3	315	copper	3	312
296	coral	313	11		3				coral	3	326	coral	3	316	coral	3	313
297	cordylite	314	11		2				coraylite	1	327	cordylite	2	317	cordylite	2	314
298	cork-elm	315	11		3				cork-elm	3	328	cork-elm	3	318	cork-elm	3	315
299	corn-crowfoot	316	11		3				corn-crowfoot	3	329	corn-crowfoot	3	319	corn-crowfoot	3	316
300	corodiastasis	317	11		2				corodiastasis	2	330	coTodiastasis	1	320	corodiastasis	2	317
301	corps-i-corps	318	11		2				corps-i-corps	2	331	corps-i-corps	2	321	cortlandtite	1	318
302	corubin	319	11		3				corubin	3	332	corubin	3	322	corubin	3	319
303	cosmopoletic	320	11		2				cosmopoietic	1	333	cosmopoletic	2	323	cosmopoletic	2	320
304	cotter-bolt	321	11		3				cotter-bolt	3	334	cotter-bolt	3	324	cotter-bolt	3	321
305	cotton-seed	322	11		3				cotton-seed	3	335	cotton-seed	3	325	cotton-seed	3	322
306	coiunalic	323	11		1	tie			coumalic	1	336	coumallc	1	326	coiunalic	1	323
307	Counter-Reformation	324	11		2				Counter-Reformation	2	337	Counter-Reformation	2	327	Counter-Beformation	1	324
308	court	325	11		2				court	2	338	tern	1	328	court	2	325
309	cow-run	326	11		3				cow-run	3	339	cow-run	3	329	cow-run	3	326
310	cradle-frame	327	11		3				cradle-frame	3	340	cradle-frame	3	330	cradle-frame	3	327
311	crangonid	328	11		2				crawfish	1	341	crangonid	2	331	crangonid	2	328
312	crawfish	329	11		3				crawfish	3	342	crawfish	3	332	crawfish	3	329
313	Crenothrix	330	11		3				Crenothrix	3	343	Crenothrix	3	333	Crenothrix	3	330
314	A	331	11		2				A	2	344	Cribraria	1	334	A	2	331
315	criticism	332	11		3				criticism	3	345	criticism	3	335	criticism	3	332
316	crop-ends	333	11		3				crop-ends	3	346	crop-ends	3	336	crop-ends	3	333
317	crossing	334	11		3				crossing	3	347	crossing	3	337	crossing	3	334
318	crotching	335	11		2				crotcWng	1	348	crotching	2	338	crotching	2	335
319	crown-tree	336	11		3				crown-tree	3	349	crown-tree	3	339	crown-tree	3	336
320	cnisli-inovement	337	11		1	tie			crush-movement	1	350	cnish-movement	1	340	cnisli-inovement	1	337
321	cryptococcus	338	11		2				cryptococcus	2	351	cryptococcns	1	341	cryptococcus	2	338
322	crystal	339	11		3				crystal	3	352	crystal	3	342	crystal	3	339
323	cubic	340	11		2				cubic	2	353	cnbic	1	343	cubic	2	340
324	Culicina	341	11		3				Culicina	3	354	Culicina	3	344	Culicina	3	341
325	cumboo-millet	342	11		2				cumboo-millet	2	355	cuiuboo-millet	1	345	cumboo-millet	2	342
326	cup-drum	343	11		2				cup-drum	2	356	cup-drum	2	346	cup-dmm	1	343
327	curlst	344	11		2				curlst	2	357	curist	1	347	curlst	2	344
328	A	345	11		1	tie			cunipay	1	358	Curvature	1	348	A	1	345
329	cuscamidine	346	11		3				cuscamidine	3	359	cuscamidine	3	349	cuscamidine	3	346
330	cut-and-cover	347	11		3				cut-and-cover	3	360	cut-and-cover	3	350	cut-and-cover	3	347
331	cut-wort	348	11		1	tie			cut-work	1	361	cut-wori	1	351	cut-wort	1	348
332	cyaphenin	349	11		3				cyaphenin	3	362	cyaphenin	3	352	cyaphenin	3	349
333	cyclic	350	11		3				cyclic	3	363	cyclic	3	353	cyclic	3	350
334	cyclose	351	11		3				cyclose	3	364	cyclose	3	354	cyclose	3	351
335	cynodonichthys	352	11		2				cynodonichthys	2	365	cynodonichthys	2	355	cynodoniclithys	1	352
336	cyrtoid	353	11		2				cyrtoid	2	366	cjrrtoid	1	356	cyrtoid	2	353
337	cystozoSid	354	11		1	tie			cystozooid	1	367	cystozodid	1	357	cystozoSid	1	354
338	cytothesis	355	11		3				cytothesis	3	368	cytothesis	3	358	cytothesis	3	355
339	In	356	11		2				In	2	369	In	2	359	mm	1	356
340	daer-stock	357	11		3				daer-stock	3	370	daer-stock	3	360	daer-stock	3	357
341	Dalmanites	358	11		3				Dalmanites	3	371	Dalmanites	3	361	Dalmanites	3	358
342	dance-house	359	11		3				dance-house	3	372	dance-house	3	362	dance-house	3	359
343	Dasistoma	360	11		2				Dasistoua	1	373	Dasistoma	2	363	Dasistoma	2	360
344	day-breeze	361	11		3				day-breeze	3	374	day-breeze	3	364	day-breeze	3	361
345	death-wave	362	11		2				death-wave	2	375	death-wave	2	365	coasts	1	362
346	decene	363	11		2				decene	2	376	In	1	366	decene	2	363
347	declamation	364	11		3				declamation	3	377	declamation	3	367	declamation	3	364
348	deed	365	11		3				deed	3	378	deed	3	368	deed	3	365
349	deflector	366	11		3				deflector	3	379	deflector	3	369	deflector	3	366
350	dehydrogenate	367	11		3				dehydrogenate	3	380	dehydrogenate	3	370	dehydrogenate	3	367
351	delthyrium	368	11		2				I	1	381	delthyrium	2	371	delthyrium	2	368
352	demographically	369	11		3				demographically	3	382	demographically	3	372	demographically	3	369
353	dendrobe	370	11		3				dendrobe	3	383	dendrobe	3	373	dendrobe	3	370
354	denudation	371	11		3				denudation	3	384	denudation	3	374	denudation	3	371
355	depth	372	11		3				depth	3	385	depth	3	375	depth	3	372
356	dermatophone	373	11		3				dermatophone	3	386	dermatophone	3	376	dermatophone	3	373
357	desiderium	374	11		3				desiderium	3	387	desiderium	3	377	desiderium	3	374
358	detassel	375	11		3				detassel	3	388	detassel	3	378	detassel	3	375
359	deutoplasmogen	376	11		2				n	1	389	deutoplasmogen	2	379	deutoplasmogen	2	376
360	devil's-needle	377	11		2				devil's-needle	2	390	devil'	1	380	devil's-needle	2	377
361	dezincify	378	11		3				dezincify	3	391	dezincify	3	381	dezincify	3	378
362	diagenism	379	11		2				diagenism	2	392	diagenism	2	382	dlagenlsm	1	379
363	dial-writer	380	11		3				dial-writer	3	393	dial-writer	3	383	dial-writer	3	380
364	diaphery	381	11		2				diaphery	2	394	diapbery	1	384	diaphery	2	381
365	Diatrype	382	11		2				spiuiform	1	395	Diatrype	2	385	Diatrype	2	382
366	dichogeny	383	11		3				dichogeny	3	396	dichogeny	3	386	dichogeny	3	383
367	Dictyospongidae	384	11		2				Dictyospongidae	2	397	Dictyospongidae	2	387	Dictyospongidse	1	384
368	die-back	385	11		3				die-back	3	398	die-back	3	388	die-back	3	385
369	diffusion	386	11		2				Same	1	399	diffusion	2	389	diffusion	2	386
370	dihezagonal	387	11		2				dihezagonal	2	400	dihezagonal	2	390	dihexagonal	1	387
371	dilution	388	11		2				dilution	2	401	dilution	2	391	dilutioii	1	388
372	dinic	389	11		3				dinic	3	402	dinic	3	392	dinic	3	389
373	dioxine	390	11		2				I	1	403	dioxine	2	393	dioxine	2	390
374	Diplesion	391	11		3				Diplesion	3	404	Diplesion	3	394	Diplesion	3	391
375	diplospondylous	392	11		3				diplospondylous	3	405	diplospondylous	3	395	diplospondylous	3	392
376	Disa	393	11		3				Disa	3	406	Disa	3	396	Disa	3	393
377	discobolic	394	11		2				Discriminating	1	407	discobolic	2	397	discobolic	2	394
378	disease	395	11		3				disease	3	408	disease	3	398	disease	3	395
379	dishmnanize	396	11		1	tie			a	1	409	dishumanize	1	399	dishmnanize	1	396
380	dispansive	397	11		3				dispansive	3	410	dispansive	3	400	dispansive	3	397
381	dissect	398	11		3				dissect	3	411	dissect	3	401	dissect	3	398
382	distance-stand	399	11		3				distance-stand	3	412	distance-stand	3	402	distance-stand	3	399
383	disvulnerable	400	11		2				disvulnerable	2	413	disvTilnerable	1	403	disvulnerable	2	400
384	dividing-plate	401	11		3				dividing-plate	3	414	dividing-plate	3	404	dividing-plate	3	401
385	dock	402	11		3				dock	3	415	dock	3	405	dock	3	402
386	dog	403	11		2				dog	2	416	dog	2	406	dog'	1	403
387	dole	404	11		3				dole	3	417	dole	3	407	dole	3	404
388	dolomitize	405	11		2				dolomltize	1	418	dolomitize	2	408	dolomitize	2	405
389	donkey	406	11		3				donkey	3	419	donkey	3	409	donkey	3	406
390	doridioid	407	11		3				doridioid	3	420	doridioid	3	410	doridioid	3	407
391	dotilic	408	11		3				dotilic	3	421	dotilic	3	411	dotilic	3	408
392	douche	409	11		3				douche	3	422	douche	3	412	douche	3	409
393	draft	410	11		2				araft	1	423	draft	2	413	draft	2	410
394	drainage	411	11		3				drainage	3	424	drainage	3	414	drainage	3	411
395	dredging-machine	412	11		3				dredging-machine	3	425	dredging-machine	3	415	dredging-machine	3	412
396	drift	413	11		3				drift	3	426	drift	3	416	drift	3	413
397	drill-yard	414	11		2				Samo	1	427	drill-yard	2	417	drill-yard	2	414
398	Drobisch's	415	11		2				iii-rniittiiiK	1	428	Drobisch's	2	418	Drobisch's	2	415
399	Drosophilidse	416	11		2				Drosophilidse	2	429	Drosophilidae	1	419	Drosophilidse	2	416
400	Drynaria	417	11		2				Drjmaria	1	430	Drynaria	2	420	Drynaria	2	417
401	duguan	418	11		2				TA	1	431	duguan	2	421	duguan	2	418
402	dumping-car	419	11		3				dumping-car	3	432	dumping-car	3	422	dumping-car	3	419
403	durezza	420	11		2				durezza	2	433	dnrezza	1	423	durezza	2	420
404	dye-box	421	11		2				dye-box	2	434	received	1	424	dye-box	2	421
405	dysentery	422	11		3				dysentery	3	435	dysentery	3	425	dysentery	3	422
406	The	423	11		3				The	3	436	The	3	426	The	3	423
407	ear-tone	424	11		3				ear-tone	3	437	ear-tone	3	427	ear-tone	3	424
408	ecdemic	425	11		3				ecdemic	3	438	ecdemic	3	428	ecdemic	3	425
409	eclabium	426	11		2				exsertile	1	439	eclabium	2	429	eclabium	2	426
410	ectophytic	427	11		2				a	1	440	ectophytic	2	430	ectophytic	2	427
411	edh	428	11		3				edh	3	441	edh	3	431	edh	3	428
412	efficiency	429	11		2				efficiency	2	442	efficiency	2	432	pared	1	429
413	ego-altruism	430	11		3				ego-altruism	3	443	ego-altruism	3	433	ego-altruism	3	430
414	ejector-blade	431	11		3				ejector-blade	3	444	ejector-blade	3	434	ejector-blade	3	431
415	elder	432	11		3				elder	3	445	elder	3	435	elder	3	432
416	electrolytic	433	11		3				electrolytic	3	446	electrolytic	3	436	electrolytic	3	433
417	electrozone	434	11		3				electrozone	3	447	electrozone	3	437	electrozone	3	434
418	elevator	435	11		3				elevator	3	448	elevator	3	438	elevator	3	435
419	elm-butterfly	436	11		3				elm-butterfly	3	449	elm-butterfly	3	439	elm-butterfly	3	436
420	embira	437	11		3				embira	3	450	embira	3	440	embira	3	437
421	emissivity	438	11		3				emissivity	3	451	emissivity	3	441	emissivity	3	438
422	enamel-prism	439	11		3				enamel-prism	3	452	enamel-prism	3	442	enamel-prism	3	439
423	end-correction	440	11		3				end-correction	3	453	end-correction	3	443	end-correction	3	440
424	Endomyces	441	11		3				Endomyces	3	454	Endomyces	3	444	Endomyces	3	441
425	end-port	442	11		3				end-port	3	455	end-port	3	445	end-port	3	442
426	engine	443	11		3				engine	3	456	engine	3	446	engine	3	443
427	engine-frame	444	11		3				engine-frame	3	457	engine-frame	3	447	engine-frame	3	444
428	ensemble	445	11		2				entocondyloid	1	458	ensemble	2	448	ensemble	2	445
429	entocondyloid	446	11		3				entocondyloid	3	459	entocondyloid	3	449	entocondyloid	3	446
430	Entrance-cone	447	11		3				Entrance-cone	3	460	Entrance-cone	3	450	Entrance-cone	3	447
431	epanorin	448	11		2				epanorin	2	461	epanorin	2	451	epanonn	1	448
432	Epichloe	449	11		2				Epichloe	2	462	Epicliloe	1	452	Epichloe	2	449
433	epihypocycloidal	450	11		3				epihypocycloidal	3	463	epihypocycloidal	3	453	epihypocycloidal	3	450
434	epipleui	451	11		1	tie			by	1	464	epipleur	1	454	epipleui	1	451
435	epitrachelion	452	11		3				epitrachelion	3	465	epitrachelion	3	455	epitrachelion	3	452
436	equationally	453	11		3				equationally	3	466	equationally	3	456	equationally	3	453
437	equipartile	454	11		2				equipartile	2	467	equipartile	2	457	eqtdpartile	1	454
438	Eretnurus	455	11		1	tie			Ertnturus	1	468	Eremurus	1	458	Eretnurus	1	455
439	Eriobotrya	456	11		3				Eriobotrya	3	469	Eriobotrya	3	459	Eriobotrya	3	456
440	Eryops	457	11		3				Eryops	3	470	Eryops	3	460	Eryops	3	457
441	escapado	458	11		2				espinillo	1	471	escapado	2	461	escapado	2	458
442	esplno	459	11		3				esplno	3	472	esplno	3	462	esplno	3	459
443	An	460	11		3				An	3	473	An	3	463	An	3	460
444	ethnopsychic	461	11		3				ethnopsychic	3	474	ethnopsychic	3	464	ethnopsychic	3	461
445	EucinostomuB	462	11		1	tie			B	1	475	Eucinostomus	1	465	EucinostomuB	1	462
446	eukinesia	463	11		1	tie			eurygnathism	1	476	enkinesia	1	466	eukinesia	1	463
447	eurygnathism	464	11		2				eurygnathism	2	477	eurygnatMsm	1	467	eurygnathism	2	464
448	Evening	465	11		1	tie			Eveningf-snow	1	478	Evening-snow	1	468	Evening	1	465
449	excavator	466	11		3				excavator	3	479	excavator	3	469	excavator	3	466
450	exhaust-mill	467	11		3				exhaust-mill	3	480	exhaust-mill	3	470	exhaust-mill	3	467
451	ezoplutonic	468	11		2				exoplutonic	1	481	ezoplutonic	2	471	ezoplutonic	2	468
452	expense	469	11		3				expense	3	482	expense	3	472	expense	3	469
453	exposition	470	11		3				exposition	3	483	exposition	3	473	exposition	3	470
454	extinguished	471	11		3				extinguished	3	484	extinguished	3	474	extinguished	3	471
455	extra-red	472	11		3				extra-red	3	485	extra-red	3	475	extra-red	3	472
456	eyelet-stitch	473	11		2				eyelet-stitch	2	486	eyelet-stitch	2	476	eyelet-stitcli	1	473
457	An	474	11		2				t	1	487	An	2	477	An	2	474
458	facies-suite	475	11		3				facies-suite	3	488	facies-suite	3	478	facies-suite	3	475
459	faience	476	11		3				faience	3	489	faience	3	479	faience	3	476
460	fallow	477	11		3				fallow	3	490	fallow	3	480	fallow	3	477
461	Farfugium	478	11		3				Farfugium	3	491	Farfugium	3	481	Farfugium	3	478
462	fat-	479	11		2				fat-	2	492	fat-	2	482	fat-liquor	1	479
463	featherfoot	480	11		2				feather	1	493	featherfoot	2	483	featherfoot	2	480
464	feeder	481	11		3				feeder	3	494	feeder	3	484	feeder	3	481
465	felic	482	11		2				felic	2	495	felic	2	485	folic	1	482
466	fennel	483	11		3				fennel	3	496	fennel	3	486	fennel	3	483
467	fern	484	11		3				fern	3	497	fern	3	487	fern	3	484
468	fertilization	485	11		3				fertilization	3	498	fertilization	3	488	fertilization	3	485
469	fiber	486	11		2				fiber	2	499	fiddler-fish	1	489	fiber	2	486
470	fiddle-slide	487	11		2				fiddle-slide	2	500	fiddle-slide	2	490	flddle-sUde	1	487
471	Golden	488	11		2				Golden	2	501	Golden	2	491	fife	1	488
472	filaree	489	11		2				filaree	2	502	filaree	2	492	fllaree	1	489
473	fillet-strap	490	11		3				fillet-strap	3	503	fillet-strap	3	493	fillet-strap	3	490
474	finger-tip	491	11		1	tie			flnger-tip	1	504	flnger-tlp	1	494	finger-tip	1	491
475	fire-cure	492	11		3				fire-cure	3	505	fire-cure	3	495	fire-cure	3	492
476	Comb-horned	493	11		1	tie			m-	1	506	fish-fly	1	496	Comb-horned	1	493
477	Fittonia	494	11		2				flame-gage	1	507	Fittonia	2	497	Fittonia	2	494
478	flamenco	495	11		3				flamenco	3	508	flamenco	3	498	flamenco	3	495
479	flatfoot	496	11		2				flatfoot	2	509	i	1	499	flatfoot	2	496
480	flea-beetle	497	11		2				flea-beetle	2	510		1	500	flea-beetle	2	497
481	Cervical	498	11		1	tie			The	1	511	flezural	1	501	Cervical	1	498
482	float-gage	499	11		2				float-gage	2	512	A	1	502	float-gage	2	499
483	floss-silk	500	11		3				floss-silk	3	513	floss-silk	3	503	floss-silk	3	500
484	fluke	501	11		2				fluke	2	514	fluke	2	504	flnke	1	501
485	fluter	502	11		3				fluter	3	515	fluter	3	505	fluter	3	502
486	fodder	503	11		3				fodder	3	520	fodder	3	506	fodder	3	503
487	foUetage	504	11		2				folletage	1	521	foUetage	2	507	foUetage	2	504
488	footman	505	11		3				footman	3	522	footman	3	508	footman	3	505
489	Fordilla	506	11		3				Fordilla	3	523	Fordilla	3	509	Fordilla	3	506
490	forest	507	11		3				forest	3	524	forest	3	510	forest	3	507
491	form	508	11		3				form	3	525	form	3	511	form	3	508
492	formation	509	11		2				formation	2	526	formation	2	512	formatioii	1	509
493	formola	510	11		1	tie			formula	1	527	I	1	513	formola	1	510
494	fotograf	511	11		3				fotograf	3	528	fotograf	3	514	fotograf	3	511
495	foxtail	512	11		3				foxtail	3	529	foxtail	3	515	foxtail	3	512
496	framing-piece	513	11		3				framing-piece	3	530	framing-piece	3	516	framing-piece	3	513
497	ftee-wheel	514	11		1	tie			and	1	531	free-wheel	1	517	ftee-wheel	1	514
498	Friday	515	11		3				Friday	3	532	Friday	3	518	Friday	3	515
499	frontozygomatic	516	11		2				frontozygomatic	2	533	merousconcretiongresemblinggrainsof	1	519	frontozygomatic	2	516
500	fry	517	11		2				n	1	534	fry	2	520	fry	2	517
501	full-toss	518	11		2				full-toss	2	535	fall-toss	1	521	full-toss	2	518
502	fungus-body	519	11		2				fimgus-body	1	536	fungus-body	2	522	fungus-body	2	519
503	furnace	520	11		3				furnace	3	537	furnace	3	523	furnace	3	520
504	fusion-disk	521	11		3				fusion-disk	3	538	fusion-disk	3	524	fusion-disk	3	521
505	In	522	11		2				In	2	539	I	1	525	In	2	522
506	gage	523	11		3				gage	3	540	gage	3	526	gage	3	523
507	galagala	524	11		3				galagala	3	541	galagala	3	527	galagala	3	524
508	galley-wasp	525	11		3				galley-wasp	3	542	galley-wasp	3	528	galley-wasp	3	525
509	galvanochemical	526	11		3				galvanochemical	3	543	galvanochemical	3	529	galvanochemical	3	526
510	gametogenesis	527	11		3				gametogenesis	3	544	gametogenesis	3	530	gametogenesis	3	527
511	gangwayman	528	11		2				gangwayman	2	545	I	1	531	gangwayman	2	528
512	gamett-tootb	529	11		1	tie			garnett-tooth	1	546	gamett-tooth	1	532	gamett-tootb	1	529
513	gasogenous	530	11		3				gasogenous	3	547	gasogenous	3	533	gasogenous	3	530
514	gastro-anastomosis	531	11		3				gastro-anastomosis	3	548	gastro-anastomosis	3	534	gastro-anastomosis	3	531
515	gastrosuccorrhoea	532	11		2				gastrosuccorrhoea	2	549	gastrosuccorrhcea	1	535	gastrosuccorrhoea	2	532
516	gayatri	533	11		3				gayatri	3	550	gayatri	3	536	gayatri	3	533
517	gel	534	11		3				gel	3	551	gel	3	537	gel	3	534
518	I	535	11		2				I	2	552	generator	1	538	I	2	535
519	gentian	536	11		2				gentian	2	553	geniian	1	539	gentian	2	536
520	geogram	537	11		3				geogram	3	554	geogram	3	540	geogram	3	537
521	geophysicist	538	11		3				geophysicist	3	555	geophysicist	3	541	geophysicist	3	538
522	germln	539	11		2				germin	1	556	germln	2	542	germln	2	539
523	get	540	11		3				get	3	557	get	3	543	get	3	540
524	gild	541	11		2				Blue	1	558	gild	2	544	gild	2	541
525	Ginkgoales	542	11		2				Ginkgoales	2	559	Crinkgoales	1	545	Ginkgoales	2	542
526	githagism	543	11		3				githagism	3	560	githagism	3	546	githagism	3	543
527	gland	544	11		3				gland	3	561	gland	3	547	gland	3	544
528	glass-cutter's	545	11		3				glass-cutter's	3	562	glass-cutter's	3	548	glass-cutter's	3	545
529	glittery	546	11		2				glittery	2	563	glittery	2	549	An	1	546
530	glossohyal	547	11		3				glossohyal	3	564	glossohyal	3	550	glossohyal	3	547
531	glut	548	11		3				glut	3	565	glut	3	551	glut	3	548
532	glycosine	549	11		2				glycosine	2	566	a	1	552	glycosine	2	549
533	gnomium	550	11		1	tie			diseased	1	567	GnofnoMia	1	553	gnomium	1	550
534	goeduck	551	11		2				goeduck	2	568	goedack	1	554	goeduck	2	551
535	goldenrod	552	11		2				weak	1	569	goldenrod	2	555	goldenrod	2	552
536	Golgotha	553	11		3				Golgotha	3	570	Golgotha	3	556	Golgotha	3	553
537	gonochorist	554	11		3				gonochorist	3	571	gonochorist	3	557	gonochorist	3	554
538	gooseberry-season	555	11		3				gooseberry-season	3	572	gooseberry-season	3	558	gooseberry-season	3	555
539	Oothicity	556	11		2				Ootliicity	1	573	Oothicity	2	559	Oothicity	2	556
540	gracilariid	557	11		3				gracilariid	3	574	gracilariid	3	560	gracilariid	3	557
541	grafting	558	11		3				grafting	3	575	grafting	3	561	grafting	3	558
542	gramme	559	11		3				gramme	3	576	gramme	3	562	gramme	3	559
543	granule-ball	560	11		3				granule-ball	3	577	granule-ball	3	563	granule-ball	3	560
544	grapple	561	11		3				grapple	3	578	grapple	3	564	grapple	3	561
545	grassing	562	11		3				grassing	3	579	grassing	3	565	grassing	3	562
546	gray	563	11		3				gray	3	580	gray	3	566	gray	3	563
547	green-oyster	564	11		3				green-oyster	3	581	green-oyster	3	567	green-oyster	3	564
548	grisaille	565	11		3				grisaille	3	582	grisaille	3	568	grisaille	3	565
549	ground-cypress	566	11		2				ground-cypress	2	583	w	1	569	ground-cypress	2	566
550	group	567	11		3				group	3	584	group	3	570	group	3	567
551	group-flashing	568	11		2				group-flashing	2	585	gnadil	1	571	group-flashing	2	568
552	guaethol	569	11		2				guaethol	2	586	guaethol	2	572	giiaethol	1	569
553	guard-pile	570	11		3				guard-pile	3	587	guard-pile	3	573	guard-pile	3	570
554	guide-iron	571	11		3				guide-iron	3	588	guide-iron	3	574	guide-iron	3	571
555	glimbelite	572	11		2				glimbelite	2	589	giimbelite	1	575	glimbelite	2	572
556	gun-mount	573	11		2				Central	1	590	gun-mount	2	576	gun-mount	2	573
557	gutturonasal	574	11		3				gutturonasal	3	591	gutturonasal	3	577	gutturonasal	3	574
558	gynecocratic	575	11		3				gynecocratic	3	592	gynecocratic	3	578	gynecocratic	3	575
559	In	576	11		2				In	2	593	In	2	579	dense	1	576
560	Hsemosporidia	577	11		1	tie			Haemosporidia	1	594	Hsmosporidia	1	580	Hsemosporidia	1	577
561	hair-restorer	578	11		3				hair-restorer	3	595	hair-restorer	3	581	hair-restorer	3	578
562	half-looper	579	11		3				half-looper	3	596	half-looper	3	582	half-looper	3	579
563	halitosis	580	11		1	tie			k	1	597	hamma	1	583	halitosis	1	580
564	hanuna	581	11		2				hanuna	2	598	banuna	1	584	hanuna	2	581
565	bandle-bar	582	11		2				handle-bar	1	599	bandle-bar	2	585	bandle-bar	2	582
566	haplology	583	11		3				haplology	3	600	haplology	3	586	haplology	3	583
567	harigue	584	11		3				harigue	3	601	harigue	3	587	harigue	3	584
568	Hassler's	585	11		1	tie			Hassler	1	602	in	1	588	Hassler's	1	585
569	iiaw	586	11		2				iiaw	2	603	scarlet-frnited	1	589	iiaw	2	586
570	hazel-worm	587	11		2				hazel-worm	2	604	liazel-worm	1	590	hazel-worm	2	587
571	head-ring	588	11		2				head-ring	2	605	bead-ring	1	591	head-ring	2	588
572	heat	589	11		3				heat	3	606	heat	3	592	heat	3	589
573	An	590	11		3				An	3	607	An	3	593	An	3	590
574	liefner-meter	591	11		2				liefner-meter	2	608	liefner-meter	2	594	hefner-meter	1	591
575	heliophyllite	592	11		2				heliophyllite	2	609	heliophyllite	2	595	heliophylUte	1	592
576	hemacite	593	11		3				hemacite	3	610	hemacite	3	596	hemacite	3	593
577	hematosepsis	594	11		3				hematosepsis	3	611	hematosepsis	3	597	hematosepsis	3	594
578	hemicrystalline	595	11		1	tie			bemicrystalline	1	612	bemiorystalline	1	598	hemicrystalline	1	595
579	hemisphere	596	11		3				hemisphere	3	613	hemisphere	3	599	hemisphere	3	596
580	hemolysis	597	11		3				hemolysis	3	614	hemolysis	3	600	hemolysis	3	597
581	Henrietta	598	11		3				Henrietta	3	615	Henrietta	3	601	Henrietta	3	598
582	herbivorous	599	11		3				herbivorous	3	616	herbivorous	3	602	herbivorous	3	599
583	Heronic	600	11		3				Heronic	3	617	Heronic	3	603	Heronic	3	600
584	heterocarpism	601	11		2				heterocarpism	2	618	heterocaxpism	1	604	heterocarpism	2	601
585	heterolalia	602	11		3				heterolalia	3	619	heterolalia	3	605	heterolalia	3	602
586	heterostachyous	603	11		2				heterostachyous	2	620	heterostacbyous	1	606	heterostachyous	2	603
587	Hexaceratina	604	11		3				Hexaceratina	3	621	Hexaceratina	3	607	Hexaceratina	3	604
588	hexonic	605	11		2				hexonic	2	622	bexonic	1	608	hexonic	2	605
589	bigh	606	11		1	tie			high	1	623	Iiigh	1	609	bigh	1	606
590	hinterland	607	11		3				hinterland	3	624	hinterland	3	610	hinterland	3	607
591	Histiocottus	608	11		3				Histiocottus	3	625	Histiocottus	3	611	Histiocottus	3	608
592	hobbing-machine	609	11		2				hobbing-machine	2	626	hobbing-machme	1	612	hobbing-machine	2	609
593	hold	610	11		3				hold	3	627	hold	3	613	hold	3	610
594	holomorphosis	611	11		2				holomorphosis	2	628	holomorphosis	2	614	holomorpliosis	1	611
595	homaloid	612	11		3				homaloid	3	629	homaloid	3	615	homaloid	3	612
596	homoeotlierm	613	11		1	tie			homoeotherm	1	630	homoBOtherm	1	616	homoeotlierm	1	613
597	homosexual	614	11		3				homosexual	3	631	homosexual	3	617	homosexual	3	614
598	hooker	615	11		3				hooker	3	632	hooker	3	618	hooker	3	615
599	hoppity	616	11		3				hoppity	3	633	hoppity	3	619	hoppity	3	616
600	horny	617	11		2				horny	2	634	homy	1	620	horny	2	617
601	horticulture	618	11		3				horticulture	3	635	horticulture	3	621	horticulture	3	618
602	howdenize	619	11		3				howdenize	3	636	howdenize	3	622	howdenize	3	619
603	humify	620	11		3				humify	3	637	humify	3	623	humify	3	620
604	husker	621	11		2				husker	2	638	busker	1	624	husker	2	621
605	hydatopneumatic	622	11		3				hydatopneumatic	3	639	hydatopneumatic	3	625	hydatopneumatic	3	622
606	hydrobenzoic	623	11		2				hydrobenzoic	2	640	hydrobenzoic	2	626	Iiydrobenzoic	1	623
607	hydro-extractor	624	11		2				hydro-extractor	2	641	hydro-extractor	2	627	hydro-ertractor	1	624
608	hydroneurosis	625	11		3				hydroneurosis	3	642	hydroneurosis	3	628	hydroneurosis	3	625
609	hydrostome	626	11		2				hydrostome	2	643	hydrostome	2	629	liydrostome	1	626
610	hygrology	627	11		3				hygrology	3	644	hygrology	3	630	hygrology	3	627
611	hyolithoid	628	11		2				hyolithoid	2	645	hyoUthoid	1	631	hyolithoid	2	628
612	hypergeometric	629	11		3				hypergeometric	3	646	hypergeometric	3	632	hypergeometric	3	629
613	hyperpyretic	630	11		3				hyperpyretic	3	647	hyperpyretic	3	633	hyperpyretic	3	630
614	hypobenthos	631	11		2				tlian	1	648	hypobenthos	2	634	hypobenthos	2	631
615	hypogeic	632	11		2				hypogeic	2	649	hypogeic	2	635	liypogeic	1	632
616	hyposarca	633	11		3				hyposarca	3	650	hyposarca	3	636	hyposarca	3	633
617	bypsographical	634	11		1	tie			hypsographical	1	651	hypsograpbical	1	637	bypsographical	1	634
618	hysteroneorosis	635	11		1	tie			hysteroneurosis	1	652	hysteronenrosis	1	638	hysteroneorosis	1	635
619	The	636	11		1	tie			I	1	653	i	1	639	The	1	636
620	ice-cloud	637	11		3				ice-cloud	3	654	ice-cloud	3	640	ice-cloud	3	637
621	Ice-scooter	638	11		2				ice-	1	655	Ice-scooter	2	641	Ice-scooter	2	638
622	Ichthyotomi	639	11		2				Ichthyotomi	2	656	rnttobothrium	1	642	Ichthyotomi	2	639
623	idea	640	11		2				Secondary	1	657	idea	2	643	idea	2	640
624	idioplasm	641	11		3				idioplasm	3	658	idioplasm	3	644	idioplasm	3	641
625	igazol	642	11		3				igazol	3	659	igazol	3	645	igazol	3	642
626	ilio-ischiadic	643	11		2				ilio-ischiadic	2	660	ilio-iscliiadic	1	646	ilio-ischiadic	2	643
627	illusion	644	11		1	tie			I'ik'-	1	661	illnsion	1	647	illusion	1	644
628	immersion	645	11		2				immersion	2	662	immersion	2	648	unmersion	1	645
629	impair	646	11		3				impair	3	663	impair	3	649	impair	3	646
630	impregnation	647	11		3				impregnation	3	664	impregnation	3	650	impregnation	3	647
631	inbreather	648	11		3				inbreather	3	665	inbreather	3	651	inbreather	3	648
632	incognoscent	649	11		2				incognoscent	2	666	incognoscent	2	652	incognoacent	1	649
633	independable	650	11		3				independable	3	667	independable	3	653	independable	3	650
634	indicator	651	11		2				indicator	2	668	Indicator	1	654	indicator	2	651
635	individual	652	11		3				individual	3	669	individual	3	655	individual	3	652
636	inductance-coil	653	11		2				inductance-coil	2	670	indactance-coil	1	656	inductance-coil	2	653
637	inemulous	654	11		2				inemulous	2	671	inemulous	2	657	inemulouB	1	654
638	infinitesimal	655	11		2				tiiined	1	672	infinitesimal	2	658	infinitesimal	2	655
639	infra-oral	656	11		3				infra-oral	3	673	infra-oral	3	659	infra-oral	3	656
640	inheritance	657	11		3				inheritance	3	674	inheritance	3	660	inheritance	3	657
641	inopectlc	658	11		1	tie			inopeclic	1	675	See	1	661	inopectlc	1	658
642	inshining	659	11		3				inshining	3	676	inshining	3	662	inshining	3	659
643	instruction-car	660	11		3				instruction-car	3	677	instruction-car	3	663	instruction-car	3	660
644	intension	661	11		2				intension	2	678	tion	1	664	intension	2	661
645	intercompany	662	11		3				intercompany	3	679	intercompany	3	665	intercompany	3	662
646	interferometer	663	11		3				interferometer	3	680	interferometer	3	666	interferometer	3	663
647	interlocutor	664	11		3				interlocutor	3	681	interlocutor	3	667	interlocutor	3	664
648	interpetiolary	665	11		3				interpetiolary	3	682	interpetiolary	3	668	interpetiolary	3	665
649	interseminal	666	11		2				interseminal	2	683	interseminal	2	669	intersemiiial	1	666
650	intrabiontio	667	11		2				intrabiontio	2	684	intrabiontio	2	670	intrabiontic	1	667
651	intrapontine	668	11		2				intrapontine	2	685	mtrapontme	1	671	intrapontine	2	668
652	invariant	669	11		3				invariant	3	686	invariant	3	672	invariant	3	669
653	iodine	670	11		3				iodine	3	687	iodine	3	673	iodine	3	670
654	-lor	671	11		2				-lor	2	688	Iroko	1	674	-lor	2	671
655	iroko	672	11		3				iroko	3	689	iroko	3	675	iroko	3	672
656	crinns	673	11		1	tie			See	1	690	Jrrtfptlitrts	1	676	crinns	1	673
657	ischuric	674	11		1	tie			ischuria	1	691	flOI	1	677	ischuric	1	674
658	isochrone	675	11		3				isochrone	3	692	isochrone	3	678	isochrone	3	675
659	isogen	676	11		2				isometropia	1	693	isogen	2	679	isogen	2	676
660	isometropia	677	11		3				isometropia	3	694	isometropia	3	680	isometropia	3	677
661	isorcinol	678	11		3				isorcinol	3	695	isorcinol	3	681	isorcinol	3	678
662	isozime	679	11		1	tie			isoziine	1	696	isoxime	1	682	isozime	1	679
663	ivy	680	11		3				ivy	3	697	ivy	3	683	ivy	3	680
664	An	681	11		3				An	3	698	An	3	684	An	3	681
665	jacking-motion	682	11		3				jacking-motion	3	699	jacking-motion	3	685	jacking-motion	3	682
666	jambava	683	11		3				jambava	3	700	jambava	3	686	jambava	3	683
667	jasper	684	11		3				jasper	3	701	jasper	3	687	jasper	3	684
668	jeniguano	685	11		1	tie			jemguano	1	702	jenlguano	1	688	jeniguano	1	685
669	jewel-house	686	11		3				jewel-house	3	703	jewel-house	3	689	jewel-house	3	686
670	jina	687	11		3				jina	3	704	jina	3	690	jina	3	687
671	joggling-board	688	11		3				joggling-board	3	705	joggling-board	3	691	joggling-board	3	688
672	Jonah	689	11		2				Jonah	2	706	Jonah	2	692	Jonab	1	689
673	judgment	690	11		3				judgment	3	707	judgment	3	693	judgment	3	690
674	jumbuck	691	11		2				The	1	708	jumbuck	2	694	jumbuck	2	691
675	juniper-water	692	11		3				juniper-water	3	709	juniper-water	3	695	juniper-water	3	692
676	As	693	11		3				As	3	710	As	3	696	As	3	693
677	kala-azar	694	11		1	tie			period	1	711	kala-azaf	1	697	kala-azar	1	694
678	kan	695	11		2				Kan	1	712	kan	2	698	kan	2	695
679	karyomicrosome	696	11		3				karyomicrosome	3	713	karyomicrosome	3	699	karyomicrosome	3	696
680	Kaulfussia	697	11		2				Kaulfussia	2	714	Kaulfussia	2	700	Eaulfussia	1	697
681	kef	698	11		3				kef	3	715	kef	3	701	kef	3	698
682	keraunophobia	699	11		1	tie			Same	1	716	keraunopbobia	1	702	keraunophobia	1	699
683	key	700	11		3				key	3	717	key	3	703	key	3	700
684	kick	701	11		3				kick	3	718	kick	3	704	kick	3	701
685	kiln	702	11		1	tie			Regenerative	1	719	Kiln	1	705	kiln	1	702
686	kinetoscopic	703	11		3				kinetoscopic	3	720	kinetoscopic	3	706	kinetoscopic	3	703
687	kirin	704	11		3				kirin	3	721	kirin	3	707	kirin	3	704
688	kite	705	11		3				kite	3	722	kite	3	708	kite	3	705
689	Kneiffia	706	11		1	tie			Eneifiia	1	723	Eneiffia	1	709	Kneiffia	1	706
690	Barber	707	11		2				Barber	2	724	Barber	2	710	knot-root	1	707
691	kokopu	708	11		3				kokopu	3	725	kokopu	3	711	kokopu	3	708
692	korrel	709	11		3				korrel	3	726	korrel	3	712	korrel	3	709
693	krypteon	710	11		2				upon	1	727	krypteon	2	713	krypteon	2	710
694	kunima	711	11		1	tie			kununa	1	728	knruma	1	714	kunima	1	711
695	A	712	11		3				A	3	729	A	3	715	A	3	712
696	Labradorian	713	11		3				Labradorian	3	730	Labradorian	3	716	Labradorian	3	713
697	Lachenalia	714	11		3				Lachenalia	3	731	Lachenalia	3	717	Lachenalia	3	714
698	lactophen	715	11		2				lactophen	2	732	lactophen	2	718	lactopben	1	715
699	ladybird	716	11		3				ladybird	3	733	ladybird	3	719	ladybird	3	716
700	lake	717	11		3				lake	3	734	lake	3	720	lake	3	717
701	lamination	718	11		3				lamination	3	735	lamination	3	721	lamination	3	718
702	lamphrophyllite	719	11		2				iampbrophylllte	1	736	lamphrophyllite	2	722	lamphrophyllite	2	719
703	land-pitch	720	11		3				land-pitch	3	737	land-pitch	3	723	land-pitch	3	720
704	lantern	721	11		3				lantern	3	738	lantern	3	724	lantern	3	721
705	lappet	722	11		3				lappet	3	739	lappet	3	725	lappet	3	722
706	larrid	723	11		3				larrid	3	740	larrid	3	726	larrid	3	723
707	lateralia	724	11		3				lateralia	3	741	lateralia	3	727	lateralia	3	724
708	latronage	725	11		3				latronage	3	742	latronage	3	728	latronage	3	725
709	laurvikite	726	11		3				laurvikite	3	743	laurvikite	3	729	laurvikite	3	726
710	law	727	11		3				law	3	744	law	3	730	law	3	727
711	law	728	11		3				law	3	745	law	3	731	law	3	728
712	Laxmannia	729	11		3				Laxmannia	3	746	Laxmannia	3	732	Laxmannia	3	729
713	lead	730	11		2				lead	2	747	lead	2	733	Chemical	1	730
714	Pear	731	11		1	tie			leaf-bug	1	748	leaf-bog	1	734	Pear	1	731
715	leak-stopper	732	11		3				leak-stopper	3	749	leak-stopper	3	735	leak-stopper	3	732
716	lechosa	733	11		3				lechosa	3	750	lechosa	3	736	lechosa	3	733
717	legative	734	11		2				legative	2	751	Same	1	737	legative	2	734
718	Same	735	11		1	tie			lemoncito	1	752	leznonclto	1	738	Same	1	735
719	lentelliptical	736	11		2				lentclliptical	1	753	lentelliptical	2	739	lentelliptical	2	736
720	side	737	11		2				lepidopterological	1	754	side	2	740	side	2	737
721	leptomeningeal	738	11		3				leptomeningeal	3	755	leptomeningeal	3	741	leptomeningeal	3	738
722	Lethotremus	739	11		3				Lethotremus	3	756	Lethotremus	3	742	Lethotremus	3	739
723	leucocytolysis	740	11		2				leucocytolysis	2	757	leucocjrtolysis	1	743	leucocytolysis	2	740
724	level-course	741	11		3				level-course	3	758	level-course	3	744	level-course	3	741
725	Ubation-table	742	11		1	tie			JouriLil	1	759	libation-table	1	745	Ubation-table	1	742
726	liefly	743	11		2				liefly	2	760	Uefly	1	746	liefly	2	743
727	ligature	744	11		3				ligature	3	761	ligature	3	747	ligature	3	744
728	lightage	745	11		3				lightage	3	762	lightage	3	748	lightage	3	745
729	Liliales	746	11		2				Liliales	2	763	Liliales	2	749	Red	1	746
730	limen	747	11		3				limen	3	764	limen	3	750	limen	3	747
731	limestone	748	11		3				limestone	3	765	limestone	3	751	limestone	3	748
732	limnology	749	11		3				limnology	3	766	limnology	3	752	limnology	3	749
733	Lindssea	750	11		2				Lindsaea	1	767	Lindssea	2	753	Lindssea	2	750
734	line-displacement	751	11		3				line-displacement	3	768	line-displacement	3	754	line-displacement	3	751
735	linkage	752	11		2				Peancelller's	1	769	linkage	2	755	linkage	2	752
736	lion-gate	753	11		3				lion-gate	3	770	lion-gate	3	756	lion-gate	3	753
737	liquation	754	11		3				liquation	3	771	liquation	3	757	liquation	3	754
738	literal	755	11		2				literal	2	772	Uteral	1	758	literal	2	755
739	Litopterna	756	11		2				Litopterna	2	773	Litoptema	1	759	Litopterna	2	756
740	An	757	11		3				An	3	774	An	3	760	An	3	757
741	lobe-angle	758	11		3				lobe-angle	3	775	lobe-angle	3	761	lobe-angle	3	758
742	loco	759	11		1	tie			laco	1	776	Icco	1	762	loco	1	759
743	lodging-money	760	11		3				lodging-money	3	777	lodging-money	3	763	lodging-money	3	760
744	log-haul	761	11		3				log-haul	3	778	log-haul	3	764	log-haul	3	761
745	Of	762	11		1	tie			Lond	1	779	Loud	1	765	Of	1	762
746	loom-weight	763	11		3				loom-weight	3	780	loom-weight	3	766	loom-weight	3	763
747	lophopbyte	764	11		1	tie			lophophyte	1	781	moil	1	767	lophopbyte	1	764
748	Ion	765	11		1	tie			lou	1	782	loa	1	768	Ion	1	765
749	lubber-lift	766	11		3				lubber-lift	3	783	lubber-lift	3	769	lubber-lift	3	766
750	lumbering	767	11		3				lumbering	3	784	lumbering	3	770	lumbering	3	767
751	lung-sick	768	11		2				lung-sick	2	785	Rolula	1	771	lung-sick	2	768
752	lutecium	769	11		1	tie			of	1	786	Intednm	1	772	lutecium	1	769
753	lye	770	11		3				lye	3	787	lye	3	773	lye	3	770
754	lynch-court	771	11		3				lynch-court	3	788	lynch-court	3	774	lynch-court	3	771
755		772	11		3					3	789		3	775		3	772
756		773	11		2				CD	1	790		2	776		2	773
757		774	11		3					3	791		3	777		3	774
758		775	11		3					3	792		3	778		3	775
759		776	11		3					3	793		3	779		3	776
760		777	11		3					3	794		3	780		3	777
761	BINDING		11		1	tie			lilllillWlgf	1	795	BINDING	1	781			
762			11		2					2	796		2	782			