AALTO|8|2|Aalto|3||1
ABADAN|8|2|Ābādān|3|AALTO|1
ABATTAGE|9|3|abattage|4|ABADAN|1
ABATTAGE|10|4||5|ABATTAGE|1
ABATTOIR|11|5|abattoir|6|ABATTAGE|1
ABBADIDES|11|5|Abbadides|6|ABATTOIR|1
ABBAS|12|6|Abbās Ier le Grand|7|ABBADIDES|1
ABBASSIDES|12|6|'Abbāssides|7|ABBAS|1
ABBASSIDES|13|7||8|ABBASSIDES|1
ABBASSIDES|14|8||9|ABBASSIDES|1
ABBASSIDES|15|9||10|ABBASSIDES|1
ABBAYE|16|10|abbaye|11|ABBASSIDES|1
ABCES|16|10|abcès|11|ABBAYE|1
ABDALAZIZ|17|11|Abd al-'Aziz III ibn Sa'ūd|12|ABCES|1
ABDALAZIZ|18|12||13|ABDALAZIZ|1
ABDALRAHMAN|19|13|Abd al-Rahmān III|14|ABDALAZIZ|1
ABDALWADILES|20|14|Abdalwādiles|15|ABDALRAHMAN|1
ABDELKADER|20|14|Abd el-Kader|15|ABDALWADILES|1
ABDELKRIM|21|15|Abd el-Krim|16|ABDELKADER|1
ABDOMEN|22|16|abdomen|17|ABDELKRIM|1
ABDOMEN|23|17||18|ABDOMEN|1
ABDULHAMID|24|18|Abdülhamid Ier et II|19|ABDOMEN|1
ABEILLE|24|18|abeille|19|ABDULHAMID|1
ABEILLE|25|19||20|ABEILLE|1
ABEILLE|26|20||21|ABEILLE|1
ABEILLE|27|21||22|ABEILLE|1
ABEL|28|22|Abel (Niels Henrik)|23|ABEILLE|1
ABELARD|29|23|Abélard (Pierre)|24|ABEL|1
ABERRATION|30|24|aberrations|25|ABELARD|1
ABERRATION|31|25||26|ABERRATION|1
ABERRATION|32|26||27|ABERRATION|1
ABERRATION|33|27||28|ABERRATION|1
ABERRATION|34|28||29|ABERRATION|1
ABIDJAN|35|29|Abidjan|30|ABERRATION|1
ABOMEY|35|29|Abomey (royaume d')|30|ABIDJAN|1
ABOUSIMBEL|36|30|Abou-Simbel|31|ABOMEY|1
ABRAMOVITZ|37|31|Abramovitz (Chalom Yaacov)|32|ABOUSIMBEL|1
ABRASIF|38|32|abrasif|33|ABRAMOVITZ|1
ABRUZZES|39|33|Abruzzes et Molise|34|ABRASIF|1
ABSORPTION|40|34|absorption|35|ABRUZZES|1
ABSTRACTION|41|35|abstraction|36|ABSORPTION|1
ABSTRACTION|42|36||37|ABSTRACTION|1
ABSTRACTION|43|37||38|ABSTRACTION|1
ABSTRACTION|44|38||39|ABSTRACTION|1
ABSTRACTION|45|39||40|ABSTRACTION|1
ABSURDE|46|40|absurde (le sentiment de l')|41|ABSTRACTION|1
ABUNUWAS|47|41|Abū Nuwās (al-Hasan ibn Hāni')|42|ABSURDE|1
ABYSSE|48|42|abysses|43|ABUNUWAS|1
ACADEMIE|49|43|académie|44|ABYSSE|1
ACADEMIEDEMUSIQUE|50|44|académies de musique|45|ACADEMIE|1
ACADEMIEROYALEDEDANSE|51|45|Académie royale de danse|46|ACADEMIEDEMUSIQUE|1
ACADEMIEROYALEDEPEINTUREETDESCULPTURE|52|46|Académie royale de peinture et de sculpture|47|ACADEMIEROYALEDEDANSE|1
ACADEMISME|53|47|académisme|48|ACADEMIEROYALEDEPEINTUREETDESCULPTURE|1
ACADEMISME|54|48||49|ACADEMISME|1
ACADIE|55|49|Acadie|50|ACADEMISME|1
ACARIEN|56|50|Acariens|51|ACADIE|1
ACCELERATEUR|57|51|accélérateur de particules|52|ACARIEN|1
ACCELERATEUR|58|52||53|ACCELERATEUR|1
ACCELERATEUR|59|53||54|ACCELERATEUR|1
ACCELERATEUR|60|54||55|ACCELERATEUR|1
ACCELERATEUR|61|55||56|ACCELERATEUR|1
ACCELERATEUR|62|56||57|ACCELERATEUR|1
ACCELERATEUR|63|57||58|ACCELERATEUR|1
ACCIDENT|64|58|accident|59|ACCELERATEUR|1
ACCIDENT|65|59||60|ACCIDENT|1
ACCIDENT|66|60||61|ACCIDENT|1
ACCIDENT|67|61||62|ACCIDENT|1
ACCIDENT|68|62||63|ACCIDENT|1
ACCIDENT|69|63||64|ACCIDENT|1
ACCIDENTS|70|64|accidents du travail|65|ACCIDENT|1
ACCIDENTS|71|65||66|ACCIDENTS|1
ACCLIMATATION|72|66|acclimatation|67|ACCIDENTS|1
ACCLIMATATION|73|67||68|ACCLIMATATION|1
ACCOMPAGNEMENT|74|68|accompagnement|69|ACCLIMATATION|1
ACCORD|74|68|accord|69|ACCOMPAGNEMENT|1
ACCOUCHEMENT|75|69|accouchement|70|ACCORD|1
ACCOUCHEMENT|76|70||71|ACCOUCHEMENT|1
ACCOUCHEMENT|77|71||72|ACCOUCHEMENT|1
ACCOUCHEMENT|78|72||73|ACCOUCHEMENT|1
ACCOUCHEMENT|79|73||74|ACCOUCHEMENT|1
ACCOUCHEMENT|80|74||75|ACCOUCHEMENT|1
ACCOUCHEMENT|81|75||76|ACCOUCHEMENT|1
ACCOUPLEMENT|82|76|accouplement|77|ACCOUCHEMENT|1
ACCOUPLEMENT|83|77||78|ACCOUPLEMENT|1
ACCOUTUMANCE|84|78|accoutumance|79|ACCOUPLEMENT|1
ACCRA|85|79|Accra|80|ACCOUTUMANCE|1
ACCULTURATION|86|80|acculturation|81|ACCRA|1
ACCUMULATEUR|86|80|accumulateur électrique|81|ACCULTURATION|1
ACCUMULATEUR|87|81||82|ACCUMULATEUR|1
ACETAL|88|82|acétals|83|ACCUMULATEUR|1
ACETONEMIE|89|83|acétonémie|84|ACETAL|1
ACETYLCHOLINE|89|83|acétylcholine|84|ACETONEMIE|1
ACETYLENE|90|84|acétylène|85|ACETYLCHOLINE|1
ACHANTIS|90|84|Achantis|85|ACETYLENE|1
ACHEEN|90|84|Achéens|85|ACHANTIS|1
ACHEMENIDE|91|85|Achéménides|86|ACHEEN|1
ACHEMENIDE|92|86||87|ACHEMENIDE|1
ACHEMENIDE|93|87||88|ACHEMENIDE|1
ACHEMENIDE|94|88||89|ACHEMENIDE|1
ACHEMENIDE|95|89||90|ACHEMENIDE|1
ACHONDROPLASIE|96|90|achondroplasie|91|ACHEMENIDE|1
ACIDE|96|90|acides|91|ACHONDROPLASIE|1
ACIDESALCOOLS|96|90|acides-alcools|91|ACIDE|1
ACIDESAMINES|97|91|acides-aminés|92|ACIDESALCOOLS|1
ACIDESCARBOXYLIQUES|98|92|acides carboxyliques|93|ACIDESAMINES|1
ACIDESCETONIQUES|98|92|acides cétoniques|93|ACIDESCARBOXYLIQUES|1
ACIDESPHENOLS|99|93|acides-phénols|94|ACIDESCETONIQUES|1
ACIDITE|100|94|acidité|95|ACIDESPHENOLS|1
ACIDOBASIQUE|100|94|acido-basique (équilibre)|95|ACIDITE|1
ACIER|100|94|acier|95|ACIDOBASIQUE|1
ACIER|101|95||96|ACIER|1
ACIER|102|96||97|ACIER|1
ACIER|103|97||98|ACIER|1
ACNE|104|98|acné|99|ACIER|1
ACORES|105|99|Açores|100|ACNE|1
ACOUSTIQUE|106|100|acoustique|101|ACORES|1
ACOUSTIQUEARCHITECTURAL|107|101|acoustique architectural|102|ACOUSTIQUE|1
ACROCYANOSE|107|101|acrocyanose|102|ACOUSTIQUEARCHITECTURAL|1
ACROMEGALIE|108|102|acromégalie|103|ACROCYANOSE|1
ACROPOLE|109|103|Acropole d'Athènes|104|ACROMEGALIE|1
ACTE|109|103|acte juridique|104|ACROPOLE|1
ACTINIE|109|103|Actinie|104|ACTE|1
ACTINIUM|110|104|actinium|105|ACTINIE|1
ACTINOPODE|110|104|Actinopodes|105|ACTINIUM|1
ACTION|111|105|action (sociologie de l')|106|ACTINOPODE|1
ACTIONCATHOLIQUE|111|105|Action catholique|106|ACTION|1
ACTIONCATHOLIQUE|112|106||107|ACTIONCATHOLIQUE|1
ACTIONFRANCAISE|113|107|Action française|108|ACTIONCATHOLIQUE|1
ACTIONSANITAIREETSOCIALE|114|108|action sanitaire et sociale|109|ACTIONFRANCAISE|1
ACTIVATION|114|108|activation|109|ACTIONSANITAIREETSOCIALE|1
ACTIVATIONNEUTRONIQUE|115|109|activation neutronique|110|ACTIVATION|1
ACTIVITE|116|110|activité|111|ACTIVATIONNEUTRONIQUE|1
ACTIVITEECONOMIQUE|116|110|activité économique|111|ACTIVITE|1
ACTIVITEECONOMIQUE|117|111||112|ACTIVITEECONOMIQUE|1
ACUPUNCTURE|118|112|acupuncture|113|ACTIVITEECONOMIQUE|1
ADAM|119|113|Adam (les)|114|ACUPUNCTURE|1
ADAM|120|114|Adam (Henri Georges)|115|ADAM|1
ADAMLEBOSSU|120|114|Adam le Bossu|115|ADAM|1
ADAMOV|121|115|Adamov (Arthur)|116|ADAMLEBOSSU|1
ADAMS|122|116|Adams (Samuel, John et John Quincy)|117|ADAMOV|1
ADAPTATION|122|116|adaptation|117|ADAMS|1
ADAPTATION|123|117||118|ADAPTATION|1
ADAPTATION|124|118||119|ADAPTATION|1
ADAPTATION|125|119||120|ADAPTATION|1
ADAPTATION|126|120||121|ADAPTATION|1
ADDISABEBA|127|121|Addis-Abeba|122|ADAPTATION|1
ADDISON|127|121|Addison (Joseph)|122|ADDISABEBA|1
ADDITIF|128|122|additif|123|ADDISON|1
ADDUCTION|129|123|adduction|124|ADDITIF|1
ADDUCTION|130|124||125|ADDUCTION|1
ADELAIDE|131|125|Adélaïde|126|ADDUCTION|1
ADEN|132|126|Aden|127|ADELAIDE|1
ADENAUER|132|126|Adenauer (Konrad)|127|ADEN|1
ADENAUER|133|127||128|ADENAUER|1
ADENITE|134|128|adénite|129|ADENAUER|1
ADENOME|134|128|adénome|129|ADENITE|1
ADENOPATHIE|134|128|adénopathie|129|ADENOME|1
ADER|134|128|Ader (Clément)|129|ADENOPATHIE|1
ADHERENCE|135|129|adhérence|130|ADER|1
ADHERENCE|136|130||131|ADHERENCE|1
ADHESIF|137|131|adhésif|132|ADHERENCE|1
ADLER|138|132|Adler (Alfred)|133|ADHESIF|1
ADMINISTRATION|138|132|administration|133|ADLER|1
ADMINISTRATION|139|133||134|ADMINISTRATION|1
ADMINISTRATION|140|134||135|ADMINISTRATION|1
ADMINISTRATION|141|135||136|ADMINISTRATION|1
ADMINISTRATION|142|136||137|ADMINISTRATION|1
ADMINISTRATION|143|137||138|ADMINISTRATION|1
ADMINISTRATION|144|138||139|ADMINISTRATION|1
ADOLESCENCE|145|139|adolescence|140|ADMINISTRATION|1
ADOLESCENCE|146|140||141|ADOLESCENCE|1
ADOPTION|147|141|adoption|142|ADOLESCENCE|1
ADORNO|148|142|Adorno (Theodor Wiesengrund)|143|ADOPTION|1
ADRENALINE|148|142|adrénaline|143|ADORNO|1
ADRIATIQUE|149|143|Adriatique (mer)|144|ADRENALINE|1
ADSORPTION|149|143|adsorption|144|ADRIATIQUE|1
ADULTE|149|143|adulte|144|ADSORPTION|1
ADY|150|144|Ady (Endre)|145|ADULTE|1
AERIEN|151|145|aériens (transports)|146|ADY|1
AERIEN|152|146||147|AERIEN|1
AERIEN|153|147||148|AERIEN|1
AERIENETAEROSPATIAL|154|148|aérien et aérospatial (droit)|149|AERIEN|1
AERIENETAEROSPATIAL|155|149||150|AERIENETAEROSPATIAL|1
AERIENNE|156|150|aérienne (défense)|151|AERIENETAEROSPATIAL|1
AERIENNE|157|151||152|AERIENNE|1
AERODYNAMIQUE|158|152|aérodynamique|153|AERIENNE|1
AERODYNAMIQUE|159|153||154|AERODYNAMIQUE|1
AEROGLISSEUR|160|154|aéroglisseur|155|AERODYNAMIQUE|1
AEROGLISSEUR|161|155||156|AEROGLISSEUR|1
AEROGLISSEUR|162|156||157|AEROGLISSEUR|1
AERONAUTIQUE|163|157|aéronautique et aérospatiale (industrie)|158|AEROGLISSEUR|1
AERONAUTIQUE|164|158||159|AERONAUTIQUE|1
AERONAUTIQUE|165|159||160|AERONAUTIQUE|1
AERONAUTIQUE|166|160||161|AERONAUTIQUE|1
AERONAUTIQUE|167|161|aéronautique (médecine)|162|AERONAUTIQUE|1
AERONAVALE|168|162|aéronavale|163|AERONAUTIQUE|1
AERONAVALE|169|163||164|AERONAVALE|1
AERONOMIE|170|164|aéronomie|165|AERONAVALE|1
AEROPORT|170|164|aéroport|165|AERONOMIE|1
AEROPORT|171|165||166|AEROPORT|1
AEROPORT|172|166||167|AEROPORT|1
AEROPORTE|173|167|aéroporté|168|AEROPORT|1
AEROPORTE|174|168||169|AEROPORTE|1
AEROSOL|175|169|aérosol|170|AEROPORTE|1
AEROSPATIAL|175|169|aérospatial (droit)|170|AEROSOL|1
AEROSPATIALE|175|169|aérospatiale (industrie)|170|AEROSPATIAL|1
AEROSPATIALE|175|169|aérospatiale (médecine)|170|AEROSPATIALE|1
AEROSTATION|176|170|aérostation|171|AEROSPATIALE|1
AEROSTATION|177|171||172|AEROSTATION|1
AEROTECHNIQUE|178|172|aérotechnique|173|AEROSTATION|1
AEROTRAIN|179|173|Aérotrain|174|AEROTECHNIQUE|1
AEROTRAIN|180|174||175|AEROTRAIN|1
AERTSEN|181|175|Aertsen (Pieter)|176|AEROTRAIN|1
AFARS|182|176|Afars et des Issas (Territoire français des)|177|AERTSEN|1
AFFAIRE|183|177|affaires maritimes (Administration des)|178|AFARS|1
AFFECTIVITE|183|177|affectivité|178|AFFAIRE|1
AFFECTIVITE|184|178||179|AFFECTIVITE|1
AFFICHE|185|179|affiche|180|AFFECTIVITE|1
AFFICHE|186|180||181|AFFICHE|1
AFFUTAGE|187|181|affûtage|182|AFFICHE|1
AFFUTAGE|188|182||183|AFFUTAGE|1
AFFUTAGE|189|183||184|AFFUTAGE|1
AFGHANISAN|190|184|Afghānisān|185|AFFUTAGE|1
AFGHANISAN|191|185||186|AFGHANISAN|1
AFGHANISAN|192|186||187|AFGHANISAN|1
AFGHANISAN|193|187||188|AFGHANISAN|1
AFGHANISAN|194|188||189|AFGHANISAN|1
AFRIQUE|195|189|Afrique|190|AFGHANISAN|1
AFRIQUE|196|190||191|AFRIQUE|1
AFRIQUE|197|191||192|AFRIQUE|1
AFRIQUE|198|192||193|AFRIQUE|1
AFRIQUE|199|193||194|AFRIQUE|1
AFRIQUE|200|194||195|AFRIQUE|1
AFRIQUE|201|195||196|AFRIQUE|1
AFRIQUE|202|196||197|AFRIQUE|1
AFRIQUE|203|197||198|AFRIQUE|1
AFRIQUE|204|198||199|AFRIQUE|1
AFRIQUE|205|199||200|AFRIQUE|1
AFRIQUE|206|200||201|AFRIQUE|1
AFRIQUENOIRE|207|201|Afrique noire|202|AFRIQUE|1
AFRIQUENOIRE|208|202||203|AFRIQUENOIRE|1
AFRIQUENOIRE|209|203||204|AFRIQUENOIRE|1
AFRIQUENOIRE|210|204||205|AFRIQUENOIRE|1
AFRIQUENOIRE|211|205||206|AFRIQUENOIRE|1
AFRIQUENOIRE|212|206||207|AFRIQUENOIRE|1
AFRIQUENOIRE|213|207||208|AFRIQUENOIRE|1
AFRIQUENOIRE|214|208||209|AFRIQUENOIRE|1
AFRIQUENOIRE|215|209||210|AFRIQUENOIRE|1
AFRIQUENOIRE|216|210||211|AFRIQUENOIRE|1
AFRIQUENOIRE|217|211||212|AFRIQUENOIRE|1
AFRIQUENOIRE|218|212||213|AFRIQUENOIRE|1
AFRIQUENOIRE|219|213||214|AFRIQUENOIRE|1
AFRIQUENOIRE|220|214||215|AFRIQUENOIRE|1
AFRIQUENOIRE|221|215||216|AFRIQUENOIRE|1
AFRIQUENOIRE|222|216||217|AFRIQUENOIRE|1
AFRIQUEROMAINE|223|217|Afrique romaine|218|AFRIQUENOIRE|1
AFRIQUEROMAINE|224|218||219|AFRIQUEROMAINE|1
AFRIQUEROMAINE|225|219||220|AFRIQUEROMAINE|1
AFRIQUEROMAINE|226|220||221|AFRIQUEROMAINE|1
AFRIQUESUD|227|221|Afrique du Sud (république d')|222|AFRIQUEROMAINE|1
AFRIQUESUD|228|222||223|AFRIQUESUD|1
AFRIQUESUD|229|223||224|AFRIQUESUD|1
AFRIQUESUD|230|224||225|AFRIQUESUD|1
AFRIQUESUD|231|225||226|AFRIQUESUD|1
AFRIQUESUD|232|226||227|AFRIQUESUD|1
AFRIQUESUD|233|227||228|AFRIQUESUD|1
AFRIQUESUD|234|228||229|AFRIQUESUD|1
AFRIQUESUD|235|229||230|AFRIQUESUD|1
AFRIQUESUD|236|230||231|AFRIQUESUD|1
AGE|237|231|âge de la Terre|232|AFRIQUESUD|1
AGEN|238|232|Agen|233|AGE|1
AGENT|238|232|agent de change|233|AGEN|1
AGENT|239|233||234|AGENT|1
AGGLOMERATION|240|234|agglomération urbaine|235|AGENT|1
AGGLOMERATION|241|235||236|AGGLOMERATION|1
AGGLOMERE|242|236|aggloméré|237|AGGLOMERATION|1
AGGLUTINATION|242|236|agglutination|237|AGGLOMERE|1
AGNATHE|243|237|Agnathes|238|AGGLUTINATION|1
AGNON|244|238|Agnon (Samuel Joseph)|239|AGNATHE|1
AGRA|244|238|Agra|239|AGNON|1
AGREE|245|239|agréé|240|AGRA|1
AGRESSIVITE|245|239|agressivité|240|AGREE|1
AGRESSIVITE|246|240||241|AGRESSIVITE|1
AGRESSIVITE|247|241||242|AGRESSIVITE|1
AGRICOLE|248|242|agricole (enseignement)|243|AGRESSIVITE|1
AGRICULTURE|249|243|agriculture|244|AGRICOLE|1
AGRICULTURE|250|244||245|AGRICULTURE|1
AGRICULTURE|251|245||246|AGRICULTURE|1
AGRICULTURE|252|246||247|AGRICULTURE|1
AGRICULTURE|253|247||248|AGRICULTURE|1
AGRICULTURE|254|248||249|AGRICULTURE|1
AGRIGENTE|255|249|Agrigente|250|AGRICULTURE|1
AGRIPPA|255|249|Agrippa (Marcus Vipsanius)|250|AGRIGENTE|1
AGRIPPINE|255|249|Agrippine la Jeune|250|AGRIPPA|1
AGRUME|255|249|agrumes|250|AGRIPPINE|1
AGUESSEAU|256|250|Aguesseau (Henri François d')|251|AGRUME|1
AIDE|257|251|aide sociale|252|AGUESSEAU|1
AIGLE|258|252|Aigle|253|AIDE|1
AIGUILLAGE|258|252|aiguillage|253|AIGLE|1
AILE|259|253|aile|254|AIGUILLAGE|1
AILE|260|254||255|AILE|1
AIMANT|261|255|aimant|256|AILE|1
AIMANT|262|256||257|AIMANT|1
AIN|263|257|Ain 01|258|AIMANT|1
AIR|264|258|air|259|AIN|1
AIR|265|259||260|AIR|1
AIRCOMPRIME|266|260|air comprimé|261|AIR|1
AISNE|267|261|Aisne 02|262|AIRCOMPRIME|1
AIXENPROVENCE|267|261|Aix-en-Provence|262|AISNE|1
AIXENPROVENCE|268|262||263|AIXENPROVENCE|1
AIXENPROVENCE|269|263||264|AIXENPROVENCE|1
AIXLACHAPELLE|270|264|Aix-la-Chapelle|265|AIXENPROVENCE|1
AJACCIO|271|265|Ajaccio|266|AIXLACHAPELLE|1
AJANTA|272|266|Ajantā|267|AJACCIO|1
AJUSTEMENT|272|266|ajustement statistique|267|AJANTA|1
AKBAR|273|267|Akbar|268|AJUSTEMENT|1
AKHMATOVA|274|268|Akhmatova (Anna Andrïevna Gorenko)|269|AKBAR|1
AKINARI|274|268|Akinari|269|AKHMATOVA|1
AKKAD|275|269|Akkad|270|AKINARI|1
AKKAD|276|270||271|AKKAD|1
AKSOUM|277|271|Aksoum|272|AKKAD|1
AKUTAGAWA|277|271|Akutagawa Ryūnosuke|272|AKSOUM|1
ALABAMA|278|272|Alabama|273|AKUTAGAWA|1
ALAIN|278|272|Alain (Émile Chartier, dit)|273|ALABAMA|1
ALAINFOURNIER|279|273|Alain-Fournier (Henri-Fournier, dit)|274|ALAIN|1
ALAINS|279|273|Alains|274|ALAINFOURNIER|1
ALAMAN|279|273|Alamans|274|ALAINS|1
ALARIC|279|273|Alaric Ier|274|ALAMAN|1
ALASKA|280|274|Alaska|275|ALARIC|1
ALAWITE|281|275|Alawïtes|276|ALASKA|1
ALBAIULIA|281|275|Alba-Iulia|276|ALAWITE|1
ALBANIE|281|275|Albanie|276|ALBAIULIA|1
ALBANIE|282|276||277|ALBANIE|1
ALBANIE|283|277||278|ALBANIE|1
ALBANIE|284|278||279|ALBANIE|1
ALBE|285|279|Albe (Fernando Álvarez de Tolède, duc d')|280|ALBANIE|1
ALBEE|286|280|Albee (Edward)|281|ALBE|1
ALBENIZ|287|281|Albéniz (Isaac)|282|ALBEE|1
ALBERS|287|281|Albers (Josef)|282|ALBENIZ|1
ALBERT|287|281|Albert le Grand (saint)|282|ALBERS|1
ALBERT|288|282|Albert 1er|283|ALBERT|1
ALBERTA|289|283|Alberta|284|ALBERT|1
ALBERTI|290|284|Alberti (Leon Battista)|285|ALBERTA|1
ALBERTI|290|284|Alberti (Rafael)|285|ALBERTI|1
ALBI|291|285|Albi|286|ALBERTI|1
ALBIGEOIS|292|286|Albigeois|287|ALBI|1
ALBUMEN|292|286|albumen|287|ALBIGEOIS|1
ALBUMINE|293|287|albumine|288|ALBUMEN|1
ALBUMINURIE|293|287|albuminurie|288|ALBUMINE|1
ALBUQUERQUE|293|287|Albuquerque (Afonso de)|288|ALBUMINURIE|1
ALCALIN|293|287|alcalins (éléments et composés)|288|ALBUQUERQUE|1
ALCALIN|294|288||289|ALCALIN|1
ALCALINO|295|289|alcalino-terreux (éléments et composés)|290|ALCALIN|1
ALCALOIDE|295|289|alcaloïdes|290|ALCALINO|1
ALCANE|296|290|alcanes|291|ALCALOIDE|1
ALCENE|296|290|alcènes|291|ALCANE|1
ALCHIMIE|297|291|alchimie|292|ALCENE|1
ALCIBIADE|298|292|Alcibiade|293|ALCHIMIE|1
ALCOOL|298|292|alcools et dérivés fonctionnels|293|ALCIBIADE|1
ALCOOL|299|293||294|ALCOOL|1
ALCOOL|300|294||295|ALCOOL|1
ALCOOL|301|295||296|ALCOOL|1
ALCOOL|302|296||297|ALCOOL|1
ALCOOL|303|297||298|ALCOOL|1
ALCOOL|304|298||299|ALCOOL|1
ALCOOLISME|305|299|alcoolisme|300|ALCOOL|1
ALCOOLISME|306|300||301|ALCOOLISME|1
ALCOOLISME|307|301||302|ALCOOLISME|1
ALCOOLISME|308|302||303|ALCOOLISME|1
ALCUIN|309|303|Alcuin|304|ALCOOLISME|1
ALCYNE|309|303|Alcynes|304|ALCUIN|1
ALDEHYDE|310|304|aldéhydes|305|ALCYNE|1
ALDEHYDESPHENOLS|310|304|aldéhydes-phénols|305|ALDEHYDE|1
ALEATOIRE|311|305|aléatoire (musique)|306|ALDEHYDESPHENOLS|1
ALEATOIRE|311|305|aléatoire (variable)|306|ALEATOIRE|1
ALEATOIRE|312|306||307|ALEATOIRE|1
ALEIJADINHO|313|307|Aleijadinho (Antonio Francisco Lisboa, dit l')|308|ALEATOIRE|1
ALEMAN|313|307|Alemán (Mateo)|308|ALEIJADINHO|1
ALEMBERT|313|307|Alembert (Jean le Rond d')|308|ALEMAN|1
ALENCON|314|308|Alençon|309|ALEMBERT|1
ALEOUTIENNE|314|308|Aléoutiennes|309|ALENCON|1
ALEP|314|308|Alep|309|ALEOUTIENNE|1
ALES|315|309|Alès|310|ALEP|1
ALESAGE|316|310|alésage|311|ALES|1
ALESIA|317|311|Alésia|312|ALESAGE|1
ALEXANDER|318|312|Alexander (Harold George)|313|ALESIA|1
ALEXANDRE|318|312|Alexandre le Grand|313|ALEXANDER|1
ALEXANDRE|319|313||314|ALEXANDRE|1
ALEXANDRE|320|314||315|ALEXANDRE|1
ALEXANDRE|321|315||316|ALEXANDRE|1
ALEXANDRE|322|316|Alexandre III|317|ALEXANDRE|1
ALEXANDRE|323|317|Alexandre IV|318|ALEXANDRE|1
ALEXANDRE|323|317|Alexandre Ier|318|ALEXANDRE|1
ALEXANDRE|324|318||319|ALEXANDRE|1
ALEXANDRE|325|319|Alexandre II|320|ALEXANDRE|1
ALEXANDRE|326|320|Alexandre III|321|ALEXANDRE|1
ALEXANDRIE|327|321|Alexandrie|322|ALEXANDRE|1
ALEXANDRIE|328|322||323|ALEXANDRIE|1
ALEXANDRIE|329|323||324|ALEXANDRIE|1
ALEXANDRIE|330|324||325|ALEXANDRIE|1
ALEXIS|331|325|Alexis Ier Commène|326|ALEXANDRIE|1
ALFIERI|331|325|Alfieri (Vittorio)|326|ALEXIS|1
ALFRED|332|326|Alfred le Grand|327|ALFIERI|1
ALFVEN|332|326|Alfvén (ondes de)|327|ALFRED|1
ALGARDI|333|327|Algardi (Alessandro)|328|ALFVEN|1
ALGEBRE|333|327|algèbre|328|ALGARDI|1
ALGEBRE|334|328||329|ALGEBRE|1
ALGEBRE|335|329||330|ALGEBRE|1
ALGEBRE|336|330||331|ALGEBRE|1
ALGEBRIQUE|337|331|algébrique sur un anneau commutatif (équation)|332|ALGEBRE|1
ALGEBRIQUE|338|332||333|ALGEBRIQUE|1
ALGER|339|333|Alger|334|ALGEBRIQUE|1
ALGER|340|334||335|ALGER|1
ALGERIE|341|335|Algérie|336|ALGER|1
ALGERIE|342|336||337|ALGERIE|1
ALGERIE|343|337||338|ALGERIE|1
ALGERIE|344|338||339|ALGERIE|1
ALGERIE|345|339||340|ALGERIE|1
ALGERIE|346|340||341|ALGERIE|1
ALGERIE|347|341||342|ALGERIE|1
ALGERIE|348|342||343|ALGERIE|1
ALGERIE|349|343||344|ALGERIE|1
ALGERIE|350|344||345|ALGERIE|1
ALGERIE|351|345||346|ALGERIE|1
ALGERIE|352|346||347|ALGERIE|1
ALGERIE|353|347||348|ALGERIE|1
ALGERIE|354|348||349|ALGERIE|1
ALGERIE|355|349||350|ALGERIE|1
ALGERIE|356|350||351|ALGERIE|1
ALGERIE|357|351||352|ALGERIE|1
ALGERIE|358|352||353|ALGERIE|1
ALGERIE|359|353||354|ALGERIE|1
ALGERIE|360|354||355|ALGERIE|1
ALGERIE|361|355||356|ALGERIE|1
ALGONQUIN|362|356|Algonquins|357|ALGERIE|1
ALGUE|362|356|Algues|357|ALGONQUIN|1
ALGUE|363|357||358|ALGUE|1
ALGUE|364|358||359|ALGUE|1
ALGUE|365|359||360|ALGUE|1
ALIDE|366|360|Alides|361|ALGUE|1
ALIENATION|367|361|aliénation|362|ALIDE|1
ALIMENT|367|361|aliment|362|ALIENATION|1
ALIMENT|368|362||363|ALIMENT|1
ALIMENT|369|363||364|ALIMENT|1
ALIMENT|370|364||365|ALIMENT|1
ALIMENT|371|365||366|ALIMENT|1
ALIMENT|372|366||367|ALIMENT|1
ALIMENT|373|367|aliments|368|ALIMENT|1
ALIMENT|374|368||369|ALIMENT|1
ALIMENT|375|369||370|ALIMENT|1
ALIMENTAIRE|376|370|alimentaire (régime)|371|ALIMENT|1
ALIMENTAIRE|377|371||372|ALIMENTAIRE|1
ALIMENTAIRE|378|372||373|ALIMENTAIRE|1
ALIMENTAIRE|379|373||374|ALIMENTAIRE|1
ALIMENTATION|380|374|alimentation|375|ALIMENTAIRE|1
ALIMENTATION|381|375||376|ALIMENTATION|1
ALIMENTATION|382|376||377|ALIMENTATION|1
ALIMENTATIONRATIONNELLEDUBETAIL|383|377|alimentation rationnelle du bétail|378|ALIMENTATION|1
ALIMENTATIONRATIONNELLEDUBETAIL|384|378||379|ALIMENTATIONRATIONNELLEDUBETAIL|1
ALIMENTATIONRATIONNELLEDUBETAIL|385|379||380|ALIMENTATIONRATIONNELLEDUBETAIL|1
ALIZE|386|380|alizé|381|ALIMENTATIONRATIONNELLEDUBETAIL|1
ALLAH|386|380|Allāh|381|ALIZE|1
ALLAITEMENT|386|380|allaitement|381|ALLAH|1
ALLEMAGNE|387|381|Allemagne|382|ALLAITEMENT|1
ALLEMAGNE|388|382||383|ALLEMAGNE|1
ALLEMAGNE|389|383||384|ALLEMAGNE|1
ALLEMAGNE|390|384||385|ALLEMAGNE|1
ALLEMAGNE|391|385||386|ALLEMAGNE|1
ALLEMAGNE|392|386||387|ALLEMAGNE|1
ALLEMAGNE|393|387||388|ALLEMAGNE|1
ALLEMAGNE|394|388||389|ALLEMAGNE|1
ALLEMAGNE|395|389||390|ALLEMAGNE|1
ALLEMAGNE|396|390||391|ALLEMAGNE|1
ALLEMAGNE|397|391||392|ALLEMAGNE|1
ALLEMAGNE|398|392||393|ALLEMAGNE|1
ALLEMAGNE|399|393||394|ALLEMAGNE|1
ALLEMAGNE|400|394||395|ALLEMAGNE|1
ALLEMAGNE|401|395||396|ALLEMAGNE|1
ALLEMAGNE|402|396||397|ALLEMAGNE|1
ALLEMAGNE|403|397||398|ALLEMAGNE|1
ALLEMAGNE|404|398||399|ALLEMAGNE|1
ALLEMAGNE|405|399||400|ALLEMAGNE|1
ALLEMAGNE|406|400||401|ALLEMAGNE|1
ALLEMAGNE|407|401||402|ALLEMAGNE|1
ALLEMAGNE|408|402||403|ALLEMAGNE|1
ALLEMAGNE|409|403|Allemagne (République fédérale d')|404|ALLEMAGNE|1
ALLEMAGNE|410|404||405|ALLEMAGNE|1
ALLEMAGNE|411|405||406|ALLEMAGNE|1
ALLEMAGNE|412|406||407|ALLEMAGNE|1
ALLEMAGNE|413|407||408|ALLEMAGNE|1
ALLEMAGNE|414|408||409|ALLEMAGNE|1
ALLEMAGNE|415|409||410|ALLEMAGNE|1
ALLEMAGNE|416|410||411|ALLEMAGNE|1
ALLEMAGNE|417|411||412|ALLEMAGNE|1
ALLEMAGNE|418|412||413|ALLEMAGNE|1
ALLEMAGNE|419|413||414|ALLEMAGNE|1
ALLEMAGNE|420|414||415|ALLEMAGNE|1
ALLEMAGNE|421|415||416|ALLEMAGNE|1
ALLEMAGNE|422|416||417|ALLEMAGNE|1
ALLEMAGNE|423|417||418|ALLEMAGNE|1
ALLEMAGNE|424|418||419|ALLEMAGNE|1
ALLEMAGNE|425|419||420|ALLEMAGNE|1
ALLEMAGNE|426|420||421|ALLEMAGNE|1
ALLEMAGNE|427|421||422|ALLEMAGNE|1
ALLEMAGNE|428|422|Allemagne (République démocratique d')|423|ALLEMAGNE|1
ALLEMAGNE|429|423||424|ALLEMAGNE|1
ALLEMAGNE|430|424||425|ALLEMAGNE|1
ALLEMAGNE|431|425||426|ALLEMAGNE|1
ALLEMAGNE|432|426||427|ALLEMAGNE|1
ALLEMAGNE|433|427||428|ALLEMAGNE|1
ALLEMAGNE|434|428||429|ALLEMAGNE|1
ALLEMAGNE|435|429||430|ALLEMAGNE|1
ALLEMAGNE|436|430||431|ALLEMAGNE|1
ALLEMAGNE|437|431||432|ALLEMAGNE|1
ALLERGIE|438|432|allergie|433|ALLEMAGNE|1
ALLERGIE|439|433||434|ALLERGIE|1
ALLERGIE|440|434||435|ALLERGIE|1
ALLERGIE|441|435||436|ALLERGIE|1
ALLIAGE|442|436|alliage|437|ALLERGIE|1
ALLIAGE|443|437||438|ALLIAGE|1
ALLIAGE|444|438||439|ALLIAGE|1
ALLIAGE|445|439||440|ALLIAGE|1
ALLIAGE|446|440||441|ALLIAGE|1
ALLIER|447|441|Allier 03|442|ALLIAGE|1
ALLUMAGE|448|442|allumage|443|ALLIER|1
ALLUMETTE|449|443|allumette|444|ALLUMAGE|1
ALLUMETTE|450|444||445|ALLUMETTE|1
ALMAATA|451|445|Alma-Ata|446|ALLUMETTE|1
ALMEIDA|451|445|Almeida Garett (João Baptista de Silva Leitāo de)|446|ALMAATA|1
ALMOHADE|452|446|Almohades|447|ALMEIDA|1
ALMORAVIDE|453|447|Almoravides|448|ALMOHADE|1
ALMORAVIDE|454|448||449|ALMORAVIDE|1
ALOPECIE|455|449|alopécie|450|ALMORAVIDE|1
ALPES|456|450|Alpes|451|ALOPECIE|1
ALPES|457|451||452|ALPES|1
ALPES|458|452||453|ALPES|1
ALPES|459|453||454|ALPES|1
ALPES|460|454||455|ALPES|1
ALPES|461|455||456|ALPES|1
ALPES|462|456||457|ALPES|1
ALPES|463|457||458|ALPES|1
ALPES|464|458||459|ALPES|1
ALPES|465|459||460|ALPES|1
ALPES|466|460|Alpes (Hautes-) 05|461|ALPES|1
ALPESDEHAUTE|467|461|Alpes-de-Haute-Provence 04|462|ALPES|1
ALPESFRANCAISE|468|462|Alpes française|463|ALPESDEHAUTE|1
ALPESMARITIMES|469|463|Alpes-Maritimes 06|464|ALPESFRANCAISE|1
ALPHABET|469|463|alphabet|464|ALPESMARITIMES|1
ALPHONSE|469|463|Alphonse|464|ALPHABET|1
ALPHONSEVI|469|463|Alphonse VI|464|ALPHONSE|1
ALPHONSEX|470|464|Alphonse X le Sage|465|ALPHONSEVI|1
ALPHONSEXIII|471|465|Alphonse XIII|466|ALPHONSEX|1
ALPINISME|471|465|alpinisme|466|ALPHONSEXIII|1
ALPINISME|472|466||467|ALPINISME|1
ALPINISME|473|467||468|ALPINISME|1
ALPINISME|474|468||469|ALPINISME|1
ALPINISME|475|469||470|ALPINISME|1
ALPINISME|476|470||471|ALPINISME|1
ALSACE|477|471|Alsace|472|ALPINISME|1
ALSACE|478|472||473|ALSACE|1
ALSACE|479|473||474|ALSACE|1
ALSACE|480|474||475|ALSACE|1
ALSACE|481|475||476|ALSACE|1
ALSACE|482|476||477|ALSACE|1
ALTAI|483|477|Altaï|478|ALSACE|1
ALTDORFER|483|477|Altdorfer (Albrecht)|478|ALTAI|1
ALTERNATEUR|484|478|alternateur|479|ALTDORFER|1
ALTERNATEUR|485|479||480|ALTERNATEUR|1
ALTITUDE|486|480|altitude|481|ALTERNATEUR|1
ALUMINIUM|487|481|aluminium|482|ALTITUDE|1
ALUMINIUM|488|482||483|ALUMINIUM|1
ALUMINIUM|489|483||484|ALUMINIUM|1
ALUMINIUM|490|484||485|ALUMINIUM|1
AMANITE|491|485|Amanites|486|ALUMINIUM|1
AMARNA|492|486|Amarna|487|AMANITE|1
AMAS|492|486|amas|487|AMARNA|1
AMAZONE|492|486|Amazone|487|AMAS|1
AMAZONIE|493|487|Amazonie|488|AMAZONE|1
AMBROISE|494|488|Ambroise de Milan (saint)|489|AMAZONIE|1
AMBULANCE|495|489|ambulance|490|AMBROISE|1
AMELIORATION|495|489|amélioration des bois|490|AMBULANCE|1
AMENAGEMENT|496|490|aménagement des établissements industriels|491|AMELIORATION|1
AMENAGEMENT|497|491||492|AMENAGEMENT|1
AMENAGEMENT|498|492||493|AMENAGEMENT|1
AMENAGEMENTDUTERRITOIRE|499|493|aménagement du territoire|494|AMENAGEMENT|1
AMENAGEMENTDUTERRITOIRE|500|494||495|AMENAGEMENTDUTERRITOIRE|1
AMENAGEMENTDUTERRITOIRE|501|495||496|AMENAGEMENTDUTERRITOIRE|1
AMENAGEMENTDUTERRITOIRE|502|496||497|AMENAGEMENTDUTERRITOIRE|1
AMENAGEMENTDUTERRITOIRE|503|497||498|AMENAGEMENTDUTERRITOIRE|1
AMENOPHIS|504|498|Aménophis IV|499|AMENAGEMENTDUTERRITOIRE|1
AMENTIFERE|504|498|Amentifères|499|AMENOPHIS|1
AMERICIUM|505|499|américium|500|AMENTIFERE|1
AMERIQUE|505|499|Amérique|500|AMERICIUM|1
AMERIQUE|506|500||501|AMERIQUE|1
AMERIQUE|507|501||502|AMERIQUE|1
AMERIQUE|508|502||503|AMERIQUE|1
AMERIQUE|509|503||504|AMERIQUE|1
AMERIQUE|510|504||505|AMERIQUE|1
AMERIQUE|511|505||506|AMERIQUE|1
AMERIQUE|512|506|Amérique (Indiens d')|507|AMERIQUE|1
AMERIQUELATINE|512|506|Amérique latine|507|AMERIQUE|1
AMERIQUELATINE|513|507||508|AMERIQUELATINE|1
AMERIQUELATINE|514|508||509|AMERIQUELATINE|1
AMERIQUELATINE|515|509||510|AMERIQUELATINE|1
AMERIQUELATINE|516|510||511|AMERIQUELATINE|1
AMERIQUELATINE|517|511||512|AMERIQUELATINE|1
AMERIQUELATINE|518|512||513|AMERIQUELATINE|1
AMERIQUELATINE|519|513||514|AMERIQUELATINE|1
AMERIQUELATINE|520|514||515|AMERIQUELATINE|1
AMERIQUELATINE|521|515||516|AMERIQUELATINE|1
AMERIQUELATINE|522|516||517|AMERIQUELATINE|1
AMERIQUELATINE|523|517||518|AMERIQUELATINE|1
AMERIQUELATINE|524|518||519|AMERIQUELATINE|1
AMERIQUELATINE|525|519||520|AMERIQUELATINE|1
AMERIQUELATINE|526|520||521|AMERIQUELATINE|1
AMERIQUELATINE|527|521||522|AMERIQUELATINE|1
AMERIQUELATINE|528|522||523|AMERIQUELATINE|1
AMERIQUEPRECOLOMBIENNE|529|523|Amérique précolombienne|524|AMERIQUELATINE|1
AMERIQUEPRECOLOMBIENNE|530|524||525|AMERIQUEPRECOLOMBIENNE|1
AMERIQUEPRECOLOMBIENNE|531|525||526|AMERIQUEPRECOLOMBIENNE|1
AMERIQUEPRECOLOMBIENNE|532|526||527|AMERIQUEPRECOLOMBIENNE|1
AMERIQUEPRECOLOMBIENNE|533|527||528|AMERIQUEPRECOLOMBIENNE|1
AMERIQUEPRECOLOMBIENNE|534|528||529|AMERIQUEPRECOLOMBIENNE|1
AMERIQUEPRECOLOMBIENNE|535|529||530|AMERIQUEPRECOLOMBIENNE|1
AMERIQUEPRECOLOMBIENNE|536|530||531|AMERIQUEPRECOLOMBIENNE|1
AMERIQUEPRECOLOMBIENNE|537|531||532|AMERIQUEPRECOLOMBIENNE|1
AMERIQUEPRECOLOMBIENNE|538|532||533|AMERIQUEPRECOLOMBIENNE|1
AMEUBLEMENT|539|533|ameublement|534|AMERIQUEPRECOLOMBIENNE|1
AMIANTE|539|533|amiante-ciment|534|AMEUBLEMENT|1
AMIBIASE|540|534|amibiase|535|AMIANTE|1
AMIBIEN|540|534|Amibiens|535|AMIBIASE|1
AMIDE|541|535|amides|536|AMIBIEN|1
AMIDON|542|536|amidon|537|AMIDE|1
AMIDON|543|537||538|AMIDON|1
AMIENS|2|538|Amiens|539|AMIDON|2
AMIENS|3|539||540|AMIENS|2
AMINES|4|540|amines|541|AMIENS|2
AMINOACIDES|5|541|aminoacides|542|AMINES|2
AMINOPHENOLS|5|541|aminophénols|542|AMINOACIDES|2
AMIRAL|5|541|amiral|542|AMINOPHENOLS|2
AMMAN|5|541|'Āmman|542|AMIRAL|2
AMMONIAC|6|542|ammoniac|543|AMMAN|2
AMMONIAC|7|543||544|AMMONIAC|2
AMMONITE|8|544|Ammonites|545|AMMONIAC|2
AMNESIE|9|545|amnésie|546|AMMONITE|2
AMNISTIE|9|545|amnistie|546|AMNESIE|2
AMORION|10|546|Amorion (dynastie d')|547|AMNISTIE|2
AMORTISSEMENT|10|546|amortissement|547|AMORION|2
AMPERE|10|546|ampère|547|AMORTISSEMENT|2
AMPERE|11|547|Ampère (André marie)|548|AMPERE|2
AMPHETAMINE|12|548|amphétamine|549|AMPERE|2
AMPHIBIE|12|548|amphibies (opérations)|549|AMPHETAMINE|2
AMPHIBIEN|13|549|Amphibiens|550|AMPHIBIE|2
AMPHIBIEN|14|550||551|AMPHIBIEN|2
AMPHIBIEN|15|551||552|AMPHIBIEN|2
AMPHIBIEN|16|552||553|AMPHIBIEN|2
AMPHIBIOSE|17|553|amphibiose|554|AMPHIBIEN|2
AMPHINEURE|18|554|Amphineures|555|AMPHIBIOSE|2
AMPHIOXUS|19|555|Amphioxus|556|AMPHINEURE|2
AMPHIPODES|20|556|amphipodess|557|AMPHIOXUS|2
AMPLIFICATEUR|20|556|amplificateur audiofréquence|557|AMPHIPODES|2
AMPLIFICATEUR|21|557||558|AMPLIFICATEUR|2
AMPLIFICATEURELECTRONIQUE|22|558|amplificateur électronique|559|AMPLIFICATEUR|2
AMPLIFICATEURELECTRONIQUE|23|559||560|AMPLIFICATEURELECTRONIQUE|2
AMSTERDAM|24|560|Amsterdam|561|AMPLIFICATEURELECTRONIQUE|2
AMSTERDAM|25|561||562|AMSTERDAM|2
AMSTERDAM|26|562||563|AMSTERDAM|2
AMSTERDAM|27|563||564|AMSTERDAM|2
AMUNDSEN|28|564|Amundsen (Roald)|565|AMSTERDAM|2
AMYGDALE|29|565|amygdales|566|AMUNDSEN|2
AMYOT|30|566|Amyot (Jacques)|567|AMYGDALE|2
ANABAPTISTE|30|566|anabaptistes|567|AMYOT|2
ANAEROBIOSE|31|567|anaérobiose|568|ANABAPTISTE|2
ANALEPTIQUES|31|567|analeptiques|568|ANAEROBIOSE|2
ANALGESIQUE|31|567|analgésique|568|ANALEPTIQUES|2
ANALYSE|31|567|analyse|568|ANALGESIQUE|2
ANALYSE|32|568||569|ANALYSE|2
ANALYSE|33|569||570|ANALYSE|2
ANALYSE|34|570||571|ANALYSE|2
ANALYSEDECONTENU|35|571|analyse de contenu|572|ANALYSE|2
ANALYSEDIMENSIONNELLE|36|572|analyse dimensionnelle|573|ANALYSEDECONTENU|2
ANALYSEFACTORIELLE|36|572|analyse factorielle|573|ANALYSEDIMENSIONNELLE|2
ANALYSEIMMEDIATE|37|573|analyse immédiate|574|ANALYSEFACTORIELLE|2
ANALYSEMEDICALE|38|574|analyse médicale|575|ANALYSEIMMEDIATE|2
ANALYSEMINERALE|38|574|analyse minérale|575|ANALYSEMEDICALE|2
ANALYSEORGANIQUE|39|575|analyse organique élémentaire|576|ANALYSEMINERALE|2
ANANAS|40|576|ananas|577|ANALYSEORGANIQUE|2
ANAPHYLAXIE|40|576|anaphylaxie|577|ANANAS|2
ANARCHISME|40|576|anarchisme|577|ANAPHYLAXIE|2
ANARCHISME|41|577||578|ANARCHISME|2
ANARCHISME|42|578||579|ANARCHISME|2
ANARCHISME|43|579||580|ANARCHISME|2
ANATOLIE|44|580|Anatolie|581|ANARCHISME|2
ANATOLIE|45|581||582|ANATOLIE|2
ANATOLIE|46|582||583|ANATOLIE|2
ANATOLIE|47|583||584|ANATOLIE|2
ANATOMIE|48|584|anatomie|585|ANATOLIE|2
ANATOMIE|49|585||586|ANATOMIE|2
ANATOMIE|50|586||587|ANATOMIE|2
ANATOMIE|51|587||588|ANATOMIE|2
ANATOMIE|52|588||589|ANATOMIE|2
ANATOMIE|53|589||590|ANATOMIE|2
ANAXAGORE|54|590|Anaxagore, Anaximandre, Anaximène|591|ANATOMIE|2
ANCIEN|54|590|Ancien Empire|591|ANAXAGORE|2
ANCIEN|55|591||592|ANCIEN|2
ANCIEN|56|592||593|ANCIEN|2
ANCIEN|57|593||594|ANCIEN|2
ANCIENS|58|594|Anciens et Modernes (querelles des)|595|ANCIEN|2
ANDALOUSIE|59|595|Andalousie|596|ANCIENS|2
ANDALOUSIE|60|596||597|ANDALOUSIE|2
ANDALOUSIE|61|597||598|ANDALOUSIE|2
ANDERSEN|62|598|Andersen (Hans Christian)|599|ANDALOUSIE|2
ANDERSON|62|598|Anderson (Sherwood)|599|ANDERSEN|2
ANDERSON|63|599|Anderson (Carl David)|600|ANDERSON|2
ANDES|63|599|Andes|600|ANDERSON|2
ANDES|64|600||601|ANDES|2
ANDES|65|601||602|ANDES|2
ANDES|66|602||603|ANDES|2
ANDES|67|603||604|ANDES|2
ANDHRA|68|604|Andhra Pradesh|605|ANDES|2
ANDORRE|69|605|Andorre|606|ANDHRA|2
ANDREA|70|606|Andrea del Catagno|607|ANDORRE|2
ANDREAPISANO|71|607|Andrea Pisano|608|ANDREA|2
ANDRIC|71|607|Andrić (Ivo)|608|ANDREAPISANO|2
ANDROGENE|71|607|androgène|608|ANDRIC|2
ANE|72|608|âne|609|ANDROGENE|2
ANEMIE|72|608|anémie|609|ANE|2
ANEMIE|73|609||610|ANEMIE|2
ANESTHESIE|74|610|anesthésie|611|ANEMIE|2
ANESTHESIE|75|611||612|ANESTHESIE|2
ANESTHESIE|76|612||613|ANESTHESIE|2
ANESTHESIE|77|613||614|ANESTHESIE|2
ANESTHESIE|78|614||615|ANESTHESIE|2
ANESTHESIE|79|615||616|ANESTHESIE|2
ANEVRISME|80|616|anévrisme|617|ANESTHESIE|2
ANGELICO|81|617|Angelico (Fra)|618|ANEVRISME|2
ANGERS|81|617|Angers|618|ANGELICO|2
ANGERS|82|618||619|ANGERS|2
ANGERS|83|619||620|ANGERS|2
ANGES|84|620|anges et démons|621|ANGERS|2
ANGES|85|621||622|ANGES|2
ANGES|86|622|Anges (les)|623|ANGES|2
ANGINE|86|622|angine|623|ANGES|2
ANGIOSPERME|87|623|Angiospermes|624|ANGINE|2
ANGKOR|88|624|Angkor|625|ANGIOSPERME|2
ANGLETERRE|89|625|Angleterre|626|ANGKOR|2
ANGLETERRE|90|626||627|ANGLETERRE|2
ANGLETERRE|91|627||628|ANGLETERRE|2
ANGLETERRE|92|628||629|ANGLETERRE|2
ANGLETERRE|93|629||630|ANGLETERRE|2
ANGLETERRE|94|630||631|ANGLETERRE|2
ANGLETERRE|95|631||632|ANGLETERRE|2
ANGLETERRE|96|632||633|ANGLETERRE|2
ANGLETERRE|97|633||634|ANGLETERRE|2
ANGLETERRE|98|634||635|ANGLETERRE|2
ANGLICANISME|99|635|anglicanisme|636|ANGLETERRE|2
ANGLICANISME|100|636||637|ANGLICANISME|2
ANGLONORMANDE|101|637|Anglo-Normandes (îles)|638|ANGLICANISME|2
ANGOISSE|102|638|angoisse|639|ANGLONORMANDE|2
ANGOLA|102|638|Angola|639|ANGOISSE|2
ANGOLA|103|639||640|ANGOLA|2
ANGOLA|104|640||641|ANGOLA|2
ANGOULEME|105|641|Angoulême|642|ANGOLA|2
ANGUILLE|105|641|Anguille|642|ANGOULEME|2
ANHYDRIDE|106|642|anhydrides|643|ANGUILLE|2
ANIMAL|106|642|animal|643|ANHYDRIDE|2
ANIMAL|107|643||644|ANIMAL|2
ANIMAL|108|644||645|ANIMAL|2
ANIMAL|109|645||646|ANIMAL|2
ANIMAL|110|646||647|ANIMAL|2
ANIMAL|111|647||648|ANIMAL|2
ANIMAL|112|648||649|ANIMAL|2
ANIMAL|113|649||650|ANIMAL|2
ANIMATION|114|650|animation|651|ANIMAL|2
ANIMATION|115|651||652|ANIMATION|2
ANIMATION|116|652||653|ANIMATION|2
ANIMATION|117|653||654|ANIMATION|2
ANIMISME|118|654|animisme|655|ANIMATION|2
ANJOU|118|654|Anjou|655|ANIMISME|2
ANJOU|119|655||656|ANJOU|2
ANKARA|120|656|Ankara|657|ANJOU|2
ANKYLOSE|121|657|ankylose|658|ANKARA|2
ANNAM|121|657|Annam|658|ANKYLOSE|2
ANNE|121|657|Anne d'Autriche|658|ANNAM|2
ANNE|122|658|Anne de Beaujeu|659|ANNE|2
ANNE|122|658|Anne de Bretagne|659|ANNE|2
ANNE|122|658|Anne Stuart|659|ANNE|2
ANNEAU|122|658|anneau|659|ANNE|2
ANNEAUX|123|659|anneaux d'accumulation|660|ANNEAU|2
ANNECY|124|660|Annecy|661|ANNEAUX|2
ANNEE|125|661|année|662|ANNECY|2
ANNELIDE|126|662|Annélides|663|ANNEE|2
ANNELIDE|127|663||664|ANNELIDE|2
ANNELIDE|128|664||665|ANNELIDE|2
ANNELIDE|129|665||666|ANNELIDE|2
ANNELIDE|130|666||667|ANNELIDE|2
ANNENSKI|131|667|Annenski (Innokenti Fedorovitch)|668|ANNELIDE|2
ANOMIE|131|667|anomie|668|ANNENSKI|2
ANOREXIE|132|668|anorexie|669|ANOMIE|2
ANOUILH|133|669|Anouilh (Jean)|670|ANOREXIE|2
ANOURE|133|669|Anoures|670|ANOUILH|2
ANOXIE|134|670|anoxie|671|ANOURE|2
ANSELME|135|671|Anselme (saint)|672|ANOXIE|2
ANTALGIQUE|135|671|antalgique|672|ANSELME|2
ANTARCTIQUE|135|671|Antarctique|672|ANTALGIQUE|2
ANTARCTIQUE|136|672||673|ANTARCTIQUE|2
ANTARCTIQUE|137|673||674|ANTARCTIQUE|2
ANTARCTIQUE|138|674||675|ANTARCTIQUE|2
ANTARCTIQUE|139|675||676|ANTARCTIQUE|2
ANTARCTIQUE|140|676||677|ANTARCTIQUE|2
ANTARCTIQUE|141|677||678|ANTARCTIQUE|2
ANTARCTIQUE|142|678||679|ANTARCTIQUE|2
ANTARCTIQUE|143|679||680|ANTARCTIQUE|2
ANTARCTIQUE|144|680||681|ANTARCTIQUE|2
ANTARCTIQUE|145|681||682|ANTARCTIQUE|2
ANTENNE|146|682|antenne|683|ANTARCTIQUE|2
ANTENNE|147|683||684|ANTENNE|2
ANTHERIDIE|148|684|anthéridie|685|ANTENNE|2
ANTHRACENE|149|685|anthracène|686|ANTHERIDIE|2
ANTHROPOLOGIE|149|685|anthropologie|686|ANTHRACENE|2
ANTHROPOLOGIE|150|686||687|ANTHROPOLOGIE|2
ANTHROPOLOGIE|151|687||688|ANTHROPOLOGIE|2
ANTHROPOLOGIE|152|688||689|ANTHROPOLOGIE|2
ANTHROPOLOGIE|153|689||690|ANTHROPOLOGIE|2
ANTHROPOLOGIEECONOMIQUE|154|690|anthropologie économique|691|ANTHROPOLOGIE|2
ANTHROPOLOGIEECONOMIQUE|155|691||692|ANTHROPOLOGIEECONOMIQUE|2
ANTHROPOLOGIEECONOMIQUE|156|692||693|ANTHROPOLOGIEECONOMIQUE|2
ANTHROPOLOGIEPHYSIQUE|157|693|anthropologie physique|694|ANTHROPOLOGIEECONOMIQUE|2
ANTHROPOLOGIEPHYSIQUE|158|694||695|ANTHROPOLOGIEPHYSIQUE|2
ANTHROPOLOGIEPHYSIQUE|159|695||696|ANTHROPOLOGIEPHYSIQUE|2
ANTHROPOLOGIEPHYSIQUE|160|696||697|ANTHROPOLOGIEPHYSIQUE|2
ANTHROPOLOGIEPHYSIQUE|161|697||698|ANTHROPOLOGIEPHYSIQUE|2
ANTHROPOLOGIEPHYSIQUE|162|698||699|ANTHROPOLOGIEPHYSIQUE|2
ANTHROPOLOGIEPOLITIQUE|163|699|anthropologie politique|700|ANTHROPOLOGIEPHYSIQUE|2
ANTHROPOMETRIE|164|700|anthropométrie|701|ANTHROPOLOGIEPOLITIQUE|2
ANTIBES|164|700|Antibes|701|ANTHROPOMETRIE|2
ANTIBIOTIQUE|164|700|antibiotiques|701|ANTIBES|2
ANTIBIOTIQUE|165|701||702|ANTIBIOTIQUE|2
ANTIBIOTIQUE|166|702||703|ANTIBIOTIQUE|2
ANTICIPATION|167|703|anticipation (littérature d')|704|ANTIBIOTIQUE|2
ANTICOAGULANT|167|703|anticoagulants|704|ANTICIPATION|2
ANTICOAGULANT|168|704||705|ANTICOAGULANT|2
ANTICORPS|169|705|anticorps, antigène|706|ANTICOAGULANT|2
ANTICYCLONE|169|705|anticyclone|706|ANTICORPS|2
ANTICYCLONE|170|706||707|ANTICYCLONE|2
ANTICYCLONE|171|707||708|ANTICYCLONE|2
ANTICYCLONE|172|708||709|ANTICYCLONE|2
ANTIFRICTION|173|709|antifriction|710|ANTICYCLONE|2
ANTIGONIDE|174|710|Antigonides|711|ANTIFRICTION|2
ANTIHISTAMINIQUE|175|711|antihistaminiques|712|ANTIGONIDE|2
ANTILLES|175|711|Antilles|712|ANTIHISTAMINIQUE|2
ANTILLES|176|712||713|ANTILLES|2
ANTILLES|177|713||714|ANTILLES|2
ANTILLES|178|714||715|ANTILLES|2
ANTILLES|179|715||716|ANTILLES|2
ANTILLES|180|716|Antilles (Petites)|717|ANTILLES|2
ANTILLES|181|717||718|ANTILLES|2
ANTILLES|182|718||719|ANTILLES|2
ANTILLES|183|719||720|ANTILLES|2
ANTILOPE|184|720|Antilopes|721|ANTILLES|2
ANTIMATIERE|184|720|antimatière|721|ANTILOPE|2
ANTIMOINE|184|720|antimoine|721|ANTIMATIERE|2
ANTIOCHE|185|721|Antioche|722|ANTIMOINE|2
ANTIOCHOS|186|722|Antiochos|723|ANTIOCHE|2
ANTIPYRETIQUE|186|722|antipyrétiques|723|ANTIOCHOS|2
ANTIQUITE|186|722|Antiquité classique (les grands courants littéraires de l')|723|ANTIPYRETIQUE|2
ANTIQUITE|187|723||724|ANTIQUITE|2
ANTIQUITE|188|724||725|ANTIQUITE|2
ANTIQUITE|189|725||726|ANTIQUITE|2
ANTISEMITISME|190|726|antisémitisme|727|ANTIQUITE|2
ANTISEPSIE|191|727|antisepsie|728|ANTISEMITISME|2
ANTISEPTIQUE|191|727|antiseptiques|728|ANTISEPSIE|2
ANTOINE|192|728|Antoine ou Marc Antoine|729|ANTISEPTIQUE|2
ANTOINE|192|728|Antoine (saint)|729|ANTOINE|2
ANTOINE|192|728|Antoine (André)|729|ANTOINE|2
ANTOINEDEBOURBON|192|728|Antoine de Bourbon|729|ANTOINE|2
ANTONELLO|192|728|Antonello da Messina|729|ANTOINEDEBOURBON|2
ANTONIN|193|729|Antonin le Pieux|730|ANTONELLO|2
ANTONIONI|194|730|Antonioni (Michelangelo)|731|ANTONIN|2
ANUS|195|731|anus|732|ANTONIONI|2
ANVERS|196|732|Anvers|733|ANUS|2
ANVERS|197|733||734|ANVERS|2
ANVERS|198|734||735|ANVERS|2
ANVERS|199|735||736|ANVERS|2
ANVERS|200|736||737|ANVERS|2
ANVERS|201|737||738|ANVERS|2
AORTE|202|738|aorte|739|ANVERS|2
AORTE|203|739||740|AORTE|2
AORTIQUE|204|740|aortiques (arcs)|741|AORTE|2
AOSTE|204|740|Aoste (val d')|741|AORTIQUE|2
APENNIN|205|741|Apennin (l')|742|AOSTE|2
APHASIE|206|742|aphasie|743|APENNIN|2
APHTE|207|743|aphte|744|APHASIE|2
APICULTURE|207|743|apiculture|744|APHTE|2
APICULTURE|208|744||745|APICULTURE|2
APLANISSEMENT|209|745|aplanissement|746|APICULTURE|2
APOCALYPSE|210|746|Apocalypse|747|APLANISSEMENT|2
APOCYNALE|210|746|Apocynales|747|APOCALYPSE|2
APOLLINAIRE|210|746|Apollinaire (Guillaume)|747|APOCYNALE|2
APOLLINAIRE|211|747||748|APOLLINAIRE|2
APOMIXIE|212|748|apomixie|749|APOLLINAIRE|2
APONEVROSE|212|748|aponévrose|749|APOMIXIE|2
APPALACHES|213|749|Appalaches|750|APONEVROSE|2
APPAREIL|214|750|appareil|751|APPALACHES|2
APPEL|214|750|appel|751|APPAREIL|2
APPELLATION|214|750|appellation et indication d'origine|751|APPEL|2
APPENDICE|215|751|appendice vermiculaire ou iléo-cæcal|752|APPELLATION|2
APPENDICE|216|752||753|APPENDICE|2
APPETIT|217|753|appétit|754|APPENDICE|2
APPLICATION|218|754|application|755|APPETIT|2
APPRENTISSAGE|219|755|apprentissage|756|APPLICATION|2
APPRENTISSAGE|220|756||757|APPRENTISSAGE|2
APPRENTISSAGE|221|757||758|APPRENTISSAGE|2
APPRENTISSAGE|222|758||759|APPRENTISSAGE|2
APPROVISIONNEMENT|223|759|approvisionnement|760|APPRENTISSAGE|2
APTEROGYGOTE|224|760|Aptérogygotes|761|APPROVISIONNEMENT|2
APTITUDE|224|760|aptitude|761|APTEROGYGOTE|2
APULEE|225|761|Apulée|762|APTITUDE|2
AQUARELLE|225|761|aquarelle|762|APULEE|2
AQUATIQUE|226|762|aquatique|763|AQUARELLE|2
AQUATIQUE|227|763||764|AQUATIQUE|2
AQUEDUC|228|764|aqueduc|765|AQUATIQUE|2
AQUITAINE|228|764|Aquitaine|765|AQUEDUC|2
AQUITAINE|229|765||766|AQUITAINE|2
ARABE|230|766|Arabes|767|AQUITAINE|2
ARABE|231|767||768|ARABE|2
ARABE|232|768||769|ARABE|2
ARABE|233|769||770|ARABE|2
ARABE|234|770||771|ARABE|2
ARABE|235|771||772|ARABE|2
ARABE|236|772||773|ARABE|2
ARABE|237|773||774|ARABE|2
ARABE|238|774||775|ARABE|2
ARABE|239|775||776|ARABE|2
ARABE|240|776||777|ARABE|2
ARABE|241|777||778|ARABE|2
ARABE|242|778||779|ARABE|2
ARABE|243|779||780|ARABE|2
ARABE|244|780||781|ARABE|2
ARABE|245|781||782|ARABE|2
ARABE|246|782||783|ARABE|2
ARABE|247|783||784|ARABE|2
ARABE|248|784||785|ARABE|2
ARABE|249|785||786|ARABE|2
ARABE|250|786||787|ARABE|2
ARABE|251|787||788|ARABE|2
ARABE|252|788||789|ARABE|2
ARABEDEGYPTE|253|789|arabe d'Égypte (République)|790|ARABE|2
ARABIE|253|789|Arabie|790|ARABEDEGYPTE|2
ARABIE|254|790||791|ARABIE|2
ARABIE|255|791||792|ARABIE|2
ARABIE|256|792||793|ARABIE|2
ARABIE|257|793|Arabie Saoudite|794|ARABIE|2
ARABIE|258|794||795|ARABIE|2
ARACEE|259|795|Aracées|796|ARABIE|2
ARACHNIDE|259|795|Arachnides|796|ARACEE|2
ARACHNIDE|260|796||797|ARACHNIDE|2
ARACHNIDE|261|797||798|ARACHNIDE|2
ARAGO|262|798|Arago (François)|799|ARACHNIDE|2
ARAGO|263|799||800|ARAGO|2
ARAGON|264|800|Aragon|801|ARAGO|2
ARAGON|265|801||802|ARAGON|2
ARAGON|266|802|Aragon (Louis)|803|ARAGON|2
ARAIGNEE|267|803|Araignées|804|ARAGON|2
ARAIGNEE|268|804||805|ARAIGNEE|2
ARAIGNEE|269|805||806|ARAIGNEE|2
ARAIGNEE|270|806||807|ARAIGNEE|2
ARAMEEN|271|807|araméens|808|ARAIGNEE|2
ARANY|271|807|Arany (János)|808|ARAMEEN|2
ARAUCARIALE|272|808|Araucariales|809|ARANY|2
ARBITRAGE|272|808|arbitrage|809|ARAUCARIALE|2
ARBORICULTURE|273|809|arboriculture fruitière|810|ARBITRAGE|2
ARBORICULTURE|274|810||811|ARBORICULTURE|2
ARBORICULTURE|275|811||812|ARBORICULTURE|2
ARBORICULTURE|276|812||813|ARBORICULTURE|2
ARBORICULTURE|277|813||814|ARBORICULTURE|2
ARBORICULTURE|278|814||815|ARBORICULTURE|2
ARBORICULTURE|279|815||816|ARBORICULTURE|2
ARBRE|280|816|arbre|817|ARBORICULTURE|2
ARBRE|281|817||818|ARBRE|2
ARCHAEOPTERYX|282|818|Archæoptéryx|819|ARBRE|2
ARCHEGONE|283|819|archégone|820|ARCHAEOPTERYX|2
ARCHEOLOGIE|283|819|archéologie|820|ARCHEGONE|2
ARCHEOLOGIE|284|820||821|ARCHEOLOGIE|2
ARCHEOLOGIE|285|821||822|ARCHEOLOGIE|2
ARCHEOLOGIE|286|822||823|ARCHEOLOGIE|2
ARCHEOMAGNETISME|287|823|archéo-magnétisme|824|ARCHEOLOGIE|2
ARCHEOMAGNETISME|288|824||825|ARCHEOMAGNETISME|2
ARCHIMEDE|289|825|Archimède|826|ARCHEOMAGNETISME|2
ARCHIPENKO|290|826|Archipenko (Alexander)|827|ARCHIMEDE|2
ARCHITECTURE|291|827|architecture|828|ARCHIPENKO|2
ARCHITECTURE|292|828||829|ARCHITECTURE|2
ARCHITECTURE|293|829||830|ARCHITECTURE|2
ARCHITECTURE|294|830||831|ARCHITECTURE|2
ARCHITECTURE|295|831||832|ARCHITECTURE|2
ARCHITECTURE|296|832||833|ARCHITECTURE|2
ARCHITECTURE|297|833||834|ARCHITECTURE|2
ARCHITECTURE|298|834||835|ARCHITECTURE|2
ARCHITECTURE|299|835||836|ARCHITECTURE|2
ARCHITECTURE|300|836||837|ARCHITECTURE|2
ARCHITECTURE|301|837||838|ARCHITECTURE|2
ARCHITECTURE|302|838||839|ARCHITECTURE|2
ARCHITECTURE|303|839||840|ARCHITECTURE|2
ARCHIVE|304|840|archives|841|ARCHITECTURE|2
ARCTIQUE|305|841|Arctique (océan)|842|ARCHIVE|2
ARCTIQUE|306|842||843|ARCTIQUE|2
ARCTIQUE|307|843||844|ARCTIQUE|2
ARCTIQUE|308|844||845|ARCTIQUE|2
ARCTIQUE|309|845||846|ARCTIQUE|2
ARCTIQUE|310|846||847|ARCTIQUE|2
ARCTIQUE|311|847||848|ARCTIQUE|2
ARCUEIL|312|848|Arcueil (école d')|849|ARCTIQUE|2
ARDECHE|312|848|Ardèche 07|849|ARCUEIL|2
ARDENNE|313|849|Ardenne (l')|850|ARDECHE|2
ARDENNES|313|849|Ardennes 08|850|ARDENNE|2
ARDOISE|314|850|ardoise|851|ARDENNES|2
ARDOISE|315|851||852|ARDOISE|2
ARDOISE|316|852||853|ARDOISE|2
ARETIN|317|853|Arétin (l')|854|ARDOISE|2
ARGENT|318|854|argent|855|ARETIN|2
ARGENTERIE|318|854|argenterie|855|ARGENT|2
ARGENTERIE|319|855||856|ARGENTERIE|2
ARGENTINA|320|856|Argentina (la)|857|ARGENTERIE|2
ARGENTINE|320|856|Argentine|857|ARGENTINA|2
ARGENTINE|321|857||858|ARGENTINE|2
ARGENTINE|322|858||859|ARGENTINE|2
ARGENTINE|323|859||860|ARGENTINE|2
ARGENTINE|324|860||861|ARGENTINE|2
ARGENTINE|325|861||862|ARGENTINE|2
ARGENTINE|326|862||863|ARGENTINE|2
ARGENTINE|327|863||864|ARGENTINE|2
ARGHEZI|328|864|Arghezi (Ion Theodorescu, dit Tudor)|865|ARGENTINE|2
ARGILE|329|865|argiles|866|ARGHEZI|2
ARGON|330|866|argon|867|ARGILE|2
ARGOTS|330|866|argots|867|ARGON|2
ARGOTS|331|867||868|ARGOTS|2
ARHLABIDE|332|868|Arhlabides ou Aghlabides|869|ARGOTS|2
ARIANISME|333|869|arianisme|870|ARHLABIDE|2
ARIDE|333|869|aride (domaine)|870|ARIANISME|2
ARIDE|334|870||871|ARIDE|2
ARIDITE|335|871|aridité|872|ARIDE|2
ARIDITE|336|872||873|ARIDITE|2
ARIEGE|337|873|Ariège 09|874|ARIDITE|2
ARIOSTE|337|873|Arioste (l')|874|ARIEGE|2
ARISTOLOCHIALE|338|874|Aristolochiales|875|ARIOSTE|2
ARISTOPHANE|338|874|Aristophane|875|ARISTOLOCHIALE|2
ARISTOPHANE|339|875||876|ARISTOPHANE|2
ARISTOPHANE|340|876||877|ARISTOPHANE|2
ARISTOTE|341|877|Aristote|878|ARISTOPHANE|2
ARISTOTE|342|878||879|ARISTOTE|2
ARISTOTE|343|879||880|ARISTOTE|2
ARISTOTE|344|880||881|ARISTOTE|2
ARITHMETIQUE|345|881|arithmétique|882|ARISTOTE|2
ARITHMETIQUE|346|882||883|ARITHMETIQUE|2
ARITHMETIQUE|347|883||884|ARITHMETIQUE|2
ARITHMETIQUE|348|884||885|ARITHMETIQUE|2
ARIUS|349|885|Arius|886|ARITHMETIQUE|2
ARIZONA|349|885|Arizona|886|ARIUS|2
ARKANSAS|350|886|Arkansas|887|ARIZONA|2
ARLES|350|886|Arles|887|ARKANSAS|2
ARLES|351|887||888|ARLES|2
ARME|352|888|armes|889|ARLES|2
ARME|353|889||890|ARME|2
ARME|354|890||891|ARME|2
ARME|355|891||892|ARME|2
ARMEE|356|892|armée|893|ARME|2
ARMEE|357|893||894|ARMEE|2
ARMEMENT|358|894|armement|895|ARMEE|2
ARMEMENT|359|895||896|ARMEMENT|2
ARMEMENT|360|896||897|ARMEMENT|2
ARMEMENT|361|897||898|ARMEMENT|2
ARMEMENTMARITIME|362|898|armement maritime|899|ARMEMENT|2
ARMEMENTMARITIME|363|899||900|ARMEMENTMARITIME|2
ARMEMENTMARITIME|364|900||901|ARMEMENTMARITIME|2
ARMENIE|365|901|Arménie|902|ARMEMENTMARITIME|2
ARMENIE|366|902||903|ARMENIE|2
ARMENIE|367|903||904|ARMENIE|2
ARMENIE|368|904||905|ARMENIE|2
ARMENIE|369|905|Arménie (république socialiste soviétique d')|906|ARMENIE|2
ARMSTRONG|370|906|Armstrong (Louis)|907|ARMENIE|2
ARMURE|371|907|armure|908|ARMSTRONG|2
ARNAULD|372|908|Arnauld (les)|909|ARMURE|2
ARNOLFO|372|908|Arnolfo di Cambio|909|ARNAULD|2
ARNOLFO|373|909||910|ARNOLFO|2
AROMATIQUE|374|910|aromatiques (hydrocarbures)|911|ARNOLFO|2
AROMATIQUE|375|911||912|AROMATIQUE|2
ARON|376|912|Aron (Raymond)|913|AROMATIQUE|2
ARP|377|913|Arp (Hans)|914|ARON|2
ARRAS|378|914|Arras|915|ARP|2
ARRHENIUS|379|915|Arrhenius (Svante August)|916|ARRAS|2
ARRIERATION|380|916|arriération mentale|917|ARRHENIUS|2
ARRIERATION|381|917||918|ARRIERATION|2
ARS|382|918|arsacides|919|ARRIERATION|2
ARS|383|919|Ars antique|920|ARS|2
ARS|384|920|Ars nova|921|ARS|2
ARSENIC|384|920|arsenic|921|ARS|2
ART|385|921|art|922|ARSENIC|2
ART|386|922||923|ART|2
ART|387|923||924|ART|2
ART|388|924||925|ART|2
ART|389|925||926|ART|2
ART|390|926||927|ART|2
ART|391|927||928|ART|2
ART|392|928|Art nouveau|929|ART|2
ART|393|929||930|ART|2
ARTAUD|394|930|Artaud (Antonin)|931|ART|2
ARTERE|395|931|artère|932|ARTAUD|2
ARTERE|396|932||933|ARTERE|2
ARTHRITE|397|933|arthrite, arthritisme|934|ARTERE|2
ARTHROPODE|397|933|Arthropodes|934|ARTHRITE|2
ARTHROPODE|398|934||935|ARTHROPODE|2
ARTHROPODE|399|935||936|ARTHROPODE|2
ARTHROPODE|400|936||937|ARTHROPODE|2
ARTHROPODE|401|937||938|ARTHROPODE|2
ARTHROPODE|402|938||939|ARTHROPODE|2
ARTHROSE|403|939|arthrose|940|ARTHROPODE|2
ARTICULATION|403|939|articulation|940|ARTHROSE|2
ARTICULATION|404|940||941|ARTICULATION|2
ARTICULATION|405|941||942|ARTICULATION|2
ARTICULATION|406|942||943|ARTICULATION|2
ARTICULATION|407|943||944|ARTICULATION|2
ARTICULATION|408|944||945|ARTICULATION|2
ARTIFICE|409|945|artifices|946|ARTICULATION|2
ARTIFICE|410|946||947|ARTIFICE|2
ARTILLERIE|411|947|artillerie|948|ARTIFICE|2
ARTILLERIE|412|948||949|ARTILLERIE|2
ARTILLERIE|413|949||950|ARTILLERIE|2
ARTILLERIE|414|950||951|ARTILLERIE|2
ARTILLERIE|415|951||952|ARTILLERIE|2
ARTILLERIENAVALE|416|952|artillerie navale|953|ARTILLERIE|2
ARTISANAT|417|953|artisanat|954|ARTILLERIENAVALE|2
ARTOIS|418|954|Artois|955|ARTISANAT|2
ASAM|419|955|Asam (les frères)|956|ARTOIS|2
ASCENSEUR|419|955|ascenseur|956|ASAM|2
ASCOMYCETE|420|956|Ascomycètes|957|ASCENSEUR|2
ASEPSIE|421|957|asepsie et antisepsie|958|ASCOMYCETE|2
ASEPSIE|422|958||959|ASEPSIE|2
ASIE|423|959|Asie|960|ASEPSIE|2
ASIE|424|960||961|ASIE|2
ASIE|425|961||962|ASIE|2
ASIECENTRALE|426|962|Asie centrale (art de l')|963|ASIE|2
ASIEDELAMOUSSON|427|963|Asie de la mousson|964|ASIECENTRALE|2
ASIEDELAMOUSSON|428|964||965|ASIEDELAMOUSSON|2
ASIEDELAMOUSSON|429|965||966|ASIEDELAMOUSSON|2
ASIEDELAMOUSSON|430|966||967|ASIEDELAMOUSSON|2
ASIEDELAMOUSSON|431|967||968|ASIEDELAMOUSSON|2
ASIEDELAMOUSSON|432|968||969|ASIEDELAMOUSSON|2
ASIEDELAMOUSSON|433|969||970|ASIEDELAMOUSSON|2
ASIEDELAMOUSSON|434|970||971|ASIEDELAMOUSSON|2
ASIEDUSUDEST|435|971|Asie du Sud-Est (musique de l')|972|ASIEDELAMOUSSON|2
ASIEDUSUDEST|436|972|Asie du Sud-Est (Organisation du traité de l')|973|ASIEDUSUDEST|2
ASOKA|437|973|Aśoka ou Dharmāśoka|974|ASIEDUSUDEST|2
ASPHYXIE|437|973|asphyxie|974|ASOKA|2
ASSAM|438|974|Assam|975|ASPHYXIE|2
ASSAM|439|975||976|ASSAM|2
ASSEMBLAGE|440|976|assemblage|977|ASSAM|2
ASSEMBLAGE|441|977||978|ASSEMBLAGE|2
ASSEMBLEE|442|978|assemblée|979|ASSEMBLAGE|2
ASSERVISSEMENT|442|978|asservissement ou système asservi|979|ASSEMBLEE|2
ASSERVISSEMENT|443|979||980|ASSERVISSEMENT|2
ASSIMILATION|444|980|assimilation|981|ASSERVISSEMENT|2
ASSIMILATION|445|981||982|ASSIMILATION|2
ASSISES|446|982|assises|983|ASSIMILATION|2
ASSISTANCE|446|982|assistance technique|983|ASSISES|2
ASSOCIATION|447|983|association|984|ASSISTANCE|2
ASSOCIATIONSTATISTIQUE|448|984|association statistique|985|ASSOCIATION|2
ASSOLEMENT|449|985|assolement|986|ASSOCIATIONSTATISTIQUE|2
ASSURANCE|449|985|assurance|986|ASSOLEMENT|2
ASSURANCE|450|986||987|ASSURANCE|2
ASSURANCE|451|987||988|ASSURANCE|2
ASSURANCE|452|988||989|ASSURANCE|2
ASSURANCE|453|989||990|ASSURANCE|2
ASSURANCE|454|990||991|ASSURANCE|2
ASSURANCE|455|991||992|ASSURANCE|2
ASSURANCESSOCIALES|456|992|assurances sociales|993|ASSURANCE|2
ASSYRIE|457|993|Assyrie|994|ASSURANCESSOCIALES|2
ASSYRIE|458|994||995|ASSYRIE|2
ASSYRIE|459|995||996|ASSYRIE|2
ASSYRIE|460|996||997|ASSYRIE|2
ASSYRIE|461|997||998|ASSYRIE|2
ASSYRIE|462|998||999|ASSYRIE|2
ASSYRIE|463|999||1000|ASSYRIE|2
ASSYRIE|464|1000||1001|ASSYRIE|2
ASSYRIE|465|1001||1002|ASSYRIE|2
ASTATE|466|1002|astate|1003|ASSYRIE|2
ASTERIDE|466|1002|Astérides|1003|ASTATE|2
ASTHME|467|1003|asthme|1004|ASTERIDE|2
ASTHME|468|1004||1005|ASTHME|2
ASTIGMATISME|469|1005|astigmatisme|1006|ASTHME|2
ASTROLOGIE|469|1005|astrologie|1006|ASTIGMATISME|2
ASTROLOGIE|470|1006||1007|ASTROLOGIE|2
ASTRONAUTIQUE|471|1007|astronautique|1008|ASTROLOGIE|2
ASTRONAUTIQUE|472|1008||1009|ASTRONAUTIQUE|2
ASTRONAUTIQUE|473|1009||1010|ASTRONAUTIQUE|2
ASTRONAUTIQUE|474|1010||1011|ASTRONAUTIQUE|2
ASTRONAUTIQUE|475|1011||1012|ASTRONAUTIQUE|2
ASTRONAUTIQUE|476|1012||1013|ASTRONAUTIQUE|2
ASTRONOMIE|477|1013|astronomie|1014|ASTRONAUTIQUE|2
ASTRONOMIE|478|1014||1015|ASTRONOMIE|2
ASTRONOMIE|479|1015||1016|ASTRONOMIE|2
ASTRONOMIE|480|1016|astronomie géodésique de position|1017|ASTRONOMIE|2
ASTRONOMIE|481|1017||1018|ASTRONOMIE|2
ASTURIAS|482|1018|Asturias (Miguel Ángel)|1019|ASTRONOMIE|2
ASTURIES|482|1018|Asturies|1019|ASTURIAS|2
ASTURIES|483|1019||1020|ASTURIES|2
ASTURIES|484|1020||1021|ASTURIES|2
ASTURIES|485|1021||1022|ASTURIES|2
ASUNCION|486|1022|Asunción|1023|ASTURIES|2
ATHANASE|486|1022|Athanase (saint)|1023|ASUNCION|2
ATHENES|487|1023|Athènes|1024|ATHANASE|2
ATHENES|488|1024||1025|ATHENES|2
ATHENES|489|1025||1026|ATHENES|2
ATHENES|490|1026||1027|ATHENES|2
ATHENES|491|1027||1028|ATHENES|2
ATHENES|492|1028||1029|ATHENES|2
ATHENES|493|1029||1030|ATHENES|2
ATHENES|494|1030||1031|ATHENES|2
ATHENES|495|1031||1032|ATHENES|2
ATHENES|496|1032||1033|ATHENES|2
ATHEROME|497|1033|athérome, athérosclérose|1034|ATHENES|2
ATHLETISME|497|1033|athlétisme|1034|ATHEROME|2
ATHLETISME|498|1034||1035|ATHLETISME|2
ATHLETISME|499|1035||1036|ATHLETISME|2
ATHLETISME|500|1036||1037|ATHLETISME|2
ATHLETISME|501|1037||1038|ATHLETISME|2
ATHOS|502|1038|Athos (mont)|1039|ATHLETISME|2
ATHOS|503|1039||1040|ATHOS|2
ATLANTIQUE|504|1040|Atlantique (océan)|1041|ATHOS|2
ATLANTIQUE|505|1041||1042|ATLANTIQUE|2
ATLANTIQUE|506|1042||1043|ATLANTIQUE|2
ATLANTIQUE|507|1043||1044|ATLANTIQUE|2
ATLANTIQUE|508|1044||1045|ATLANTIQUE|2
ATLANTIQUE|509|1045||1046|ATLANTIQUE|2
ATLANTIQUE|510|1046||1047|ATLANTIQUE|2
ATLANTIQUE|511|1047||1048|ATLANTIQUE|2
ATLANTIQUE|512|1048||1049|ATLANTIQUE|2
ATLANTIQUE|513|1049||1050|ATLANTIQUE|2
ATLANTIQUE|514|1050||1051|ATLANTIQUE|2
ATLANTIQUENORD|515|1051|Atlantique Nord (traité de l')|1052|ATLANTIQUE|2
ATLANTIQUENORD|516|1052||1053|ATLANTIQUENORD|2
ATLANTIQUENORD|517|1053||1054|ATLANTIQUENORD|2
ATMOSPHERE|518|1054|atmosphère|1055|ATLANTIQUENORD|2
ATMOSPHERE|519|1055||1056|ATMOSPHERE|2
ATMOSPHERE|520|1056||1057|ATMOSPHERE|2
ATMOSPHERE|521|1057||1058|ATMOSPHERE|2
ATOME|522|1058|atome|1059|ATMOSPHERE|2
ATOME|523|1059||1060|ATOME|2
ATOME|524|1060||1061|ATOME|2
ATOME|525|1061||1062|ATOME|2
ATOME|526|1062||1063|ATOME|2
ATOME|527|1063||1064|ATOME|2
ATOME|528|1064||1065|ATOME|2
ATONALE|529|1065|atonale (musique)|1066|ATOME|2
ATRIDES|530|1066|Atrides (les)|1067|ATONALE|2
ATROPHIE|530|1066|atrophie|1067|ATRIDES|2
ATTAR|531|1067|'Aţţār (Farīd al-Din)|1068|ATROPHIE|2
ATTERRISSAGE|531|1067|atterrissage|1068|ATTAR|2
ATTERRISSAGE|532|1068||1069|ATTERRISSAGE|2
ATTILA|533|1069|Attila|1070|ATTERRISSAGE|2
ATTITUDE|533|1069|attitude|1070|ATTILA|2
ATTITUDE|534|1070||1071|ATTITUDE|2
AUBE|535|1071|Aube 10|1072|ATTITUDE|2
AUBIGNE|536|1072|Aubigné (Théodore Agrippa d')|1073|AUBE|2
AUCH|537|1073|Auch|1074|AUBIGNE|2
AUDE|537|1073|Aude 11|1074|AUCH|2
AUDEN|538|1074|Auden (Wystan Hugh)|1075|AUDE|2
AUDIBERTI|538|1074|Audiberti (Jacques)|1075|AUDEN|2
AUDIOMETRIE|539|1075|audiométrie|1076|AUDIBERTI|2
AUDITION|540|1076|audition|1077|AUDIOMETRIE|2
AUDITION|541|1077||1078|AUDITION|2
AUDITION|542|1078||1079|AUDITION|2
AUDITION|543|1079||1080|AUDITION|2
AUDRAN|544|1080|Audran (les)|1081|AUDITION|2
AUGSBOURG|545|1081|Augsbourg|1082|AUDRAN|2
AUGUSTE|545|1081|Auguste|1082|AUGSBOURG|2
AUGUSTE|546|1082||1083|AUGUSTE|2
AUGUSTE|547|1083||1084|AUGUSTE|2
AUGUSTE|548|1084||1085|AUGUSTE|2
AUGUSTE|549|1085||1086|AUGUSTE|2
AUGUSTE|550|1086||1087|AUGUSTE|2
AUGUSTE|551|1087||1088|AUGUSTE|2
AUGUSTE|552|1088|Auguste (les)|1089|AUGUSTE|2
AUGUSTIN|553|1089|Augustin (saint)|1090|AUGUSTE|2
AUGUSTIN|554|1090||1091|AUGUSTIN|2
AUGUSTIN|555|1091||1092|AUGUSTIN|2
AUGUSTIN|556|1092||1093|AUGUSTIN|2
AUNIS|557|1093|Aunis Saintonge et Angoumois|1094|AUGUSTIN|2
AUNIS|558|1094||1095|AUNIS|2
AURELIEN|559|1095|Aurélien|1096|AUNIS|2
AURILLAC|560|1096|Aurillac|1097|AURELIEN|2
AUROCH|560|1096|Auroch|1097|AURILLAC|2
AURORE|560|1096|aurore polaire|1097|AUROCH|2
AUSCULTATION|560|1096|auscultation|1097|AURORE|2
AUSTEN|561|1097|Austen (Jane)|1098|AUSCULTATION|2
