page	entries	image	volume	fix	frequency	check	books	accuracy	centurydictiona08whit_djvu.csv	frequency	image	centurydictionar08whit_djvu.csv	frequency	image	centurydictionar08whituoft_djvu.csv	frequency	image	centurydictionary08whit_djvu.csv	frequency	image	cu31924091890651_djvu.csv	frequency	image
6209	technicality	12	8		5		centurydictiona08whit_djvu.csv	3310	technicality	5	13	technicality	5	13	technicality	5	15	technicality	5	13	technicality	5	12
6210	tectrices	13	8		4		centurydictionar08whit_djvu.csv	3298	tectrices	4	14	tectrices	4	14	haV	1	16	tectrices	4	14	tectrices	4	13
6211	teemful	14	8		3		centurydictionar08whituoft_djvu.csv	3027	teemful	3	15	teemful	3	15	teemfol	1	17	teemfttl	1	15	teemful	3	14
6212	tegh	15	8		4		centurydictionary08whit_djvu.csv	2861	tegh	4	16	tegh	4	16	tegh	4	18	of	1	16	tegh	4	15
6213	telautograph	16	8		4		cu31924091890651_djvu.csv	3236	telautograph	4	17	telautograph	4	17	telantograph	1	19	telautograph	4	17	telautograph	4	16
6214	telegraph	17	8		5		centurydictiona08whit_djvu.csv	top accuracy	telegraph	5	18	telegraph	5	18	telegraph	5	20	telegraph	5	18	telegraph	5	17
6215	telegraphy	18	8		3		cu31924091890651_djvu.csv	best images	telegraphy	3	19	telekinetic	2	19	telegraphy	3	21	telekinetic	2	19	telegraphy	3	18
6216	teleostome	19	8		5				teleostome	5	20	teleostome	5	20	teleostome	5	22	teleostome	5	20	teleostome	5	19
6217	telephony	20	8		5				telephony	5	21	telephony	5	21	telephony	5	23	telephony	5	21	telephony	5	20
6218	telescope	21	8		5				telescope	5	22	telescope	5	22	telescope	5	24	telescope	5	22	telescope	5	21
6219	telfordize	22	8		5				telfordize	5	23	telfordize	5	23	telfordize	5	25	telfordize	5	23	telfordize	5	22
6220	telltale	23	8		5				telltale	5	24	telltale	5	24	telltale	5	26	telltale	5	24	telltale	5	23
6221	temerarious	24	8		5				temerarious	5	25	temerarious	5	25	temerarious	5	27	temerarious	5	25	temerarious	5	24
6222	temper	25	8		5				temper	5	26	temper	5	26	temper	5	28	temper	5	26	temper	5	25
6223	temperately	26	8		4				temperately	4	27	temperately	4	27		1	29	temperately	4	27	temperately	4	26
6224	tempestively	27	8		5				tempestively	5	28	tempestively	5	28	tempestively	5	30	tempestively	5	28	tempestively	5	27
6225	templify	28	8		4				templify	4	29	templify	4	29	templiiy	1	31	templify	4	29	templify	4	28
6226	temporary	29	8		5				temporary	5	30	temporary	5	30	temporary	5	32	temporary	5	30	temporary	5	29
6227	temptation	30	8		5				temptation	5	31	temptation	5	31	temptation	5	33	temptation	5	31	temptation	5	30
6228	tenaculum	31	8		5				tenaculum	5	32	tenaculum	5	32	tenaculum	5	34	tenaculum	5	32	tenaculum	5	31
6229	tend	32	8		5				tend	5	33	tend	5	33	tend	5	35	tend	5	33	tend	5	32
6230	tender	33	8		5				tender	5	34	tender	5	34	tender	5	36	tender	5	34	tender	5	33
6231	tendon	34	8		4				tendon	4	35	tendon	4	35	tendon	4	37	tendon	4	35	Tendon	1	34
6232	tenement-house	35	8		4				tenement-house	4	36	tenement-house	4	36	tenement-house	4	38	tenement-bouse	1	36	tenement-house	4	35
6233	tenor	36	8		4				tenor	4	37	tenor	4	37	tenoT	1	39	tenor	4	37	tenor	4	36
6234	tension	37	8		4				tension	4	38	tension	4	38	tension	4	40	tenMon	1	38	tension	4	37
6235	tent	38	8		5				tent	5	39	tent	5	39	tent	5	41	tent	5	39	tent	5	38
6236	tent-caterpillar	39	8		5				tent-caterpillar	5	40	tent-caterpillar	5	40	tent-caterpillar	5	42	tent-caterpillar	5	40	tent-caterpillar	5	39
6237	tentorial	40	8		4				tentorial	4	41	tentorial	4	41	tMitorial	1	43	tentorial	4	41	tentorial	4	40
6238	tepefaction	41	8		5				tepefaction	5	42	tepefaction	5	42	tepefaction	5	44	tepefaction	5	42	tepefaction	5	41
6239	terce	42	8		5				terce	5	43	terce	5	43	terce	5	45	terce	5	43	terce	5	42
6240	teredo	43	8		5				teredo	5	44	teredo	5	44	teredo	5	46	teredo	5	44	teredo	5	43
6241	term	44	8		5				term	5	45	term	5	45	term	5	47	term	5	45	term	5	44
6242	term	45	8		4				term	4	46	term	4	46	term	4	48	term	4	46	his	1	45
6243	Terminalia	46	8		3				Terminalia	3	47	Tenninalia	1	47	Terminalla	1	49	Terminalia	3	47	Terminalia	3	46
6244	termitine	47	8		3				termitine	3	48	termitine	3	48	termltiiie	1	50	temiitine	1	48	termitine	3	47
6245	the	48	8		1	tie			the	1	49	Ternstroemiacese	1	49	TernstroemiacesB	1	51	Ternstrcemiaceae	1	49	TemstroemiacesB	1	48
6246	terrse	49	8		3				terrse	3	50	terrae	2	50	terrse	3	52	terrae	2	50	terrse	3	49
6247	terrestrial	50	8		5				terrestrial	5	51	terrestrial	5	51	terrestrial	5	53	terrestrial	5	51	terrestrial	5	50
6248	territorial	51	8		5				territorial	5	52	territorial	5	52	territorial	5	54	territorial	5	52	territorial	5	51
6249	tertian	52	8		4				tertian	4	53	By	1	53	tertian	4	55	tertian	4	53	tertian	4	52
6250	Tessaila	53	8		1	tie			Tessaila	1	54	of	1	54	Tessaria	1	56	TaasarlA	1	54	Tessaiia	1	53
6251	test	54	8		5				test	5	55	test	5	55	test	5	57	test	5	55	test	5	54
6252	tester	55	8		4				tester	4	56	tester	4	56	tester	4	58	totter	1	56	tester	4	55
6253	testimony	56	8		5				testimony	5	57	testimony	5	57	testimony	5	59	testimony	5	57	testimony	5	56
6254	testudo	57	8		5				testudo	5	58	testudo	5	58	testudo	5	60	testudo	5	58	testudo	5	57
6255	tetrabranch	58	8		3				tetrabranch	3	59	tetrabranch	3	59	Pearly	2	61	tetrabranch	3	59	Pearly	2	58
6256	Tetradecapoda	59	8		5				Tetradecapoda	5	60	Tetradecapoda	5	60	Tetradecapoda	5	62	Tetradecapoda	5	60	Tetradecapoda	5	59
6257	tetrahedron	60	8		4				tetrahedron	4	61	tetrahedron	4	61	Tctra	1	63	tetrahedron	4	61	tetrahedron	4	60
6258	tetrapleural	61	8		4				tetrapleural	4	62	tetrapleural	4	62	tetrapleural	4	64	I	1	62	tetrapleural	4	61
6259	tetrasyllable	62	8		5				tetrasyllable	5	63	tetrasyllable	5	63	tetrasyllable	5	65	tetrasyllable	5	63	tetrasyllable	5	62
6260	teuthidoid	63	8		3				teuthidoid	3	64	render	1	64	teuthidoid	3	66	tenthidold	1	64	teuthidoid	3	63
6261	textile	64	8		4				textile	4	65	textile	4	65	teztUe	1	67	textile	4	65	textile	4	64
6262	-th	65	8		4				-th	4	66	-th	4	66	-th	4	68	r-nt	1	66	-th	4	65
6263	thalassographic	66	8		5				thalassographic	5	67	thalassographic	5	67	thalassographic	5	69	thalassographic	5	67	thalassographic	5	66
6264	Thanmobia	67	8		2	tie			Thanmobia	2	68	Thamnobia	2	68	Thamnobia	2	70	ThanmobiA	1	68	Thanmobia	2	67
6265	thank	68	8		5				thank	5	69	thank	5	69	thank	5	71	thank	5	69	thank	5	68
6266	Tharos	69	8		3				Tharos	3	70	Butterfly	1	70	Tharos	3	72	Thargelion	1	70	Tharos	3	69
6267	that	70	8		5				that	5	71	that	5	71	that	5	73	that	5	71	that	5	70
6268	thaiunaturgism	71	8		1	tie			thaiunaturgism	1	72	thaumaturgism	1	72	thanmattiTgism	1	74	thanmatorglsm	1	72	thaumaturgisin	1	71
6269	T-head	72	8		5				T-head	5	73	T-head	5	73	T-head	5	75	T-head	5	73	T-head	5	72
6270	theatromania	73	8		4				theatromania	4	74	theatromania	4	74	theatromania	4	76	T	1	74	theatromania	4	73
6271	theftuous	74	8		5				theftuous	5	75	theftuous	5	75	theftuous	5	77	theftuous	5	75	theftuous	5	74
6272	theme	75	8		5				theme	5	76	theme	5	76	theme	5	78	theme	5	76	theme	5	75
6273	theodicaea	76	8		3				theodicaea	3	77	theodicaea	3	77	theodicsea	2	79	theodicaea	3	77	theodicsea	2	76
6274	theologus	77	8		2	weak			theologuB	1	78	theologus	2	78	theologns	1	80	taeoiuK	1	78	theologus	2	77
6275	theorbo	78	8		4				theorbo	4	79	theorbo	4	79	theorbo	4	81	theorbo	4	79	tbeorbo	1	78
6276	theorem	79	8		4				theorem	4	80	theorem	4	80	theorem	4	82	thsoniB	1	80	theorem	4	79
6277	theorem	80	8		5				theorem	5	81	theorem	5	81	theorem	5	83	theorem	5	81	theorem	5	80
6278	theoricon	81	8		3				theoricon	3	82	theoricon	3	82	theorlcon	1	84	tbeoricon	1	82	theoricon	3	81
6279	theralite	82	8		5				theralite	5	83	theralite	5	83	theralite	5	85	theralite	5	83	theralite	5	82
6280	thereat	83	8		4				thereat	4	84	thereat	4	84	thereat	4	86	thorest	1	84	thereat	4	83
6281	thereupon	84	8		4				thereupon	4	85	thereupon	4	85	therenpon	1	87	thereupon	4	85	thereupon	4	84
6282	thermically	85	8		3				thermlcally	1	86	thermically	3	86	thermically	3	88	tbermlcAlly	1	86	thermically	3	85
6283	thermograph	86	8		4				thermograph	4	87	thermograph	4	87	I	1	89	thermograph	4	87	thermograph	4	86
6284	thermometer	87	8		3				thermometer	3	88	served	1	88	thermometer	3	90	thermomotar	1	88	thermometer	3	87
6285	thermotelephone	88	8		3				thennotelephone	1	89	tbermotelephone	1	89	thermotelephone	3	91	thermotelephone	3	89	thermotelephone	3	88
6286	Thespesia	89	8		4				Thespesia	4	90	Thespesia	4	90	Thespesia	4	92	ThoapeaU	1	90	Thespesia	4	89
6287	they	90	8		4				they	4	91	they	4	91	I	1	93	they	4	91	they	4	90
6288	thick	91	8		4				thick	4	92	thick	4	92	tUck	1	94	thick	4	92	thick	4	91
6289	thick-lipped	92	8		3				A	1	93	thick-lipped	3	93	I	1	95	thick-lipped	3	93	thick-lipped	3	92
6290	thlgger	93	8		2	weak			thlgger	2	94	thigger	1	94	thlgger	2	96	thiggor	1	94	tMgger	1	93
6291	thin	94	8		4				thin	4	95	thin	4	95	fhln	1	97	thin	4	95	thin	4	94
6292	thing	95	8		4				tMng	1	96	thing	4	96	thing	4	98	thing	4	96	thing	4	95
6293	think	96	8		5				think	5	97	think	5	97	think	5	99	think	5	97	think	5	96
6294	thio-ether	97	8		4				thio-ether	4	98	thio-ether	4	98	thio-ether	4	100	thlo-ether	1	98	thio-ether	4	97
6295	thirled	98	8		4				thirled	4	99	thirled	4	99	thirled	4	101	thirled	4	99	tbirled	1	98
6296	this	99	8		3				this	3	100	this	3	100	this	3	102	thU	1	100	tUs	1	99
6297	Reverse-	100	8		1	tie			Reverse-	1	101	Thistle-merk	1	101	Thtstle-merfc	1	103	Thistle-raerk	1	101	thistle-down	1	100
6298	thole	101	8		3				thole	3	102	thole	3	102	fhole	1	104	CSOft	1	102	thole	3	101
6299	thoracic	102	8		4				thoracic	4	103	nn	1	103	thoracic	4	105	thoracic	4	103	thoracic	4	102
6300	thorax	103	8		5				thorax	5	104	thorax	5	104	thorax	5	106	thorax	5	104	thorax	5	103
6301	thorn-broom	104	8		5				thorn-broom	5	105	thorn-broom	5	105	thorn-broom	5	107	thorn-broom	5	105	thorn-broom	5	104
6302	thoroughbred	105	8		2	tie			thoroughbred	2	106	It	1	106	thoroaghbred	2	108	thoroaghbred	2	106	thoroughbred	2	105
6303	thou	106	8		4				thou	4	107	thou	4	107	VhovL	1	109	thou	4	107	thou	4	106
6304	thoughtful	107	8		4				thoughtful	4	108	thoughtful	4	108	thoughtful	4	110	thoaghtfnl	1	108	thoughtful	4	107
6305	thrall	108	8		4				thrall	4	109	thrall	4	109	thraU	1	111	thrall	4	109	thrall	4	108
6306	thread	109	8		4				thread	4	110	thread	4	110	thread	4	112	thlMd	1	110	thread	4	109
6307	thread-tailed	110	8		5				thread-tailed	5	111	thread-tailed	5	111	thread-tailed	5	113	thread-tailed	5	111	thread-tailed	5	110
6308	three	111	8		4				three	4	112	three	4	112	three	4	114	fi	1	112	three	4	111
6309	three-quarter	112	8		4				three-CLuarter	1	113	three-quarter	4	113	three-quarter	4	115	three-quarter	4	113	three-quarter	4	112
6310	threshold	113	8		5				threshold	5	114	threshold	5	114	threshold	5	116	threshold	5	114	threshold	5	113
6311	thrill	114	8		3				thrill	3	115	thrill	3	115	ft	1	117	I	1	115	thrill	3	114
6312	thriving	115	8		4				tliriviiig	1	116	thriving	4	116	thriving	4	118	thriving	4	116	thriving	4	115
6313	throe	116	8		3				throe	3	117	throe	3	117	f	1	119	i	1	117	throe	3	116
6314	throstle	117	8		3				throstle	3	118	throstle	3	118	throstle	3	120	for	1	118	tlirostle	1	117
6315	through-going	118	8		5				through-going	5	119	through-going	5	119	through-going	5	121	through-going	5	119	through-going	5	118
6316	throw	119	8		4				throw	4	120	throw	4	120	tiirow	1	122	throw	4	120	throw	4	119
6317	thrum	120	8		3				thrum	3	121	thrum	3	121	thnun	1	123	thrum	3	121	tlmin	1	120
6318	thrust	121	8		4				thrust	4	122	thrust	4	122	thrust	4	124	tliruBt	1	122	thrust	4	121
6319	thug	122	8		4				thug	4	123	thug	4	123	ttang	1	125	thug	4	123	thug	4	122
6320	thume	123	8		4				thume	4	124	thume	4	124	thume	4	126	thnme	1	124	thume	4	123
6321	thunderbolt	124	8		3				thunderbolt	3	125	thnnderbolt	1	125	thunderbolt	3	127	thunderbolt	3	125	tbnnderbolt	1	124
6322	thnnder-stroke	125	8		1	tie			thnnder-stroke	1	126	struck	1	126	thnnder-Btroke	1	128	thunder-stroke	1	126	tbtinder-stroke	1	125
6323	thussock	126	8		3				thussock	3	127	thussock	3	127	ons	1	129	thussock	3	127	thuBsock	1	126
6324	thwart	127	8		5				thwart	5	128	thwart	5	128	thwart	5	130	thwart	5	128	thwart	5	127
6325	thymic	128	8		5				thymic	5	129	thymic	5	129	thymic	5	131	thymic	5	129	thymic	5	128
6326	Thysanocarpus	129	8		4				Thysanocarpus	4	130	Thysanocarpus	4	130	Thysanocarpus	4	132	Thysanocarpns	1	130	Thysanocarpus	4	129
6327	tibiale	130	8		5				tibiale	5	131	tibiale	5	131	tibiale	5	133	tibiale	5	131	tibiale	5	130
6328	tick	131	8		5				tick	5	132	tick	5	132	tick	5	134	tick	5	132	tick	5	131
6329	tickle	132	8		5				tickle	5	133	tickle	5	133	tickle	5	135	tickle	5	133	tickle	5	132
6330	tidal	133	8		4				tidal	4	134	tidal	4	134	tidal	4	136	H--if	1	134	tidal	4	133
6331	tide-gate	134	8		5				tide-gate	5	135	tide-gate	5	135	tide-gate	5	137	tide-gate	5	135	tide-gate	5	134
6332	tie	135	8		5				tie	5	136	tie	5	136	tie	5	138	tie	5	136	tie	5	135
6333	tierras	136	8		4				tierras	4	137	tlerras	1	137	tierras	4	139	tierras	4	137	tierras	4	136
6334	tiger	137	8		4				tiger	4	138	tiger	4	138	tiger	4	140	thr	1	138	tiger	4	137
6335	tight	138	8		5				tight	5	139	tight	5	139	tight	5	141	tight	5	139	tight	5	138
6336	tile	139	8		4				tile	4	140	tile	4	140	tile	4	142	tUe	1	140	tile	4	139
6337	Tilia	140	8		3				Tilia	3	141	Tllia	1	141	TlUa	1	143	Tilia	3	141	Tilia	3	140
6338	Tillandsia	141	8		5				Tillandsia	5	142	Tillandsia	5	142	Tillandsia	5	144	Tillandsia	5	142	Tillandsia	5	141
6339	tilt	142	8		4				tilt	4	143	tilt	4	143	tut	1	145	tilt	4	143	tilt	4	142
6340	timber	143	8		5				timber	5	144	timber	5	144	timber	5	146	timber	5	144	timber	5	143
6341	time	144	8		5				time	5	145	time	5	145	time	5	147	time	5	145	time	5	144
6342	time	145	8		5				time	5	146	time	5	146	time	5	148	time	5	146	time	5	145
6343	timely	146	8		5				timely	5	147	timely	5	147	timely	5	149	timely	5	147	timely	5	146
6344	Flowering	147	8		3				Flowering	3	148	Flowering	3	148	Flowering	3	150	IMant	1	148	Timothean	1	147
6345	tinchel	148	8		5				tinchel	5	149	tinchel	5	149	tinchel	5	151	tinchel	5	149	tinchel	5	148
6346	tinder-like	149	8		5				tinder-like	5	150	tinder-like	5	150	tinder-like	5	152	tinder-like	5	150	tinder-like	5	149
6347	Tingitidae	150	8		4				Tingitidae	4	151	Tingitidae	4	151	Tingitidae	4	153	Tingitidae	4	151	Tingitidse	1	150
6348	tinning-metal	151	8		3				tinning-metal	3	152	tinning-metal	3	152	tinning-metal	3	154	tinnlng-metal	1	152	tiiming-metal	1	151
6349	tintamar	152	8		5				tintamar	5	153	tintamar	5	153	tintamar	5	155	tintamar	5	153	tintamar	5	152
6350	tip	153	8		5				tip	5	154	tip	5	154	tip	5	156	tip	5	154	tip	5	153
6351	tipple	154	8		5				tipple	5	155	tipple	5	155	tipple	5	157	tipple	5	155	tipple	5	154
6352	tirailleur	155	8		4				tirailleur	4	156	tirailleur	4	156	tirailleur	4	158	tlraillenr	1	156	tirailleur	4	155
6353	tiresol	156	8		5				tiresol	5	157	tiresol	5	157	tiresol	5	159	tiresol	5	157	tiresol	5	156
6354	tissue	157	8		4				tissue	4	158	tissue	4	158	tissue	4	160	tlBfiue	1	158	tissue	4	157
6355	Titan	158	8		5				Titan	5	159	Titan	5	159	Titan	5	161	Titan	5	159	Titan	5	158
6356	tithe	159	8		4				tithe	4	160	tithe	4	160	tithe	4	162	title	1	160	tithe	4	159
6357	title	160	8		5				title	5	161	title	5	161	title	5	163	title	5	161	title	5	160
6358	titration	161	8		5				titration	5	162	titration	5	162	titration	5	164	titration	5	162	titration	5	161
6359	Tityra	162	8		4				Titjnra	1	163	Tityra	4	163	Tityra	4	165	Tityra	4	163	Tityra	4	162
6360	to	163	8		5				to	5	164	to	5	164	to	5	166	to	5	164	to	5	163
6361	toad-eater	164	8		5				toad-eater	5	165	toad-eater	5	165	toad-eater	5	167	toad-eater	5	165	toad-eater	5	164
6362	toast	165	8		5				toast	5	166	toast	5	166	toast	5	168	toast	5	166	toast	5	165
6363	tobacco-knife	166	8		5				tobacco-knife	5	167	tobacco-knife	5	167	tobacco-knife	5	169	tobacco-knife	5	167	tobacco-knife	5	166
6364	tocher	167	8		5				tocher	5	168	tocher	5	168	tocher	5	170	tocher	5	168	tocher	5	167
6365	todlowrey	168	8		5				todlowrey	5	169	todlowrey	5	169	todlowrey	5	171	todlowrey	5	169	todlowrey	5	168
6366	toft	169	8		5				toft	5	170	toft	5	170	toft	5	172	toft	5	170	toft	5	169
6367	toggle-press	170	8		5				toggle-press	5	171	toggle-press	5	171	toggle-press	5	173	toggle-press	5	171	toggle-press	5	170
6368	toilette	171	8		5				toilette	5	172	toilette	5	172	toilette	5	174	toilette	5	172	toilette	5	171
6369	tola	172	8		5				tola	5	173	tola	5	173	tola	5	175	tola	5	173	tola	5	172
6370	toll	173	8		3				toll	3	174	toll	3	174	toU	2	176	toU	2	174	toll	3	173
6371	toll-man	174	8		5				toll-man	5	175	toll-man	5	175	toll-man	5	177	toll-man	5	175	toll-man	5	174
6372	tomato-gall	175	8		5				tomato-gall	5	176	tomato-gall	5	176	tomato-gall	5	178	tomato-gall	5	176	tomato-gall	5	175
6373	tomfool	176	8		5				tomfool	5	177	tomfool	5	177	tomfool	5	179	tomfool	5	177	tomfool	5	176
6374	tonal	177	8		4				tonal	4	178	tonal	4	178	tonal	4	180	with	1	178	tonal	4	177
6375	tone	178	8		4				tone	4	179	tone	4	179	tone	4	181	tone	4	179	crucible-tonffs	1	178
6376	tongue	179	8		4				tongue	4	180	tongue	4	180	tongue	4	182	nniiu-	1	180	tongue	4	179
6377	tongued	180	8		5				tongued	5	181	tongued	5	181	tongued	5	183	tongued	5	181	tongued	5	180
6378	tonic	181	8		5				tonic	5	182	tonic	5	182	tonic	5	184	tonic	5	182	tonic	5	181
6379	tonsil	182	8		4				tonsil	4	183	tonsil	4	183	k	1	185	tonsil	4	183	tonsil	4	182
6380	tool	183	8		4				t	1	184	tool	4	184	tool	4	186	tool	4	184	tool	4	183
6381	toot	184	8		5				toot	5	185	toot	5	185	toot	5	187	toot	5	185	toot	5	184
6382	tooth	185	8		3				tooth	3	186	Wisdom	1	186	tootb	1	188	tooth	3	186	tooth	3	185
6383	Tooth	186	8		2	tie			Tooth	2	187	Lincoln	1	187	Tooth	2	189	tooth-net	2	187	tooth-net	2	186
6384	top	187	8		5				top	5	188	top	5	188	top	5	190	top	5	188	top	5	187
6385	toparchy	188	8		3				topaxchy	1	189	toparchy	3	189	toparchy	3	191	I	1	189	toparchy	3	188
6386	topgallant	189	8		5				topgallant	5	190	topgallant	5	190	topgallant	5	192	topgallant	5	190	topgallant	5	189
6387	topmast	190	8		5				topmast	5	191	topmast	5	191	topmast	5	193	topmast	5	191	topmast	5	190
6388	topsail	191	8		5				topsail	5	192	topsail	5	192	topsail	5	194	topsail	5	192	topsail	5	191
6389	topsyturvyfication	192	8		3				topsyturvyfication	3	193	topsyturvyfication	3	193	topsytnrvyfication	1	195	topsyturvyfication	3	193	topsytnrvyficatdon	1	192
6390	torcular	193	8		3				torcular	3	194	torcular	3	194	torcnlar	2	196	torcnlar	2	194	torcular	3	193
6391	tormentil	194	8		5				tormentil	5	195	tormentil	5	195	tormentil	5	197	tormentil	5	195	tormentil	5	194
6392	torpedo	195	8		5				torpedo	5	196	torpedo	5	196	torpedo	5	198	torpedo	5	196	torpedo	5	195
6393	torpor	196	8		5				torpor	5	197	torpor	5	197	torpor	5	199	torpor	5	197	torpor	5	196
6394	torrid	197	8		3				torrid	3	198	White-CTub	1	198	torrid	3	200	uSi'a	1	198	torrid	3	197
6395	tortile	198	8		4				tortile	4	199	tortile	4	199	I	1	201	tortile	4	199	tortile	4	198
6396	tortuosity	199	8		5				tortuosity	5	200	tortuosity	5	200	tortuosity	5	202	tortuosity	5	200	tortuosity	5	199
6397	tory	200	8		5				tory	5	201	tory	5	201	tory	5	203	tory	5	201	tory	5	200
6398	toss	201	8		5				toss	5	202	toss	5	202	toss	5	204	toss	5	202	toss	5	201
6399	totalization	202	8		5				totalization	5	203	totalization	5	203	totalization	5	205	totalization	5	203	totalization	5	202
6400	totipalmation	203	8		5				totipalmation	5	204	totipalmation	5	204	totipalmation	5	206	totipalmation	5	204	totipalmation	5	203
6401	touch	204	8		4				touch	4	205	touch	4	205	toach	1	207	touch	4	205	touch	4	204
6402	touch	205	8		5				touch	5	206	touch	5	206	touch	5	208	touch	5	206	touch	5	205
6403	touchstone	206	8		5				touchstone	5	207	touchstone	5	207	touchstone	5	209	touchstone	5	207	touchstone	5	206
6404	tourmalin-granite	207	8		2	weak			toonaaiin-granite	1	208	tourmalin-granite	2	208	tourmalin-granite	2	210	Au	1	208	tourmalm-gTanite	1	207
6405	touzle	208	8		3				touzle	3	209	toozle	1	209	tonzle	1	211	touzle	3	209	touzle	3	208
6406	tower	209	8		4				tower	4	210	tower	4	210	tower	4	212	towor	1	210	tower	4	209
6407	to	210	8		3				to	3	211	to	3	211	to	3	213	towing-net	1	211	Same	1	210
6408	towse	211	8		5				towse	5	212	towse	5	212	towse	5	214	towse	5	212	towse	5	211
6409	toy	212	8		5				toy	5	213	toy	5	213	toy	5	215	toy	5	213	toy	5	212
6410	trace	213	8		5				trace	5	214	trace	5	214	trace	5	216	trace	5	214	trace	5	213
6411	trachea	214	8		5				trachea	5	215	trachea	5	215	trachea	5	217	trachea	5	215	trachea	5	214
6412	trachelo-occipltalis	215	8		2	weak			tracbelo-occipitalis	1	216	trachelo-occipitalls	1	216	trachelo-occipitalis	1	218	trachelo-occipltalis	2	216	trachelo-occipltalis	2	215
6413	Trachynotus	216	8		5				Trachynotus	5	217	Trachynotus	5	217	Trachynotus	5	219	Trachynotus	5	217	Trachynotus	5	216
6414	tracker	217	8		5				tracker	5	218	tracker	5	218	tracker	5	220	tracker	5	218	tracker	5	217
6415	Tractarian	218	8		5				Tractarian	5	219	Tractarian	5	219	Tractarian	5	221	Tractarian	5	219	Tractarian	5	218
6416	trade	219	8		5				trade	5	220	trade	5	220	trade	5	222	trade	5	220	trade	5	219
6417	trade-unionism	220	8		4				trade-unionism	4	221	trade-unionism	4	221	trade-Tmionism	1	223	trade-unionism	4	221	trade-unionism	4	220
6418	traditor	221	8		4				traditor	4	222	traditor	4	222	traditor	4	224	tradltor	1	222	traditor	4	221
6419	tragacantha	222	8		4				tragacantha	4	223	tragacantha	4	223	I	1	225	tragacantha	4	223	tragacantha	4	222
6420	tragopan	223	8		5				tragopan	5	224	tragopan	5	224	tragopan	5	226	tragopan	5	224	tragopan	5	223
6421	trail	224	8		5				trail	5	225	trail	5	225	trail	5	227	trail	5	225	trail	5	224
6422	train	225	8		5				train	5	226	train	5	226	train	5	228	train	5	226	train	5	225
6423	train-oil	226	8		5				train-oil	5	227	train-oil	5	227	train-oil	5	229	train-oil	5	227	train-oil	5	226
6424	tralucency	227	8		5				tralucency	5	228	tralucency	5	228	tralucency	5	230	tralucency	5	228	tralucency	5	227
6425	tramp	228	8		5				tramp	5	229	tramp	5	229	tramp	5	231	tramp	5	229	tramp	5	228
6426	trankum	229	8		2	tie			trankum	2	230	trankum	2	230	tranknm	2	232	tranknin	1	230	tranknm	2	229
6427	transcendent	230	8		4				transcendent	4	231	transcendent	4	231	b	1	233	transcendent	4	231	transcendent	4	230
6428	transcriptive	231	8		4				transcriptive	4	232	transcriptive	4	232	transcriptive	4	234	transcriptlve	1	232	transcriptive	4	231
6429	transfer-day	232	8		5				transfer-day	5	233	transfer-day	5	233	transfer-day	5	235	transfer-day	5	233	transfer-day	5	232
6430	transformable	233	8		5				transformable	5	234	transformable	5	234	transformable	5	236	transformable	5	234	transformable	5	233
6431	transfimd	234	8		3				transfund	2	235	transfimd	3	235	transfimd	3	237	transfimd	3	235	transfund	2	234
6432	transilient	235	8		4				transilient	4	236	transilient	4	236	transilient	4	238	translllent	1	236	transilient	4	235
6433	transitionary	236	8		4				transitionary	4	237	transitionary	4	237	transitioiiary	1	239	transitionary	4	237	transitionary	4	236
6434	translation	237	8		5				translation	5	238	translation	5	238	translation	5	240	translation	5	238	translation	5	237
6435	transmigration	238	8		5				transmigration	5	239	transmigration	5	239	transmigration	5	241	transmigration	5	239	transmigration	5	238
6436	transmute	239	8		4				transmute	4	240	transmute	4	240	transmute	4	242	transmnte	1	240	transmute	4	239
6437	transpassable	240	8		4				transpassable	4	241	transpassable	4	241	transpassable	4	243	transpassable	4	241	transpassaMe	1	240
6438	transpontine	241	8		3				luvolving	1	242	transpontine	3	242	transpontine	3	244	transpontise	1	242	transpontine	3	241
6439	transposition	242	8		4				transposition	4	243	transposition	4	243	transposition	4	245	transposition	4	243	transrotatory	1	242
6440	transvase	243	8		5				transvase	5	244	transvase	5	244	transvase	5	246	transvase	5	244	transvase	5	243
6441	transversus	244	8		5				transversus	5	245	transversus	5	245	transversus	5	247	transversus	5	245	transversus	5	244
6442	trap	245	8		4				trap	4	246	Trapa	1	246	trap	4	248	trap	4	246	trap	4	245
6443	trapezoidiform	246	8		4				Caparisons	1	247	trapezoidiform	4	247	trapezoidiform	4	249	trapezoidiform	4	247	trapezoidiform	4	246
6444	trashily	247	8		4				trashily	4	248	trashily	4	248	trashily	4	250	trasMly	1	248	trashily	4	247
6445	travel	248	8		5				travel	5	249	travel	5	249	travel	5	251	travel	5	249	travel	5	248
6446	traverse	249	8		5				traverse	5	250	traverse	5	250	traverse	5	252	traverse	5	250	traverse	5	249
6447	travertin	250	8		4				travertin	4	251	travertin	4	251	travertia	1	253	travertin	4	251	travertin	4	250
6448	treacher	251	8		5				treacher	5	252	treacher	5	252	treacher	5	254	treacher	5	252	treacher	5	251
6449	tread	252	8		5				tread	5	253	tread	5	253	tread	5	255	tread	5	253	tread	5	252
6450	treasure	253	8		5				treasure	5	254	treasure	5	254	treasure	5	256	treasure	5	254	treasure	5	253
6451	treat	254	8		5				treat	5	255	treat	5	255	treat	5	257	treat	5	255	treat	5	254
6452	treaty	255	8		5				treaty	5	256	treaty	5	256	treaty	5	258	treaty	5	256	treaty	5	255
6453	treck	256	8		5				treck	5	257	treck	5	257	treck	5	259	treck	5	257	treck	5	256
6454	tree-creeper	257	8		4				tree-creeper	4	258	tree-creeper	4	258	tree-craeper	1	260	tree-creeper	4	258	tree-creeper	4	257
6455	tree-pruner	258	8		4				tree-pruner	4	259	tree-pruner	4	259	tree-pruner	4	261	tree-pnmer	1	259	tree-pruner	4	258
6456	treget	259	8		5				treget	5	260	treget	5	260	treget	5	262	treget	5	260	treget	5	259
6457	trematode	260	8		5				trematode	5	261	trematode	5	261	trematode	5	263	trematode	5	261	trematode	5	260
6458	tremor	261	8		5				tremor	5	262	tremor	5	262	tremor	5	264	tremor	5	262	tremor	5	261
6459	trencher-critic	262	8		5				trencher-critic	5	263	trencher-critic	5	263	trencher-critic	5	265	trencher-critic	5	263	trencher-critic	5	262
6460	trepanner	263	8		3				crown	1	264	trepanner	3	264	trepanner	3	266	trepanner	3	264	center-	1	263
6461	Double	264	8		2	weak			Double	2	265	A	1	265	Doulile	1	267	tressure	1	265	Double	2	264
6462	triable	265	8		5				triable	5	266	triable	5	266	triable	5	268	triable	5	266	triable	5	265
6463	trial	266	8		5				trial	5	267	trial	5	267	trial	5	269	trial	5	267	trial	5	266
6464	triangle	267	8		5				triangle	5	268	triangle	5	268	triangle	5	270	triangle	5	268	triangle	5	267
6465	Triassic	268	8		5				Triassic	5	269	Triassic	5	269	Triassic	5	271	Triassic	5	269	Triassic	5	268
6466	tribromphenol	269	8		4				tribromphenol	4	270	tribromphenol	4	270	tribromphenol	4	272	tnbual	1	270	tribromphenol	4	269
6467	tribute	270	8		5				tribute	5	271	tribute	5	271	tribute	5	273	tribute	5	271	tribute	5	270
6468	Trichiacese	271	8		2	tie			Trichiacese	2	272	Trichiaceae	2	272	Trichiacese	2	274		1	272	Trichiaceae	2	271
6469	Trichocephalus	272	8		4				Trichocephalus	4	273	Trichocephalus	4	273	Trichocephalus	4	275	Trichocephalus	4	273	TrichocephaluB	1	272
6470	Trichonotus	273	8		4				Trichonotus	4	274	Trichonotus	4	274	Trichonotus	4	276	trick	1	274	Trichonotus	4	273
6471	trick	274	8		5				trick	5	275	trick	5	275	trick	5	277	trick	5	275	trick	5	274
6472	trickly	275	8		4				trickly	4	276	trickly	4	276	trickly	4	278	trlckly	1	276	trickly	4	275
6473	tricuspidated	276	8		4				tricuspidated	4	277	tricuspidated	4	277	tricuspidated	4	279	trlcuspidated	1	277	tricuspidated	4	276
6474	tridigitate	277	8		2	weak			tri	1	278	tridigitate	2	278	tridigltate	1	280	-0	1	278	tridigitate	2	277
6475	trifle	278	8		5				trifle	5	279	trifle	5	279	trifle	5	281	trifle	5	279	trifle	5	278
6476	triform	279	8		5				triform	5	280	triform	5	280	triform	5	282	triform	5	280	triform	5	279
6477	trigloid	280	8		4				trigloid	4	281	trigloid	4	281	trigloid	4	283	trlglold	1	281	trigloid	4	280
6478	trigonoid	281	8		3				trigonoid	3	282	trigonoid	3	282	trigonoid	3	284	tilgonold	1	282	trlgonoid	1	281
6479	trill	282	8		3				triU	2	283	trill	3	283	triU	2	285	trill	3	283	trill	3	282
6480	trilobite	283	8		4				trilobite	4	284	trilobite	4	284	trilobite	4	286	d	1	284	trilobite	4	283
6481	Trimera	284	8		5				Trimera	5	285	Trimera	5	285	Trimera	5	287	Trimera	5	285	Trimera	5	284
6482	trindle	285	8		4				trindle	4	286	trindle	4	286	trindle	4	288	iil	1	286	trindle	4	285
6483	trinity	286	8		5				trinity	5	287	trinity	5	287	trinity	5	289	trinity	5	287	trinity	5	286
6484	trinomial	287	8		5				trinomial	5	288	trinomial	5	288	trinomial	5	290	trinomial	5	288	trinomial	5	287
6485	Triopidae	288	8		4				Triopidae	4	289	Triopidae	4	289	Triopidae	4	291	Triopidae	4	289	Triopidse	1	288
6486	trip-book	289	8		5				trip-book	5	290	trip-book	5	290	trip-book	5	292	trip-book	5	290	trip-book	5	289
6487	triple	290	8		5				triple	5	291	triple	5	291	triple	5	293	triple	5	291	triple	5	290
6488	tripod	291	8		5				tripod	5	292	tripod	5	292	tripod	5	294	tripod	5	292	tripod	5	291
6489	tripudiate	292	8		4				tripudlate	1	293	tripudiate	4	293	tripudiate	4	295	tripudiate	4	293	tripudiate	4	292
6490	trisplanchnic	293	8		3				trisplanchnic	3	294	trisplanchnic	3	294	trisplanclmic	1	296	trinplanchni'	1	294	trisplanchnic	3	293
6491	triticeus	294	8		3				triticeus	3	295	triticeus	3	295	triticens	1	297	triticeos	1	295	triticeus	3	294
6492	Triumfetta	295	8		4				Triumfetta	4	296	Triumfetta	4	296	Triumfetta	4	298	Tr	1	296	Triumfetta	4	295
6493	triumvirate	296	8		4				triumvirate	4	297	triumvirate	4	297	I	1	299	triumvirate	4	297	triumvirate	4	296
6494	trivium	297	8		2	weak			trivlmn	1	298	trivium	2	298	triviam	1	300	trivium	2	298	triTlum	1	297
6495	Trochilium	298	8		2	weak			Trochilium	2	299	Trocliilium	1	299	TrocMlium	1	301	Trochilium	2	299	Trocbillum	1	298
6496	trode	299	8		5				trode	5	300	trode	5	300	trode	5	302	trode	5	300	trode	5	299
6497	troika	300	8		5				troika	5	301	troika	5	301	troika	5	303	troika	5	301	troika	5	300
6498	trollopee	301	8		2	tie			trollopee	2	302	troUopee	2	302	trollopee	2	304	trollopM	1	302	troUopee	2	301
6499	troopial	302	8		5				troopial	5	303	troopial	5	303	troopial	5	305	troopial	5	303	troopial	5	302
6500	trophosphere	303	8		3				trophosphere	3	304	trophospliere	1	304	trophosphere	3	306	aceoHInc	1	304	trophosphere	3	303
6501	tropology	304	8		5				tropology	5	305	tropology	5	305	tropology	5	307	tropology	5	305	tropology	5	304
6502	troubadour	305	8		3				troubadour	3	306	troubadour	3	306	troubadour	3	308	tronbadour	1	306	ti'oubadour	1	305
6503	trough	306	8		5				trough	5	307	trough	5	307	trough	5	309	trough	5	307	trough	5	306
6504	trout-stream	307	8		4				trout-stream	4	308	trout-stream	4	308	trout-stream	4	310	tront-stream	1	308	trout-stream	4	307
6505	truant	308	8		5				truant	5	309	truant	5	309	truant	5	311	truant	5	309	truant	5	308
6506	truck-farmer	309	8		4				truck-farmer	4	310	truck-farmer	4	310	truck-farmer	4	312	trnci	1	310	truck-farmer	4	309
6507	true	310	8		4				true	4	311	true	4	311	tme	1	313	true	4	311	true	4	310
6508	trumeau	311	8		4				trumeau	4	312	trumeau	4	312	tnunean	1	314	trumeau	4	312	trumeau	4	311
6509	trumpet	312	8		4				trumpet	4	313	trumpet	4	313	trtunpet	1	315	trumpet	4	313	trumpet	4	312
6510	Truncate	313	8		2	weak			Tnincate	1	314	Truncate	2	314	Truncate	2	316	tan	1	314	truncate	1	313
6511	trunk	314	8		5				trunk	5	315	trunk	5	315	trunk	5	317	trunk	5	315	trunk	5	314
6512	truss	315	8		4				truss	4	316	truss	4	316	truss	4	318	trass	1	316	truss	4	315
6513	trust	316	8		5				trust	5	317	trust	5	317	trust	5	319	trust	5	317	trust	5	316
6514	trusty	317	8		3				tnisty	1	318	trusty	3	318	trusty	3	320	Ill	1	318	trusty	3	317
6515	try	318	8		5				try	5	319	try	5	319	try	5	321	try	5	319	try	5	318
6516	Trypoxylon	319	8		5				Trypoxylon	5	320	Trypoxylon	5	320	Trypoxylon	5	322	Trypoxylon	5	320	Trypoxylon	5	319
6517	Tsuga	320	8		3				Tsuga	3	321	Tsuga	3	321	Tsnga	1	323	Tsiiga	1	321	Tsuga	3	320
6518	tube	321	8		3				tube	3	322	tube	3	322	tabe	1	324	like	1	322	tube	3	321
6519	tubercle	322	8		5				tubercle	5	323	tubercle	5	323	tubercle	5	325	tubercle	5	323	tubercle	5	322
6520	tube-shell	323	8		4				tube-shell	4	324	tube-shell	4	324	tube-shell	4	326	tnbe-shell	1	324	tube-shell	4	323
6521	tu-brugge	324	8		4				tu-bmgge	1	325	tu-brugge	4	325	tu-brugge	4	327	tu-brugge	4	325	tu-brugge	4	324
6522	tub-wheel	325	8		4				tub-wheel	4	326	tub-wheel	4	326	tub-wheel	4	328	tab-wheel	1	326	tub-wheel	4	325
6523	tucker	326	8		5				tucker	5	327	tucker	5	327	tucker	5	329	tucker	5	327	tucker	5	326
6524	tuff	327	8		4				tuff	4	328	tuff	4	328	tnff	1	330	tuff	4	328	tuff	4	327
6525	tug-hook	328	8		4				tug-hook	4	329	tug-hook	4	329	tug-book	1	331	tug-hook	4	329	tug-hook	4	328
6526	TuUian	329	8		1	tie			TuUian	1	330	Xullian	1	330	Tnlllan	1	332	TullUn	1	330	Tullian	1	329
6527	tumbler	330	8		5				tumbler	5	331	tumbler	5	331	tumbler	5	333	tumbler	5	331	tumbler	5	330
6528	tumidity	331	8		5				tumidity	5	332	tumidity	5	332	tumidity	5	334	tumidity	5	332	tumidity	5	331
6529	tun	332	8		5				tun	5	333	tun	5	333	tun	5	335	tun	5	333	tun	5	332
6530	tungstous	333	8		2	tie			tungstous	2	334	Tunic	2	334	Tunic	2	336	toagstotu	1	334	tungstous	2	333
6531	tuning-fork	334	8		3				tuning-fork	3	335	tuning-fork	3	335	ttming-fork	1	337	tuning-fork	3	335	tnning-fork	1	334
6532	Tupaia	335	8		3				Tupaia	3	336	Tupaia	3	336	Tupaia	3	338	TnpaU	1	336	Tnpaia	1	335
6533	turbid	336	8		5				turbid	5	337	turbid	5	337	turbid	5	339	turbid	5	337	turbid	5	336
6534	turbot	337	8		4				turbot	4	338	turbot	4	338	turbot	4	340	torbot	1	338	turbot	4	337
6535	turfy	338	8		4				turfy	4	339	turfy	4	339	I	1	341	turfy	4	339	turfy	4	338
6536	turkey	339	8		4				tnrkey	1	340	turkey	4	340	turkey	4	342	turkey	4	340	turkey	4	339
6537	Turko	340	8		2	weak			Turko	2	341	Turkomanc	1	341	Turko	2	343	Turkoiiiuiic	1	341		1	340
6538	turn	341	8		5				turn	5	342	turn	5	342	turn	5	344	turn	5	342	turn	5	341
6539	turn	342	8		4				turn	4	343	turn	4	343	tnm	1	345	turn	4	343	turn	4	342
6540	turn	343	8		4				turn	4	344	turn	4	344	turn	4	346	In	1	344	turn	4	343
6541	turnbuckle	344	8		3				turnbuckle	3	345	turnbuckle	3	345	tnmbuckle	1	347	turnbuckle	3	345	tumbuckle	1	344
6542	turning-saw	345	8		2	tie			turning-saw	2	346	turning-saw	2	346	tnming-saw	2	348	at	1	346	tnming-saw	2	345
6543	turnstile	346	8		5				turnstile	5	347	turnstile	5	347	turnstile	5	349	turnstile	5	347	turnstile	5	346
6544	Turpinia	347	8		3				Turpinia	3	348	Turpinia	3	348	Turpinia	3	350	TnrivliiU	1	348	Tnrpmia	1	347
6545	turtle	348	8		5				turtle	5	349	turtle	5	349	turtle	5	351	turtle	5	349	turtle	5	348
6546	tusk	349	8		3				tusk	3	350	To	1	350	tusk	3	352	tnak	1	350	tusk	3	349
6547	tutenag	350	8		5				tutenag	5	351	tutenag	5	351	tutenag	5	353	tutenag	5	351	tutenag	5	350
6548	tuzzy	351	8		3				tuzzy	3	352	tuzzy	3	352	tuzzy	3	354	tnzzy	2	352	tnzzy	2	351
6549	twat	352	8		4				twat	4	353	twat	4	353	twat	4	355	twat	4	353	ttrat	1	352
6550	Twelfth-day	353	8		4				Twelfth-day	4	354	Twelfth-day	4	354	Twelfth-day	4	356	Twelfth	1	354	Twelfth-day	4	353
6551	twichild	354	8		5				twichild	5	355	twichild	5	355	twichild	5	357	twichild	5	355	twichild	5	354
6552	twigsome	355	8		5				twigsome	5	356	twigsome	5	356	twigsome	5	358	twigsome	5	356	twigsome	5	355
6553	twin	356	8		4				twin	4	357	the	1	357	twin	4	359	twin	4	357	twin	4	356
6554	twine-holder	357	8		4				twine-holder	4	358	twine-holder	4	358	twine-holder	4	360	twins-holder	1	358	twine-holder	4	357
6555	twinleaf	358	8		5				twinleaf	5	359	twinleaf	5	359	twinleaf	5	361	twinleaf	5	359	twinleaf	5	358
6556	twist	359	8		4				twist	4	360	twist	4	360	twist	4	362	twist	4	360	tiffist	1	359
6557	twistle	360	8		5				twistle	5	361	twistle	5	361	twistle	5	363	twistle	5	361	twistle	5	360
6558	two	361	8		5				two	5	362	two	5	362	two	5	364	two	5	362	two	5	361
6559	Tyburn	362	8		5				Tyburn	5	363	Tyburn	5	363	Tyburn	5	365	Tyburn	5	363	Tyburn	5	362
6560	tympanic	363	8		5				tympanic	5	364	tympanic	5	364	tympanic	5	366	tympanic	5	364	tympanic	5	363
6561	tympanum	364	8		4				tympanum	4	365	tympanum	4	365	tympannin	1	367	tympanum	4	365	tympanum	4	364
6562	type	365	8		4				type	4	366	type	4	366	type	4	368	A	1	366	type	4	365
6563	type-measure	366	8		4				type-measure	4	367	type-measure	4	367	type-measure	4	369	Same	1	367	type-measure	4	366
6564	typhomania	367	8		3				Thou	1	368	typhomania	3	368	typhomania	3	370	typbomsnia	1	368	typhomania	3	367
6565	typtologist	368	8		5				typtologist	5	369	typtologist	5	369	typtologist	5	371	typtologist	5	369	typtologist	5	368
6566	tyranny	369	8		4				tyranny	4	370	tyranny	4	370	tyranny	4	372	tyrftnny	1	370	tyranny	4	369
6567	The	370	8		2	weak			The	2	371	Tlio	1	371	M	1	373	l	1	371	The	2	370
6568	Uckewallist	371	8		2	weak			Uckewallist	2	372	tJckewallist	1	372	Uckewallist	2	374	Uckewallift	1	372	TTckewallist	1	371
6569	Ujimyia	372	8		2	weak			Ujimyia	2	373	TJjimyia	1	373	tTjimyla	1	375	Ulmus	1	373	Ujimyia	2	372
6570	ulna	373	8		3				ulna	3	374	ulna	3	374	ulna	3	376	nliu	1	374	tilna	1	373
6571	ultimo	374	8		2	weak			ultime	1	375	ultimo	2	375	nltime	1	377	ultimo	2	375	uitime	1	374
6572	Ulula	375	8		2	tie			Ulula	2	376	Ulula	2	376	inula	2	378	Im	1	376	inula	2	375
6573	umbery	376	8		5				umbery	5	377	umbery	5	377	umbery	5	379	umbery	5	377	umbery	5	376
6574	umbrage	377	8		3				umbrage	3	378	umbrage	3	378	umbrage	3	380	ombrmge	1	378	see	1	377
6575	umbrella-bird	378	8		4				umbrella-bird	4	379	umbrella-bird	4	379	umbrella-bird	4	381	umbrella-bird	4	379	Tunlrella-bird	1	378
6576	Tunwhile	379	8		1	tie			Tunwhile	1	380	omwhile	1	380	tunwhile	1	382	nmwhila	1	380	umwhile	1	379
6577	un-	380	8		3				un-	3	381	im-	1	381	un-	3	383	on-	1	381	un-	3	380
6578	unabased	381	8		1	tie			unabased	1	382	iinabased	1	382	tmabased	1	384	nr	1	382	vmabased	1	381
6579	unadvisedness	382	8		1	tie			unadvisedness	1	383	nnadvisedness	1	383	A	1	385	vmadvisedness	1	383	imadvisedness	1	382
6580	unappeased	383	8		3				unappeased	3	384	unappeased	3	384	tmappeased	1	386	uutppeaaad	1	384	unappeased	3	383
6581	unattempted	384	8		3				unattempted	3	385	unattempted	3	385	tmattempted	1	387	unattempted	3	385	nnattempted	1	384
6582	unbay	385	8		3				unbay	3	386	unbay	3	386	unbefooKun-be-fol'	1	388	nolwy	1	386	unbay	3	385
6583	unbending	386	8		5				unbending	5	387	unbending	5	387	unbending	5	389	unbending	5	387	unbending	5	386
6584	unbolt	387	8		4				tmbolt	1	388	unbolt	4	388	unbolt	4	390	unbolt	4	388	unbolt	4	387
6585	unbuilt	388	8		2	weak			unbuilt	2	389	nnbnilt	1	389	Tmbnilt	1	391	unbnllt	1	389	unbuilt	2	388
6586	unceaseable	389	8		2	weak			unceaseable	2	390	unceaseable	2	390	Tinceaseable	1	392	tmceaseablfl	1	390	nnceaseable	1	389
6587	unchristen	390	8		2	tie			unchristen	2	391	uncliristen	2	391	tmchristen	1	393	unchristen	2	391	uncliristen	2	390
6588	uncivilized	391	8		2	weak			imcivilized	1	392	uncivilized	2	392	imciTlIized	1	394	nndviUzed	1	392	uncivilized	2	391
6589	uncombine	392	8		2	weak			uncombine	2	393	imcombine	1	393	nncombine	1	395	unconditioned	1	393	uncombine	2	392
6590	unconditioned	393	8		5				unconditioned	5	394	unconditioned	5	394	unconditioned	5	396	unconditioned	5	394	unconditioned	5	393
6591	uncontenmed	394	8		2	weak			uncontenmed	2	395	tmcontemned	1	395	Tincontenmed	1	397	uncontenined	1	395	uncontenmed	2	394
6592	uncouthly	395	8		3				uncouthly	3	396	uncouthly	3	396	Tmcouthly	1	398	mot	1	396	uncouthly	3	395
6593	nncuUed	396	8		1	tie			nncuUed	1	397	imcnlled	1	397	The	1	399	onculled	1	397	undefouled	1	396
6594	undeify	397	8		3				undeify	3	398	undeify	3	398	tindeUy	1	400	xmdelty	1	398	undeify	3	397
6595	under	398	8		3				under	3	399	vuider	1	399	tmder	1	401	under	3	399	under	3	398
6596	underdrain	399	8		3				underdrain	3	400	underdrain	3	400	underdrain	3	402	nnderdraln	1	400	undeTdrain	1	399
6597	underivedness	400	8		4				underivedness	4	401	underivedness	4	401	underiTedness	1	403	underivedness	4	401	underivedness	4	400
6598	underpay	401	8		5				underpay	5	402	underpay	5	402	underpay	5	404	underpay	5	402	underpay	5	401
6599	undersleep	402	8		4				undersleep	4	403	undersleep	4	403	undersleep	4	405	undersleep	4	403	tmdersleep	1	402
6600	undertake	403	8		4				undertake	4	404	undertake	4	404	undertake	4	406	Amood	1	404	undertake	4	403
6601	underwork	404	8		4				vmderwork	1	405	underwork	4	405	underwork	4	407	underwork	4	405	underwork	4	404
6602	undiscemedly	405	8		2	weak			undlscemedly	1	406	imdiscemedly	1	406	undiscemedly	2	408	oadlsceniedly	1	406	undiscemedly	2	405
6603	undividual	406	8		2	tie			undi	1	407	un	2	407	undividual	2	409	un	2	407	undividual	2	406
6604	undulary	407	8		2	weak			imdulary	1	408	undulary	2	408	undolary	1	410	bbato	1	408	undulary	2	407
6605	uneaths	408	8		3				uneaths	3	409	uneaths	3	409	nneaths	1	411	uneaths	3	409	imeaths	1	408
6606	unethes	409	8		2	tie			unethes	2	410	unetbes	1	410	nnethes	2	412	nnethes	2	410	unethes	2	409
6607	unfaithful	410	8		4				unfaithful	4	411	unfaithful	4	411	unfaithful	4	413	unfaithful	4	411	imfaithful	1	410
6608	unflrm	411	8		3				unflrm	3	412	unflrm	3	412	unflrm	3	414	n	1	412	imflnn	1	411
6609	unfortunate	412	8		5				unfortunate	5	413	unfortunate	5	413	unfortunate	5	415	unfortunate	5	413	unfortunate	5	412
6610	ungathered	413	8		2	weak			ungathered	2	414	ungathered	2	414	tingatliered	1	416	ct-	1	414	iingathered	1	413
6611	ungoverned	414	8		3				ungoverned	3	415	nngovemed	1	415	ungovemed	1	417	ungoverned	3	415	ungoverned	3	414
6612	ungmform	415	8		1	tie			ungmform	1	416	unguiform	1	416	nngniform	1	418	ungBiform	1	416	J	1	415
6613	unhang	416	8		3				nnhang	1	417	unhang	3	417	nnliang	1	419	unhang	3	417	unhang	3	416
6614	unheedingly	417	8		3				unheedingly	3	418	unheedingly	3	418	unheedingly	3	420	unheedlngly	1	418	unlieedingly	1	417
6615	TTniat	418	8		1	tie			TTniat	1	419	ITniat	1	419	Uniat	1	421	XJniat	1	419	XTniat	1	418
6616	unideal	419	8		3				unideal	3	420	unideal	3	420	iinideal	1	422	tmideal	1	420	unideal	3	419
6617	unigenital	420	8		3				unigenital	3	421	unigenital	3	421	Tinigenital	1	423	imigenital	1	421	unigenital	3	420
6618	uninfluenced	421	8		3				uninfluenced	3	422	iminfluenced	1	422	uninfluenced	3	424	nninfluenced	1	422	uninfluenced	3	421
6619	union	422	8		3				uuon	1	423	union	3	423	union	3	425	union	3	423	muon	1	422
6620	unipartite	423	8		1	tie			unipartite	1	424	iinipartite	1	424	tmipartite	1	426	uni	1	424	unlpartite	1	423
6621	unit	424	8		4				nnit	1	425	unit	4	425	unit	4	427	unit	4	425	unit	4	424
6622	unite	425	8		5				unite	5	426	unite	5	426	unite	5	428	unite	5	426	unite	5	425
6623	univalve	426	8		4				univalve	4	427	univalve	4	427	nnivalve	1	429	univalve	4	427	univalve	4	426
6624	university	427	8		5				university	5	428	university	5	428	university	5	430	university	5	428	university	5	427
6625	unkindship	428	8		3				unkind	1	429	unkindship	3	429	unkindsMp	1	431	unkindship	3	429	unkindship	3	428
6626	unlawful	429	8		3				unlawful	3	430	nnlawful	1	430	unlawful	3	432	nnUwful	1	430	unlawful	3	429
6627	unlimited	430	8		3				unlimited	3	431	nnlimited	1	431	tmllinlted	1	433	unlimited	3	431	unlimited	3	430
6628	unlnte	431	8		2	weak			unlnte	2	432	unlnte	2	432	unlate	1	434	umnatcrlate	1	432	unlute	1	431
6629	unmaze	432	8		1	tie			unmaze	1	433	nnmaze	1	433	tuunaze	1	435	Unmaze	1	433	Tuuuaze	1	432
6630	unmitigable	433	8		1	tie			unmitigable	1	434	uninitigable	1	434	tmmitigable	1	436	luuuitiKated	1	434	immitigable	1	433
6631	unmutable	434	8		2	tie			unmutable	2	435	unmutable	2	435	umnutable	1	437	immutable	2	435	immutable	2	434
6632	unobjectionable	435	8		4				unobjectionable	4	436	unobjectionable	4	436	xmobjectionable	1	438	unobjectionable	4	436	unobjectionable	4	435
6633	unpalatable	436	8		5				unpalatable	5	437	unpalatable	5	437	unpalatable	5	439	unpalatable	5	437	unpalatable	5	436
6634	unperjured	437	8		2	weak			unperjured	2	438	Free	1	438	nnperjured	1	440	nil	1	438	unperjured	2	437
6635	unpleadable	438	8		3				nnpleadable	2	439	unpleadable	3	439	nnpleadable	2	441	unpleadable	3	439	unpleadable	3	438
6636	impossible	439	8		2	weak			impossible	2	440	impossible	2	440	tinpossible	1	442	unprecedentedly	1	440	unpossible	1	439
6637	unpriest	440	8		3				unpriest	3	441	unpriest	3	441	tmpriest	1	443	unprlest	1	441	unpriest	3	440
6638	unprovable	441	8		4				unprovable	4	442	unprovable	4	442	Also	1	444	unprovable	4	442	unprovable	4	441
6639	nnquit	442	8		2	tie			nnquit	2	443	unquit	2	443	anqoit	1	445	unquit	2	443	nnquit	2	442
6640	unrecognizably	443	8		4				unrecognizably	4	444	unrecognizably	4	444	unrecognizably	4	446	nnrecognlzably	1	444	unrecognizably	4	443
6641	nnremoved	444	8		1	tie			nnremoved	1	445	Like	1	445	Jane	1	447	unremoved	1	445	unremovecl	1	444
6642	tmrestrainedness	445	8		1	tie			tmrestrainedness	1	446	of	1	446	unrestrainedness	1	448	imrestraiiiedness	1	446	unrestramedness	1	445
6643	unrude	446	8		4				unrude	4	447	unrude	4	447	unrude	4	449	unrude	4	447	unnide	1	446
6644	unscriptural	447	8		3				unscriptural	3	448	vinscriptural	1	448	unscriptural	3	450	uucriptoral	1	448	unscriptural	3	447
6645	unserviceableness	448	8		3				unserviceableness	3	449	unserviceableness	3	449	onserviceableness	1	451	unserviceableness	3	449	unserriceableness	1	448
6646	unsightliness	449	8		3				unsightliness	3	450	unsightliness	3	450	Tmsightliness	1	452	unsightUnefla	1	450	unsightliness	3	449
6647	unsoul	450	8		5				unsoul	5	451	unsoul	5	451	unsoul	5	453	unsoul	5	451	unsoul	5	450
6648	unsteadfastly	451	8		3				unsteadfastly	3	452	unsteadfastly	3	452	imsteadfastly	1	454	mwteadfastly	1	452	unsteadfastly	3	451
6649	unsupported	452	8		5				unsupported	5	453	unsupported	5	453	unsupported	5	455	unsupported	5	453	unsupported	5	452
6650	untangle	453	8		4				untangle	4	454	untangle	4	454	untangle	4	456	If	1	454	untangle	4	453
6651	unthrift	454	8		3				unthxift	1	455	unthrift	3	455	unthrift	3	457	unthrift	3	455	unthritt	1	454
6652	untoiling	455	8		2	weak			untrodden	1	456	untoiling	2	456	antoiling	1	458	un	1	456	untoiling	2	455
6653	untrodden	456	8		4				untrodden	4	457	untrodden	4	457	untrodden	4	459	untrodden	4	457	tmtrodden	1	456
6654	unusefulness	457	8		3				unusefulness	3	458	unusefulness	3	458	nnusefulness	1	460	Ti	1	458	unusefulness	3	457
6655	unwarily	458	8		4				unwarily	4	459	unwarily	4	459	nnwarily	1	461	unwarily	4	459	unwarily	4	458
6656	unwield	459	8		2	weak			on	1	460	im	1	460	unwield	2	462	onwiold	1	460	unwield	2	459
6657	unworship	460	8		1	tie			unworship	1	461	un	1	461	nnworship	1	463	unworshlp	1	461	unworsUp	1	460
6658	up	461	8		3				up	3	462	up	3	462	np	2	464	np	2	462	up	3	461
6659	upas	462	8		4				upas	4	463	upaB	1	463	upas	4	465	upas	4	463	upas	4	462
6660	Uphantsnia	463	8		2	weak			Uphantaenia	1	464	Uphantsnia	2	464	XJphantsenia	1	466	Uphantcnia	1	464	Uphantsnia	2	463
6661	uplift	464	8		4				uplift	4	465	upUft	1	465	uplift	4	467	uplift	4	465	uplift	4	464
6662	uprear	465	8		3				uprear	3	466	uprear	3	466	nprear	2	468	nprear	2	466	uprear	3	465
6663	upsend	466	8		3				upsend	3	467	upsend	3	467	npsend	1	469	tipsend	1	467	upsend	3	466
6664	upthrow	467	8		3				upthrow	3	468	upthrow	3	468	uptlirow	1	470	npthrow	1	468	upthrow	3	467
6665	uraeus	468	8		2	tie			uraeus	2	469	ursens	1	469	uraeus	2	471	urseus	2	469	urseus	2	468
6666	Uranus	469	8		4				Uranus	4	470	Uranus	4	470	Uranus	4	472	Uraons	1	470	Uranus	4	469
6667	urchin	470	8		3				urchin	3	471	urchin	3	471	urcMn	2	473	urchin	3	471	urcMn	2	470
6668	urethra	471	8		3				turethra	1	472	urethra	3	472	urethra	3	474	urethra	3	472	uretlira	1	471
6669	urinary	472	8		5				urinary	5	473	urinary	5	473	urinary	5	475	urinary	5	473	urinary	5	472
6670	Urocems	473	8		2	weak			Urocems	2	474	TJrocems	1	474	TJrocerns	1	476	tit	1	474	Urocems	2	473
6671	Urolestes	474	8		4				TJrolestes	1	475	Urolestes	4	475	Urolestes	4	477	Urolestes	4	475	Urolestes	4	474
6672	Urotrichus	475	8		4				Urotrichus	4	476	Urotrichus	4	476	Urotrichus	4	478	UrotrichoB	1	476	Urotrichus	4	475
6673	urtical	476	8		3				nrtical	1	477	urtical	3	477	UTtical	1	479	urtical	3	477	urtical	3	476
6674	use	477	8		3				use	3	478	use	3	478	use	3	480	I	1	478	nse	1	477
6675	use	478	8		5				use	5	479	use	5	479	use	5	481	use	5	479	use	5	478
6676	ustulate	479	8		1	tie			ustulate	1	480	iistulate	1	480	tistulate	1	482	uBtolate	1	480	ustolate	1	479
6677	usurpress	480	8		4				usurpress	4	481	usurpress	4	481	usurpress	4	483	usurpress	4	481	usurpresB	1	480
6678	Utetheisa	481	8		2	tie			Utetheisa	2	482	Utetheisa	2	482	ntetheisa	2	484	liu	1	482	ntetheisa	2	481
6679	utricle	482	8		5				utricle	5	483	utricle	5	483	utricle	5	485	utricle	5	483	utricle	5	482
6680	utterer	483	8		2	weak			utteier	1	484	utterer	2	484	ntterer	1	486	ur	1	484	utterer	2	483
6681	V	484	8		1	tie			V	1	485	ail'	1	485	m	1	487	f	1	485	This	1	484
6682	vaccinal	485	8		5				vaccinal	5	486	vaccinal	5	486	vaccinal	5	488	vaccinal	5	486	vaccinal	5	485
6683	vacillation	486	8		4				vacillation	4	487	vacillation	4	487	vacillation	4	489	vacillation	4	487	Tacillation	1	486
6684	vacuum-pump	487	8		2	weak			vacumn-pump	1	488	vacuum-pump	2	488	vacuum-pump	2	490	vacnnm-pump	1	488	vacuum-ptunp	1	487
6685	vagina	488	8		5				vagina	5	489	vagina	5	489	vagina	5	491	vagina	5	489	vagina	5	488
6686	vague	489	8		3				vague	3	490	vague	3	490	Tagve	1	492	afrs'tifr	1	490	vague	3	489
6687	vair	490	8		2	weak			valr	1	491	it	1	491	vair	2	493	It	1	491	vair	2	490
6688	Valentinian	491	8		4				Valentinian	4	492	Valentinian	4	492	Valentinian	4	494	of	1	492	Valentinian	4	491
6689	Valhalla	492	8		5				Valhalla	5	493	Valhalla	5	493	Valhalla	5	495	Valhalla	5	493	Valhalla	5	492
6690	valley	493	8		4				valley	4	494	valley	4	494	valley	4	496	A	1	494	valley	4	493
6691	valuable	494	8		5				valuable	5	495	valuable	5	495	valuable	5	497	valuable	5	495	valuable	5	494
6692	the	495	8		3				the	3	496	the	3	496	the	3	498	I	1	496		1	495
6693	vamp	496	8		5				vamp	5	497	vamp	5	497	vamp	5	499	vamp	5	497	vamp	5	496
6694	vanadinite	497	8		3				vanadinite	3	498	vanadinite	3	498	Tanadinite	1	500	Tftnadinite	1	498	vanadinite	3	497
6695	Vanessa	498	8		5				Vanessa	5	499	Vanessa	5	499	Vanessa	5	501	Vanessa	5	499	Vanessa	5	498
6696	vanity	499	8		5				vanity	5	500	vanity	5	500	vanity	5	502	vanity	5	500	vanity	5	499
6697	vapor	500	8		4				vapor	4	501	vapor	4	501	rated	1	503	vapor	4	501	vapor	4	500
6698	vaporole	501	8		5				vaporole	5	502	vaporole	5	502	vaporole	5	504	vaporole	5	502	vaporole	5	501
6699	variability	502	8		5				variability	5	503	variability	5	503	variability	5	505	variability	5	503	variability	5	502
6700	variation	503	8		4				variation	4	504	variation	4	504	variation	4	506	IT	1	504	variation	4	503
6701	Variegatse	504	8		3				Variegatae	2	505	Variegatae	2	505	Variegatse	3	507	Variegatse	3	505	Variegatse	3	504
6702	varioloid	505	8		3				varioloid	3	506	varioloid	3	506	Modified	1	508	n	1	506	varioloid	3	505
6703	varnish-tree	506	8		4				varnish-tree	4	507	varnish-tree	4	507	varnish-tree	4	509	varnish-tree	4	507	vamlsli-tree	1	506
6704	vascular	507	8		3				Tascular	1	508	vascular	3	508	vascular	3	510	PlrT	1	508	vascular	3	507
6705	vase-painting	508	8		5				vase-painting	5	509	vase-painting	5	509	vase-painting	5	511	vase-painting	5	509	vase-painting	5	508
6706	vast	509	8		4				vast	4	510	vast	4	510	vast	4	512	tai	1	510	vast	4	509
6707	Vaudois	510	8		3				Vaudois	3	511	Vaudois	3	511	Vandois	2	513	Vaudois	3	511	Vandois	2	510
6708	vaulting-tile	511	8		4				vaulting-tile	4	512	vaulting-tile	4	512	vaulting-tile	4	514	A	1	512	vaulting-tile	4	511
6709	Veda	512	8		3				Veda	3	513	Tedanta	1	513	Vedanta	1	515	Veda	3	513	Veda	3	512
6710	vegetaline	513	8		4				vegetaline	4	514	vegetaline	4	514	vegetaline	4	516	vegetallne	1	514	vegetaline	4	513
6711	vehmgericht	514	8		5				vehmgericht	5	515	vehmgericht	5	515	vehmgericht	5	517	vehmgericht	5	515	vehmgericht	5	514
6712	vein	515	8		4				vein	4	516	vein	4	516	vein	4	518	A	1	516	vein	4	515
6713	vemous	516	8		3				vemous	3	517	vemous	3	517	veinous	2	519	veinous	2	517	vemous	3	516
6714	Vellozieae	517	8		2	weak			Vellozieae	2	518	Vellozieae	2	518	Velloziese	1	520	Vallosiea	1	518	Vellozies	1	517
6715	velvet	518	8		5				velvet	5	519	velvet	5	519	velvet	5	521	velvet	5	519	velvet	5	518
6716	Venation	519	8		4				Venation	4	520	Venation	4	520	Venation	4	522	Tenation	1	520	Venation	4	519
6717	veneer-moth	520	8		5				veneer-moth	5	521	veneer-moth	5	521	veneer-moth	5	523	veneer-moth	5	521	veneer-moth	5	520
6718	yenus	521	8		1	tie			yenus	1	522	yenits	1	522	Venus	1	524	VenerldB	1	522	Vtnus	1	521
6719	vengeance	522	8		5				vengeance	5	523	vengeance	5	523	vengeance	5	525	vengeance	5	523	vengeance	5	522
6720	venom-duct	523	8		4				venom-duct	4	524	venom-duct	4	524	venom-duct	4	526	I'	1	524	venom-duct	4	523
6721	vent	524	8		5				vent	5	525	vent	5	525	vent	5	527	vent	5	525	vent	5	524
6722	ventilation	525	8		4				ventilation	4	526	ventilation	4	526	ventilation	4	528	Tentilation	1	526	ventilation	4	525
6723	ventriculus	526	8		2	tie			ventriculus	2	527	ventriculus	2	527	Tentriculus	1	529	ventrlculus	2	527	ventrlculus	2	526
6724	venue	527	8		1	tie			venue	1	528	venne	1	528	Tenne	1	530	venna	1	528	venuelf	1	527
6725	Venus's-slipper	528	8		3				Venus'	1	529	Venus's-slipper	3	529	Venus's-slipper	3	531	Venus's-slipper	3	529	Venns's-slipper	1	528
6726	verbally	529	8		5				verbally	5	530	verbally	5	530	verbally	5	532	verbally	5	530	verbally	5	529
6727	verbosity	530	8		5				verbosity	5	531	verbosity	5	531	verbosity	5	533	verbosity	5	531	verbosity	5	530
6728	veretilliform	531	8		3				veretillifonn	1	532	veretilliform	3	532	veretilliform	3	534	tilt'	1	532	veretilliform	3	531
6729	verify	532	8		4				verify	4	533	verify	4	533	verify	4	535	verify	4	533	verliy	1	532
6730	The	533	8		3				The	3	534	The	3	534	The	3	536	Vennetas	1	534	Vermetus	1	533
6731	vermilion	534	8		5				vermilion	5	535	vermilion	5	535	vermilion	5	537	vermilion	5	535	vermilion	5	534
6732	vernal	535	8		5				vernal	5	536	vernal	5	536	vernal	5	538	vernal	5	536	vernal	5	535
6733	verruca	536	8		5				verruca	5	537	verruca	5	537	verruca	5	539	verruca	5	537	verruca	5	536
6734	verse	537	8		5				verse	5	538	verse	5	538	verse	5	540	verse	5	538	verse	5	537
6735	version	538	8		5				version	5	539	version	5	539	version	5	541	version	5	539	version	5	538
6736	vertebralis	539	8		5				vertebralis	5	540	vertebralis	5	540	vertebralis	5	542	vertebralis	5	540	vertebralis	5	539
6737	verticality	540	8		4				verticality	4	541	verticality	4	541	verticallty	1	543	verticality	4	541	verticality	4	540
6738	very	541	8		4				very	4	542	very	4	542	not	1	544	very	4	542	very	4	541
6739	vesiculate	542	8		4				vesiculate	4	543	Teaicolate	1	543	vesiculate	4	545	vesiculate	4	543	vesiculate	4	542
6740	vessel	543	8		4				vessel	4	544	vessel	4	544	vessel	4	546	MiKiricr	1	544	vessel	4	543
6741	vested	544	8		5				vested	5	545	vested	5	545	vested	5	547	vested	5	545	vested	5	544
6742	vestry	545	8		5				vestry	5	546	vestry	5	546	vestry	5	548	vestry	5	546	vestry	5	545
6743	veterinary	546	8		5				veterinary	5	547	veterinary	5	547	veterinary	5	549	veterinary	5	547	veterinary	5	546
6744	veyn	547	8		4				veyn	4	548	veyn	4	548	veyn	4	550	Vli	1	548	veyn	4	547
6745	vibrant	548	8		4				vibrant	4	549	vibrant	4	549	xribrant	1	551	vibrant	4	549	vibrant	4	548
6746	Viburnum	549	8		3				Viburnum	3	550	Viburnum	3	550	Vlburniun	1	552	Vibnmnm	1	550	Viburnum	3	549
6747	vice	550	8		5				vice	5	551	vice	5	551	vice	5	553	vice	5	551	vice	5	550
6748	viceroy	551	8		5				viceroy	5	552	viceroy	5	552	viceroy	5	554	viceroy	5	552	viceroy	5	551
6749	vicontiel	552	8		4				vicontiel	4	553	Tlcontiel	1	553	vicontiel	4	555	vicontiel	4	553	vicontiel	4	552
6750	Vicloriatus	553	8		1	tie			Vicloriatus	1	554	VictorkiCus	1	554	victorlatus	1	556	vlctoriatua	1	554	Victoriatus	1	553
6751	vicugna	554	8		5				vicugna	5	555	vicugna	5	555	vicugna	5	557	vicugna	5	555	vicugna	5	554
6752	vie	555	8		5				vie	5	556	vie	5	556	vie	5	558	vie	5	556	vie	5	555
6753	viewless	556	8		5				viewless	5	557	viewless	5	557	viewless	5	559	viewless	5	557	viewless	5	556
6754	vigor	557	8		5				vigor	5	558	vigor	5	558	vigor	5	560	vigor	5	558	vigor	5	557
6755	villa	558	8		4				villa	4	559	some	1	559	villa	4	561	villa	4	559	villa	4	558
6756	villanize	559	8		4				villanize	4	560	villanize	4	560	villanize	4	562	Tillanize	1	560	villanize	4	559
6757	vinarian	560	8		2	weak			vinanan	1	561	Tinanan	1	561	vinarian	2	563	vinarian	2	561	vmanan	1	560
6758	vine	561	8		5				vine	5	562	vine	5	562	vine	5	564	vine	5	562	vine	5	561
6759	vinery	562	8		5				vinery	5	563	vinery	5	563	vinery	5	565	vinery	5	563	vinery	5	562
6760	viol	563	8		4				viol	4	564	viol	4	564	viol	4	566	viol	4	564	viola	1	563
6761	viol-block	564	8		5				viol-block	5	565	viol-block	5	565	viol-block	5	567	viol-block	5	565	viol-block	5	564
6762	violet	565	8		4				violet	4	566	violet	4	566	violet	4	568	Tlolet	1	566	violet	4	565
6763	viper	566	8		5				viper	5	567	viper	5	567	viper	5	569	viper	5	567	viper	5	566
6764	Vireo	567	8		5				Vireo	5	568	Vireo	5	568	Vireo	5	570	Vireo	5	568	Vireo	5	567
6765	virginal	568	8		4				virginal	4	569	virginal	4	569	to	1	571	virginal	4	569	virginal	4	568
6766	viridigenous	569	8		3				viridigenous	3	570	viridigenous	3	570	Tiridigenous	1	572	viridlgenooB	1	570	viridigenous	3	569
6767	virtue	570	8		5				virtue	5	571	virtue	5	571	virtue	5	573	virtue	5	571	virtue	5	570
6768	virulence	571	8		3				virulence	3	572	virulence	3	572	vimlence	1	574	Tlmlence	1	572	virulence	3	571
6769	visceripericardial	572	8		2	weak			visceriperi	1	573	visceripericardial	2	573	visceripiiricardial	1	575	visceripericardial	2	573	Tisceripericaxdial	1	572
6770	vise	573	8		3				vise	3	574	vise	3	574	An	1	576	Ad	1	574	vise	3	573
6771	visionary	574	8		5				visionary	5	575	visionary	5	575	visionary	5	577	visionary	5	575	visionary	5	574
6772	visiting-book	575	8		2	tie			visiting-book	2	576	visiting-book	2	576	Tisiting-book	2	578	Tlsitlnjr-book	1	576	Tisiting-book	2	575
6773	vital	576	8		5				vital	5	577	vital	5	577	vital	5	579	vital	5	577	vital	5	576
6774	vitiator	577	8		3				Titiator	1	578	vitiator	3	578	vitiator	3	580	vitiatoT	1	578	vitiator	3	577
6775	vitrescence	578	8		4				irpus	1	579	vitrescence	4	579	vitrescence	4	581	vitrescence	4	579	vitrescence	4	578
6776	vituperation	579	8		4				vituperation	4	580	vituperation	4	580	vituperation	4	582	Syo	1	580	vituperation	4	579
6777	vivers	580	8		3				VI	1	581	vlvers	1	581	vivers	3	583	vivers	3	581	vivers	3	580
6778	vivisepulture	581	8		2	tie			vivisepulture	2	582	vivisepulture	2	582	vivisepnlture	2	584	MInr	1	582	vivisepnlture	2	581
6779	vocal	582	8		5				vocal	5	583	vocal	5	583	vocal	5	585	vocal	5	583	vocal	5	582
6780	vociferosity	583	8		3				vociferosity	3	584	vociferosity	3	584	vociferosity	3	586	Tociferodty	1	584	Tociferosity	1	583
6781	voice	584	8		5				voice	5	585	voice	5	585	voice	5	587	voice	5	585	voice	5	584
6782	voider	585	8		2	weak			o	1	586	voider	2	586	u	1	588	fruiu	1	586	voider	2	585
6783	volatilizable	586	8		5				volatilizable	5	587	volatilizable	5	587	volatilizable	5	589	volatilizable	5	587	volatilizable	5	586
6784	Volitantia	587	8		3				Volitantia	3	588	Volitantia	3	588	Volitantia	3	590	VoUUntia	1	588	Volitantda	1	587
6785	Voltairism	588	8		5				Voltairism	5	589	Voltairism	5	589	Voltairism	5	591	Voltairism	5	589	Voltairism	5	588
6786	volume	589	8		4				volume	4	590	volume	4	590	volume	4	592	thruugh	1	590	volume	4	589
6787	voluntary	590	8		5				voluntary	5	591	voluntary	5	591	voluntary	5	593	voluntary	5	591	voluntary	5	590
6788	Voluspa	591	8		4				Voluspa	4	592	The	1	592	Voluspa	4	594	Voluspa	4	592	Voluspa	4	591
6789	vomlc	592	8		2	weak			vomic	1	593	vomlc	2	593	vomlc	2	595	Tomic	1	593	vonuc	1	592
6790	vortex	593	8		4				vortex	4	594	vortex	4	594	vortex	4	596	r	1	594	vortex	4	593
6791	vote	594	8		5				vote	5	595	vote	5	595	vote	5	597	vote	5	595	vote	5	594
6792	vow	595	8		4				vow	4	596	vow	4	596	vow	4	598	f	1	596	vow	4	595
6793	voyageur	596	8		4				voyageur	4	597	voyageur	4	597	voyagettr	1	599	voyageur	4	597	voyageur	4	596
6794	vulgar	597	8		5				vulgar	5	598	vulgar	5	598	vulgar	5	600	vulgar	5	598	vulgar	5	597
6795	Vulpecula	598	8		3				Vulpecula	3	599	ViUpecula	1	599	Vulpecula	3	601	Vnlpecula	1	599	Vulpecula	3	598
6796	vulturine	599	8		2	weak			vulturine	2	600	vulttirine	1	600	vultTirine	1	602	vulturine	2	600	vnlturine	1	599
6797	The	600	8		4				consonant	1	601	The	4	601	The	4	603	The	4	601	The	4	600
6798	wadding	601	8		5				wadding	5	602	wadding	5	602	wadding	5	604	wadding	5	602	wadding	5	601
6799	waferer	602	8		2	weak			waferer	2	603	wafbrer	1	603	waferer	2	605	watbrer	1	603	watlerer	1	602
6800	wag	603	8		4				wag	4	604	wag	4	604	wag	4	606	omllt	1	604	wag	4	603
6801	waggle	604	8		4				waggle	4	605	vcr-	1	605	waggle	4	607	waggle	4	605	waggle	4	604
6802	wagon-lock	605	8		4				wagon-lock	4	606	wagon-lock	4	606	wagon-lock	4	608	wllb'	1	606	wagon-lock	4	605
6803	wail	606	8		4				wail	4	607	wall	1	607	wail	4	609	wail	4	607	wail	4	606
6804	waist	607	8		4				waist	4	608	waist	4	608	wagon-lock	1	610	waist	4	608	waist	4	607
6805	wait	608	8		4				wait	4	609	wait	4	609	wail	1	611	wait	4	609	wait	4	608
6806	wake	609	8		3				wake	3	610	wake	3	610	waist	1	612	Tbt	1	610	wake	3	609
6807	waker	610	8		4				waker	4	611	waker	4	611	wait	1	613	waker	4	611	waker	4	610
6808	Waler	611	8		4				Waler	4	612	Waler	4	612	wake	1	614	Waler	4	612	Waler	4	611
6809	walk	612	8		4				walk	4	613	walk	4	613	Flowering	1	615	walk	4	613	walk	4	612
6810	wall	613	8		4				wall	4	614	wall	4	614	Waler	1	616	wall	4	614	wall	4	613
6811	Wallerian	614	8		2	weak			Wallerian	2	615	Wallerlan	1	615	walk	1	617	I'lic	1	615	Wallerian	2	614
6812	wallow	615	8		3				wallow	3	616	wallow	3	616	wall	1	618	walnut	1	616	wallow	3	615
6813	walnut	616	8		3				walnut	3	617	walnut	3	617	Wallerian	1	619	waltz	1	617	walnut	3	616
6814	waltz	617	8		3				waltz	3	618	waltz	3	618	wallow	1	620	wmlts	1	618	waltz	3	617
6815	wander	618	8		4				wander	4	619	wander	4	619	walnut	1	621	wander	4	619	wander	4	618
6816	wang-tooth	619	8		3				wang-tooth	3	620	wang-tooth	3	620	waltz	1	622	wrii	1	620	wang-tooth	3	619
6817	wanting	620	8		4				wanting	4	621	wanting	4	621	wander	1	623	wanting	4	621	wanting	4	620
6818	wapiti	621	8		3				wapiti	3	622	wapiti	3	622	wang-tooth	1	624	l-	1	622	wapiti	3	621
6819	war	622	8		4				war	4	623	war	4	623	wanting	1	625	war	4	623	war	4	622
6820	warbler	623	8		4				warbler	4	624	warbler	4	624	wapiti	1	626	warbler	4	624	warbler	4	623
6821	war-cry	624	8		4				war-cry	4	625	war-cry	4	625	I	1	627	war-cry	4	625	war-cry	4	624
6822	warden	625	8		4				warden	4	626	warden	4	626	warbler	1	628	warden	4	626	warden	4	625
6823	ware	626	8		4				ware	4	627	ware	4	627	war-cry	1	629	ware	4	627	ware	4	626
6824	war-fain	627	8		4				war-fain	4	628	war-fain	4	628	warden	1	630	war-fain	4	628	war-fain	4	627
6825	warm	628	8		4				warm	4	629	warm	4	629	ware	1	631	warm	4	629	warm	4	628
6826	warn	629	8		3				warn	3	630	warn	3	630	war-fain	1	632	V	1	630	warn	3	629
6827	warp	630	8		4				warp	4	631	warp	4	631	warm	1	633	warp	4	631	warp	4	630
6828	warrant	631	8		3				warrant	3	632	warrant	3	632	warn	1	634	murrant	1	632	warrant	3	631
6829	warry	632	8		2	weak			was	1	633	warry	2	633	warp	1	635	worry	1	633	warry	2	632
6830	was	633	8		2	weak			was	2	634	was	2	634	warrant	1	636	mo	1	634	waiS	1	633
6831	wash	634	8		3				wasli	1	635	wash	3	635	warry	1	637	wash	3	635	wash	3	634
6832	Washingtonia	635	8		3				Washingtonia	3	636	Washingtonia	3	636	was	1	638	Wuhingtonla	1	636	Washingtonia	3	635
6833	wassail	636	8		3				wassail	3	637	wassail	3	637	wasb	1	639	oil	1	637	wassail	3	636
6834	waste	637	8		3				waste	3	638	waste	3	638	Waste	1	640	wuta	1	638	waste	3	637
6835	wat	638	8		5				wat	5	639	wat	5	639	wat	5	641	wat	5	639	wat	5	638
6836	watch-clock	639	8		3				watch-clock	3	640	watch-clock	3	640	watch-clock	3	642	watch	1	640	watcb-clock	1	639
6837	water	640	8		4				water	4	641	water	4	641	no	1	643	water	4	641	water	4	640
6838	water	641	8		4				water	4	642	water	4	642	water	4	644	wiffr	1	642	water	4	641
6839	water	642	8		4				llis	1	643	water	4	643	water	4	645	water	4	643	water	4	642
6840	water-boatman	643	8		2	weak			Back-swimming	1	644	Back	1	644	water-boatman	2	646	water-boatman	2	644	Water-boatman	1	643
6841	outer	644	8		4				outer	4	645	outer	4	645	water-coloring	1	647	outer	4	645	outer	4	644
6842	water-feather	645	8		4				water-feather	4	646	water-feather	4	646	water-feather	4	648	wator-fcatber	1	646	water-feather	4	645
6843	water-hammer	646	8		5				water-hammer	5	647	water-hammer	5	647	water-hammer	5	649	water-hammer	5	647	water-hammer	5	646
6844	water-lemon	647	8		4				water-lemon	4	648	water-lemon	4	648	water-lemon	4	650	of	1	648	water-lemon	4	647
6845	water-meter	648	8		5				water-meter	5	649	water-meter	5	649	water-meter	5	651	water-meter	5	649	water-meter	5	648
6846	water-pore	649	8		4				water-pore	4	650	water-pore	4	650	water-pore	4	652	trf-	1	650	water-pore	4	649
6847	water-shut	650	8		3				water-siiut	1	651	water-shut	3	651	water-shut	3	653	water-shut	3	651	water-sbut	1	650
6848	water-table	651	8		3				water-table	3	652	water-table	3	652	water-table	3	654	-0	1	652	Tvater-table	1	651
6849	waterwitch	652	8		5				waterwitch	5	653	waterwitch	5	653	waterwitch	5	655	waterwitch	5	653	waterwitch	5	652
6850	wattle	653	8		5				wattle	5	654	wattle	5	654	wattle	5	656	wattle	5	654	wattle	5	653
6851	wave	654	8		5				wave	5	655	wave	5	655	wave	5	657	wave	5	655	wave	5	654
6852	waved	655	8		5				waved	5	656	waved	5	656	waved	5	658	waved	5	656	waved	5	655
6853	wavy	656	8		5				wavy	5	657	wavy	5	657	wavy	5	659	wavy	5	657	wavy	5	656
6854	waxen	657	8		5				waxen	5	658	waxen	5	658	waxen	5	660	waxen	5	658	waxen	5	657
6855	way	658	8		5				way	5	659	way	5	659	way	5	661	way	5	659	way	5	658
6856	way	659	8		4				way	4	660	way	4	660	way	4	662	w	1	660	way	4	659
6857	wayward	660	8		5				wayward	5	661	wayward	5	661	wayward	5	663	wayward	5	661	wayward	5	660
6858	weakener	661	8		4				weakener	4	662	Fastings	1	662	weakener	4	664	weakener	4	662	weakener	4	661
6859	wealthful	662	8		3				wealthful	3	663	wealthfol	1	663	In	1	665	wealthful	3	663	wealthful	3	662
6860	wear	663	8		5				wear	5	664	wear	5	664	wear	5	666	wear	5	664	wear	5	663
6861	wearisome	664	8		4				weansome	1	665	wearisome	4	665	wearisome	4	667	wearisome	4	665	wearisome	4	664
6862	weather	665	8		4				weather	4	666	weather	4	666	weather	4	668	All	1	666	weather	4	665
6863	weathered	666	8		5				weathered	5	667	weathered	5	667	weathered	5	669	weathered	5	667	weathered	5	666
6864	weather-tile	667	8		5				weather-tile	5	668	weather-tile	5	668	weather-tile	5	670	weather-tile	5	668	weather-tile	5	667
6865	weaver-finch	668	8		4				weaver-finch	4	669	weaver-flncli	1	669	weaver-finch	4	671	weaver-finch	4	669	weaver-finch	4	668
6866	web-press	669	8		4				web-press	4	670	web-press	4	670	web-press	4	672	web	1	670	web-press	4	669
6867	wedge	670	8		5				wedge	5	671	wedge	5	671	wedge	5	673	wedge	5	671	wedge	5	670
6868	weed	671	8		5				weed	5	672	weed	5	672	weed	5	674	weed	5	672	weed	5	671
6869	week	672	8		5				week	5	673	week	5	673	week	5	675	week	5	673	week	5	672
6870	weeping-cross	673	8		3				weeping-cross	3	674	weepmg-cross	1	674	weeping-cross	3	676	weeping-cross	3	674	weepfng-cross	1	673
6871	weigh	674	8		5				weigh	5	675	weigh	5	675	weigh	5	677	weigh	5	675	weigh	5	674
6872	weight	675	8		5				weight	5	676	weight	5	676	weight	5	678	weight	5	676	weight	5	675
6873	weird	676	8		4				weird	4	677	weird	4	677	I	1	679	weird	4	677	weird	4	676
6874	weld	677	8		5				weld	5	678	weld	5	678	weld	5	680	weld	5	678	weld	5	677
6875	well	678	8		5				well	5	679	well	5	679	well	5	681	well	5	679	well	5	678
6876	well-being	679	8		4				well-being	4	680	well-being	4	680	weU-being	1	682	well-being	4	680	well-being	4	679
6877	well-known	680	8		4				well-known	4	681	well-known	4	681	well-known	4	683		1	681	well-known	4	680
6878	well-wisher	681	8		4				well-wisher	4	682	well-wisher	4	684	It	1	684	well-wisher	4	682	well-wisher	4	681
6879	welt-trimmer	682	8		5				welt-trimmer	5	683	welt-trimmer	5	685	welt-trimmer	5	685	welt-trimmer	5	683	welt-trimmer	5	682
6880	wentletrap	683	8		4				wentletrap	4	684	wentletrap	4	686	wentletrap	4	686	A	1	684	wentletrap	4	683
6881	west	684	8		5				west	5	685	west	5	687	west	5	687	west	5	685	west	5	684
6882	westward	685	8		5				westward	5	686	westward	5	688	westward	5	688	westward	5	686	westward	5	685
6883	wetting-machine	686	8		5				wetting-machine	5	687	wetting-machine	5	689	wetting-machine	5	689	wetting-machine	5	687	wetting-machine	5	686
6884	whale	687	8		4				whale	4	688	whale	4	690	wliale	1	690	whale	4	688	whale	4	687
6885	whale-fishery	688	8		5				whale-fishery	5	689	whale-fishery	5	691	whale-fishery	5	691	whale-fishery	5	689	whale-fishery	5	688
6886	wharfing	689	8		3				wharflng	1	690	wharfing	3	692	wharfing	3	692	at	1	690	wharfing	3	689
6887	what	690	8		5				what	5	691	what	5	693	what	5	693	what	5	691	what	5	690
6888	whatsomever	691	8		3				whatsomever	3	692	whatsomever	3	694	whatsomever	3	694	iiiiil	1	692	whatsomerer	1	691
6889	wheatear	692	8		5				wheatear	5	693	wheatear	5	695	wheatear	5	695	wheatear	5	693	wheatear	5	692
6890	wheel	693	8		5				wheel	5	694	wheel	5	696	wheel	5	696	wheel	5	694	wheel	5	693
6891	wheel-base	694	8		5				wheel-base	5	695	wheel-base	5	697	wheel-base	5	697	wheel-base	5	695	wheel-base	5	694
6892	wheel-window	695	8		3				wheel-window	3	696	wheel-window	3	698	so	1	698	niia	1	696	wheel-window	3	695
6893	wheme	696	8		5				wheme	5	697	wheme	5	699	wheme	5	699	wheme	5	697	wheme	5	696
6894	whereabout	697	8		5				whereabout	5	698	whereabout	5	700	whereabout	5	700	whereabout	5	698	whereabout	5	697
6895	whereunder	698	8		5				whereunder	5	699	whereunder	5	701	whereunder	5	701	whereunder	5	699	whereunder	5	698
6896	whether	699	8		5				whether	5	700	whether	5	702	whether	5	702	whether	5	700	whether	5	699
6897	which	700	8		4				which	4	701	which	4	703	I	1	703	which	4	701	which	4	700
6898	whiff	701	8		4				whiff	4	702	whiff	4	704	whiff	4	704	whiff	4	702	whiflf	1	701
6899	whiggery	702	8		3				whiggery	3	703	whiggery	3	705	took	1	705	whiggery	3	703	wMggery	1	702
6900	whilom	703	8		5				whilom	5	704	whilom	5	706	whilom	5	706	whilom	5	704	whilom	5	703
6901	whin	704	8		5				whin	5	705	whin	5	707	whin	5	707	whin	5	705	whin	5	704
6902	whip	705	8		3				ni	1	706	whip	3	708	whip	3	708	whip	3	706	wUip	1	705
6903	whiphandle	706	8		4				whiphandle	4	707	whiphandle	4	709	whiphandle	4	709	wbiphandle	1	707	whiphandle	4	706
6904	whip-socket	707	8		4				whip-socket	4	708	whip-socket	4	710	whip-socket	4	710	whip-	1	708	whip-socket	4	707
6905	whirlpit	708	8		3				whirlpit	3	709	whirlpit	3	711	whirlpit	3	711	I	1	709	whlrlpit	1	708
6906	whiskered	709	8		4				whiskered	4	710	whiskered	4	712	whiskered	4	712	BlicJtwhlnViTfd	1	710	whiskered	4	709
6907	whist	710	8		5				whist	5	711	whist	5	713	whist	5	713	whist	5	711	whist	5	710
6908	whistle	711	8		4				whistle	4	712	whistle	4	714	whistle	4	714	whistle	4	712	wliistle	1	711
6909	white	712	8		4				white	4	713	white	4	715	I	1	715	white	4	713	white	4	712
6910	white	713	8		4				white	4	714	white	4	716	white	4	716	London	1	714	white	4	713
6911	white-eye	714	8		4				white	1	715	white-eye	4	717	white-eye	4	717	white-eye	4	715	white-eye	4	714
6912	whitening	715	8		3				whitening	3	716	whitening	3	718	A	1	718	whitening	3	716	Hrhitening	1	715
6913	white	716	8		2	weak			whitewing	1	717	whitewlng	1	719	white	2	719	white	2	717	wMtewing	1	716
6914	Whitsunday	717	8		3				Whitsunday	3	718	Whitsunday	3	720	Whitsunday	3	720	on	1	718	WMtsunday	1	717
6915	who	718	8		5				who	5	719	who	5	721	who	5	721	who	5	719	who	5	718
6916	whole	719	8		5				whole	5	720	whole	5	722	whole	5	722	whole	5	720	whole	5	719
6917	whoop	720	8		5				whoop	5	721	whoop	5	723	whoop	5	723	whoop	5	721	whoop	5	720
6918	whortleberry	721	8		5				whortleberry	5	722	whortleberry	5	724	whortleberry	5	724	whortleberry	5	722	whortleberry	5	721
6919	wicked	722	8		5				wicked	5	723	wicked	5	725	wicked	5	725	wicked	5	723	wicked	5	722
6920	wide	723	8		5				wide	5	724	wide	5	726	wide	5	726	wide	5	724	wide	5	723
6921	widgeon	724	8		4				widgeon	4	725	widgeon	4	727	-widgeon	1	727	widgeon	4	725	widgeon	4	724
6922	The	725	8		3				wle	1	726	The	3	728	The	3	728	wie	1	726	The	3	725
6923	wig	726	8		5				wig	5	727	wig	5	729	wig	5	729	wig	5	727	wig	5	726
6924	wild	727	8		3				wild	3	728	vild	1	730	wUd	1	730	wild	3	728	wild	3	727
6925	wildcat	728	8		5				wildcat	5	729	wildcat	5	731	wildcat	5	731	wildcat	5	729	wildcat	5	728
6926	wilful	729	8		2	weak			wilful	2	730	I	1	732	wilfid	1	732	wir	1	730	wilful	2	729
6927	will	730	8		3				will	3	731	win	1	733	wilUi	1	733	will	3	731	will	3	730
6928	will	731	8		3				will	3	732	will	3	734	The	1	734	Ill	1	732	will	3	731
6929	willow	732	8		4				willow	4	733	willow	4	735	once	1	735	willow	4	733	willow	4	732
6930	willow-oak	733	8		3				wiilow-oak	1	734	willow-oak	3	736	willow-oak	3	736	it	1	734	willow-oak	3	733
6931	wily	734	8		4				wily	4	735	wily	4	737	vrtly	1	737	wily	4	735	wily	4	734
6932	win	735	8		3				win	3	736	wm	1	738	win	3	738	win	3	736	Win	1	735
6933	wind	736	8		3				wind	3	737	wind	3	739	wind	3	739	I	1	737	vnnd	1	736
6934	wind	737	8		5				wind	5	738	wind	5	740	wind	5	740	wind	5	738	wind	5	737
6935	wind-break	738	8		5				wind-break	5	739	wind-break	5	741	wind-break	5	741	wind-break	5	739	wind-break	5	738
6936	winding-rope	739	8		5				winding-rope	5	740	winding-rope	5	742	winding-rope	5	742	winding-rope	5	740	winding-rope	5	739
6937	windmilly	740	8		3				windmilly	3	741	mndmilly	1	743	windmilly	3	743	windmilly	3	741	vrindmilly	1	740
6938	wind-scale	741	8		4				wind-scale	4	742	wind-scale	4	744	wind-scale	4	744	wind-scale	4	742	AVind-scale	1	741
6939	winebibbing	742	8		4				winebibbing	4	743	winebibbing	4	745	winebibbing	4	745	A	1	743	winebibbing	4	742
6940	Wing	743	8		2	weak			Wine	1	744	Hon	1	746	Wing	2	746	wing	1	744	Wing	2	743
6941	wing-case	744	8		5				wing-case	5	745	wing-case	5	747	wing-case	5	747	wing-case	5	745	wing-case	5	744
6942	wink	745	8		5				wink	5	746	wink	5	748	wink	5	748	wink	5	746	wink	5	745
6943	wmnow	746	8		1	tie			wmnow	1	747	winnow	1	749	wuinow	1	749	Winslow's	1	747	wiiuiow	1	746
6944	winterberry	747	8		4				winterberry	4	748	winterberry	4	750	winterberry	4	750	Uio	1	748	winterberry	4	747
6945	winze	748	8		5				winze	5	749	winze	5	751	winze	5	751	winze	5	749	winze	5	748
6946	wire	749	8		4				wire	4	750	Wire	1	752	wire	4	752	wire	4	750	wire	4	749
6947	wirework	750	8		5				wirework	5	751	wirework	5	753	wirework	5	753	wirework	5	751	wirework	5	750
6948	wise	751	8		5				wise	5	752	wise	5	754	wise	5	754	wise	5	752	wise	5	751
6949	a	752	8		1	tie			a	1	753	n	1	755	msMul	1	755	wishful	1	753	vrishful	1	752
6950	wit	753	8		5				wit	5	754	wit	5	756	wit	5	756	wit	5	754	wit	5	753
6951	wit	754	8		3				wit	3	755	Hue	1	757	wit	3	757	wit	3	755	vrit	1	754
6952	witchingly	755	8		3				witchingly	3	756	witchingly	3	758	vdtchingly	1	758	wltchlngly	1	756	witchingly	3	755
6953	with	756	8		5				with	5	757	with	5	759	with	5	759	with	5	757	with	5	756
6954	wither	757	8		5				wither	5	758	wither	5	760	wither	5	760	wither	5	758	wither	5	757
6955	within	758	8		5				within	5	759	within	5	761	within	5	761	within	5	759	within	5	758
6956	with	759	8		3				with	3	760	witbwind	1	762	with	3	762	with	3	760	with'wind	1	759
6957	witted	760	8		3				witted	3	761	I	2	763	I	2	763	witted	3	761	witted	3	760
6958	wizard	761	8		5				wizard	5	762	wizard	5	764	wizard	5	764	wizard	5	762	wizard	5	761
6959	woeful	762	8		3				woeful	3	763	woefal	1	765	woeful	3	765	woeful	3	763	woeftil	1	762
6960	wolf-fish	763	8		4				ers	1	764	wolf-fish	4	766	wolf-fish	4	766	wolf-fish	4	764	wolf-fish	4	763
6961	woman	764	8		5				woman	5	765	woman	5	767	woman	5	767	woman	5	765	woman	5	764
6962	womb-side	765	8		5				womb-side	5	766	womb-side	5	768	womb-side	5	768	womb-side	5	766	womb-side	5	765
6963	wonderfully	766	8		5				wonderfully	5	767	wonderfully	5	769	wonderfully	5	769	wonderfully	5	767	wonderfully	5	766
6964	woo	767	8		5				woo	5	768	woo	5	770	woo	5	770	woo	5	768	woo	5	767
6965	wood-bird	768	8		4				wood-bird	4	769	wood-bird	4	771	wood-bird	4	771	A	1	769	wood-bird	4	768
6966	woodcut	769	8		3				woodcut	3	770	woodcut	3	772	woodcnt	2	772	woodcnt	2	770	woodcut	3	769
6967	woodhouse	770	8		4				woodhouse	4	771	woodhouse	4	773	woodhonse	1	773	woodhouse	4	771	woodhouse	4	770
6968	woodpecker	771	8		4				woodpecker	4	772	woodpecker	4	774	woodpecker	4	774	WoodoflL-kor	1	772	woodpecker	4	771
6969	woodpecker	772	8		5				woodpecker	5	773	woodpecker	5	775	woodpecker	5	775	woodpecker	5	773	woodpecker	5	772
6970	wood-star	773	8		4				wood-star	4	774	wood-star	4	776	wood-star	4	776	WOo	1	774	wood-star	4	773
6971	woody	774	8		5				woody	5	775	woody	5	777	woody	5	777	woody	5	775	woody	5	774
6972	wool-gathering	775	8		4				wool-gathering	4	776	wool-gathering	4	778	wool-gathering	4	778	wool-gathering	4	776	wool-gatheriBg	1	775
6973	wool-work	776	8		5				wool-work	5	777	wool-work	5	779	wool-work	5	779	wool-work	5	777	wool-work	5	776
6974	word	777	8		5				word	5	778	word	5	780	word	5	780	word	5	778	word	5	777
6975	work	778	8		5				work	5	779	work	5	781	work	5	781	work	5	779	work	5	778
6976	work	779	8		4				work	4	780	work	4	782	work	4	782	tbv	1	780	work	4	779
6977	workability	780	8		5				workability	5	781	workability	5	783	workability	5	783	workability	5	781	workability	5	780
6978	working-out	781	8		3				working-out	3	782	The	1	784	working-out	3	784	working-o	1	782	working-out	3	781
6979	world	782	8		4				world	4	783	world	4	785	world	4	785	Axis	1	783	world	4	782
6980	worm	783	8		5				worm	5	784	worm	5	786	worm	5	786	worm	5	784	worm	5	783
6981	wormpipe	784	8		4				wormpipe	4	785	wormpips	1	787	wormpipe	4	787	wormpipe	4	785	wormpipe	4	784
6982	worry	785	8		5				worry	5	786	worry	5	788	worry	5	788	worry	5	786	worry	5	785
6983	worship	786	8		5				worship	5	787	worship	5	789	worship	5	789	worship	5	787	worship	5	786
6984	worth	787	8		5				worth	5	788	worth	5	790	worth	5	790	worth	5	788	worth	5	787
6985	worthy	788	8		5				worthy	5	789	worthy	5	791	worthy	5	791	worthy	5	789	worthy	5	788
6986	A	789	8		4				A	4	790	A	4	792	A	4	792	T	1	790	A	4	789
6987	wrapper	790	8		5				wrapper	5	791	wrapper	5	793	wrapper	5	793	wrapper	5	791	wrapper	5	790
6988	wreath	791	8		4				wreath	4	792	wreath	4	794	vreatb	1	794	wreath	4	792	wreath	4	791
6989	wrecker	792	8		4				wrecker	4	793	wrecker	4	795	wrecker	4	795	wrecker	4	793	vrrecker	1	792
6990	wrenning	793	8		2	weak			Stephen's	1	794	wrenning	2	796	wrenning	2	796	Bnnlng	1	794	xnrenning	1	793
6991	wretchedhead	794	8		3				wretchedhead	3	795	wretchedhead	3	797	i	1	797	wretchedbead	1	795	wretchedhead	3	794
6992	wring	795	8		3				wring	3	796	wnng	1	798	wring	3	798	wiing	1	796	wring	3	795
6993	writ	796	8		4				writ	4	797	writ	4	799	writ	4	799	writ	4	797	vrrit	1	796
6994	writhel	797	8		3				writhel	3	798	writhel	3	800	writhel	3	800	wrlthel	1	798	wTithel	1	797
6995	wrong	798	8		5				wrong	5	799	wrong	5	801	wrong	5	801	wrong	5	799	wrong	5	798
6996	wryly	799	8		4				wryly	4	800	wryly	4	802	wryly	4	802	Ul-	1	800	wryly	4	799
6997	The	800	8		4				The	4	801	Tlie	1	803	The	4	803	The	4	801	The	4	800
6998	Xanthochroi	801	8		4				Xanthochroi	4	802	Xanthochroi	4	804	Zanthochroi	1	804	Xanthochroi	4	802	Xanthochroi	4	801
6999	Xanthorrhoea	802	8		3				Xanthorrhoea	3	803	Xanthorrhoea	3	805	ZanthorrtuBa	1	805	Xanthorrhoea	3	803	Zanthorrhoea	1	802
7000	zema	803	8		2	tie			zema	2	804	zenia	2	806	zenia	2	806	t	1	804	zema	2	803
7001	Xenopicus	804	8		2	tie			Xenopicus	2	805	Xenoplcns	1	807	Xenopicus	2	807	Xenoplcus	2	805	Xenoplcus	2	804
7002	xerostomia	805	8		4				xerostomia	4	806	zerostonUa	1	808	xerostomia	4	808	xerostomia	4	806	xerostomia	4	805
7003	xiphoid	806	8		4				xiphoid	4	807	xiphoid	4	809	xiphoid	4	809	See	1	807	xiphoid	4	806
7004	Xylina	807	8		4				Xylina	4	808	Xylina	4	810	Xylina	4	810	wlkiek	1	808	Xylina	4	807
7005	Xylopia	808	8		5				Xylopia	5	809	Xylopia	5	811	Xylopia	5	811	Xylopia	5	809	Xylopia	5	808
7006	The	809	8		3					1	810	The	3	812	The	3	812	V	1	810	The	3	809
7007	yager	810	8		5				yager	5	811	yager	5	813	yager	5	813	yager	5	811	yager	5	810
7008	yank	811	8		5				yank	5	812	yank	5	814	yank	5	814	yank	5	812	yank	5	811
7009	yapster	812	8		5				yapster	5	813	yapster	5	815	yapster	5	815	yapster	5	813	yapster	5	812
7010	yard-limit	813	8		4				yard-limit	4	814	yard-limit	4	816	yard-limit	4	816	Ul-	1	814	yard-limit	4	813
7011	yarrow	814	8		5				yarrow	5	815	yarrow	5	817	yarrow	5	817	yarrow	5	815	yarrow	5	814
7012	yclad	815	8		4				yclad	4	816	yclad	4	818	yclad	4	818	ycUd	1	816	yclad	4	815
7013	year	816	8		5				year	5	817	year	5	819	year	5	819	year	5	817	year	5	816
7014	yearning	817	8		5				yearning	5	818	yearning	5	820	yearning	5	820	yearning	5	818	yearning	5	817
7015	yelling	818	8		5				yelling	5	819	yelling	5	821	yelling	5	821	yelling	5	819	yelling	5	818
7016	yellow	819	8		5				yellow	5	820	yellow	5	822	yellow	5	822	yellow	5	820	yellow	5	819
7017	yellowroot	820	8		4				yellowroot	4	821	yellowroot	4	823	yellowroot	4	823	yellowToot	1	821	yellowroot	4	820
7018	Silver	821	8		2	weak			Silver	2	822	Silver	2	824	yem	1	824	yenl	1	822	yeni	1	821
7019	yerk	822	8		4				yerk	4	823	smart	1	825	yerk	4	825	yerk	4	823	yerk	4	822
7020	yet	823	8		5				yet	5	824	yet	5	826	yet	5	826	yet	5	824	yet	5	823
7021	yield	824	8		3				yield	3	825	yield	3	827	jrield	1	827	etc	1	825	yield	3	824
7022	yoke	825	8		5				yoke	5	826	yoke	5	828	yoke	5	828	yoke	5	826	yoke	5	825
7023	yolk	826	8		5				yolk	5	827	yolk	5	829	yolk	5	829	yolk	5	827	yolk	5	826
7024	young	827	8		3				yoimg	1	828	young	3	830	young	3	830	yonsg	1	828	young	3	827
7025	youth	828	8		4				youth	4	829	youth	4	831	yonth	1	831	youth	4	829	youth	4	828
7026	ytterbite	829	8		3				jrtterbite	1	830	ytterbite	3	832	ytterbite	3	832	ytUi	1	830	ytterbite	3	829
7027	Yule	830	8		5				Yule	5	831	Yule	5	833	Yule	5	833	Yule	5	831	Yule	5	830
7028	The	831	8		4				The	4	832	The	4	834	The	4	834	riip	1	832	The	4	831
7029	Zamites	832	8		5				Zamites	5	833	Zamites	5	835	Zamites	5	835	Zamites	5	833	Zamites	5	832
7030	the	833	8		2	weak			lied	1	834	the	2	836	the	2	836	urate	1	834	zareba	1	833
7031	zebra-parrakeet	834	8		5				zebra-parrakeet	5	835	zebra-parrakeet	5	837	zebra-parrakeet	5	837	zebra-parrakeet	5	835	zebra-parrakeet	5	834
7032	zemindary	835	8		4				zemindary	4	836	zemindary	4	838	zemindary	4	838	zemlndary	1	836	zemindary	4	835
7033	zephyr	836	8		3				zephjrr	1	837	zephyr	3	839	zephyr	3	839	An	1	837	zephyr	3	836
7034	Zeus	837	8		4				Zeus	4	838	Zeus	4	840	Zeus	4	840	Vl-	1	838	Zeus	4	837
7035	zinco	838	8		4				zinco	4	839	zinco	4	841	zinco	4	841	tiaCO	1	839	zinco	4	838
7036	ziphioid	839	8		4				ziphioid	4	840	ziphioid	4	842	ziphioid	4	842	siphioid	1	840	ziphioid	4	839
7037	Zoarces	840	8		5				Zoarces	5	841	Zoarces	5	843	Zoarces	5	843	Zoarces	5	841	Zoarces	5	840
7038	zollverein	841	8		2	weak			zollverein	2	842	zollverein	2	844	zoUverein	1	844	coUvereiii	1	842	zollTerein	1	841
7039	zonociliate	842	8		3				zonociliate	3	843	zonocUiate	1	845	zonocillate	1	845	zonociliate	3	843	zonociliate	3	842
7040	zoogloea	843	8		2	tie			zoogloea	2	844	zoogloea	2	846	zooglcea	2	846	zoAglcDa	1	844	zooglcea	2	843
7041	zoology	844	8		5				zoology	5	845	zoology	5	847	zoology	5	847	zoology	5	845	zoology	5	844
7042	zoophyte	845	8		2	weak			zoophyte	2	846	zoophyte	2	848	zodphyte	1	848	xoAphyte	1	846	zoSphyte	1	845
7043	Zorilla	846	8		3				Zorilla	3	847	ZoriUa	1	849	ZorUla	1	849	Zorilla	3	847	Zorilla	3	846
7044	zunyite	847	8		3				zvmyite	1	848	zunyite	3	850	zunyite	3	850	nnyite	1	848	zunyite	3	847
7045	zygolabialis	848	8		4				zygolabialis	4	849	zygolabialis	4	851	zygolabialls	1	851	zygolabialis	4	849	zygolabialis	4	848
7046	zygosphene	849	8		2	tie			zygosphene	2	850	Anterior	2	852	Anterior	2	852	tycosphone	1	850	zygosphene	2	849
7047	LIST	850	8		5				LIST	5	851	LIST	5	853	LIST	5	853	LIST	5	851	LIST	5	850
7048	AMENDED	851	8		5				AMENDED	5	852	AMENDED	5	854	AMENDED	5	854	AMENDED	5	852	AMENDED	5	851
7049	LIST	852	8		5				LIST	5	853	LIST	5	855	LIST	5	855	LIST	5	853	LIST	5	852
7050	AMENDED	853	8		4				AMENDED	4	854	AMENDED	4	856	AMENDED	4	856	AiM	1	854	AMENDED	4	853
7051	AMENDED	854	8		5				AMENDED	5	855	AMENDED	5	857	AMENDED	5	857	AMENDED	5	855	AMENDED	5	854
7052	AMENDED	855	8		5				AMENDED	5	856	AMENDED	5	858	AMENDED	5	858	AMENDED	5	856	AMENDED	5	855
7053	AMENDED	856	8		5				AMENDED	5	857	AMENDED	5	859	AMENDED	5	859	AMENDED	5	857	AMENDED	5	856
7054	AMENDED	857	8		5				AMENDED	5	858	AMENDED	5	860	AMENDED	5	860	AMENDED	5	858	AMENDED	5	857
7055	LIST	858	8		5				LIST	5	859	LIST	5	861	LIST	5	861	LIST	5	859	LIST	5	858
7056	LIST	859	8		5				LIST	5	860	LIST	5	862	LIST	5	862	LIST	5	860	LIST	5	859
7057	LIST	860	8		5				LIST	5	861	LIST	5	863	LIST	5	863	LIST	5	861	LIST	5	860
7058	LIST	861	8		5				LIST	5	862	LIST	5	864	LIST	5	864	LIST	5	862	LIST	5	861
7059	LIST	862	8		5				LIST	5	863	LIST	5	865	LIST	5	865	LIST	5	863	LIST	5	862
7060	LIST	863	8		5				LIST	5	864	LIST	5	866	LIST	5	866	LIST	5	864	LIST	5	863
7061	LIST	864	8		4				LIST	4	865	LIST	4	867	LIST	4	867	LIST	4	865	Dowell	1	864
7062	LIST	865	8		5				LIST	5	866	LIST	5	868	LIST	5	868	LIST	5	866	LIST	5	865
7063	LIST	866	8		5				LIST	5	867	LIST	5	869	LIST	5	869	LIST	5	867	LIST	5	866
7064	LIST	867	8		5				LIST	5	868	LIST	5	870	LIST	5	870	LIST	5	868	LIST	5	867
7065	LIST	868	8		5				LIST	5	869	LIST	5	871	LIST	5	871	LIST	5	869	LIST	5	868
7066	LIST	869	8		5				LIST	5	870	LIST	5	872	LIST	5	872	LIST	5	870	LIST	5	869
7067	LIST	870	8		5				LIST	5	871	LIST	5	873	LIST	5	873	LIST	5	871	LIST	5	870
7068	LIST	871	8		5				LIST	5	872	LIST	5	874	LIST	5	874	LIST	5	872	LIST	5	871
7069	LIST	872	8		5				LIST	5	873	LIST	5	875	LIST	5	875	LIST	5	873	LIST	5	872
7070	LIST	873	8		5				LIST	5	874	LIST	5	876	LIST	5	876	LIST	5	874	LIST	5	873
7071	LIST	874	8		5				LIST	5	875	LIST	5	877	LIST	5	877	LIST	5	875	LIST	5	874
7072	LIST	875	8		5				LIST	5	876	LIST	5	878	LIST	5	878	LIST	5	876	LIST	5	875
7073	LIST	876	8		5				LIST	5	877	LIST	5	879	LIST	5	879	LIST	5	877	LIST	5	876
7074	LIST	877	8		5				LIST	5	878	LIST	5	880	LIST	5	880	LIST	5	878	LIST	5	877
7075	LIST	878	8		5				LIST	5	879	LIST	5	881	LIST	5	881	LIST	5	879	LIST	5	878
7076	LIST	879	8		4				LIST	4	880	LIST	4	882	LIST	4	882	Cluu-Ui	1	880	LIST	4	879
7077		880	8		5					5	881		5	883		5	883		5	881		5	880
7078		881	8		4					4	882		4	884		4	884	i	1	882		4	881
7079		882	8		5					5	883		5	885		5	885		5	883		5	882
7080		883	8		4				vvVXW	1	884		4	886		4	886		4	884		4	883
7081		884	8		5					5	885		5	887		5	887		5	885		5	884
7082		885	8		4					4	886		4	888		4	888		4	886	h	1	885
7083	FE		8		1										FE	1	889						
7084			8		1											1	890						