page	entries	image	volume	fix	frequency	check	books	accuracy	centurydictionar12whituoft_djvu.csv	frequency	image
755	As	15	12		1		centurydictionar12whituoft_djvu.csv	814	As	1	15
756	machine	16	12		1		centurydictionar12whituoft_djvu.csv	top accuracy	machine	1	16
757	macrocyte	17	12		1		centurydictionar12whituoft_djvu.csv	best images	macrocyte	1	17
758	macrosepalous	18	12		1				macrosepalous	1	18
759	Maestrichtian	19	12		1				Maestrichtian	1	19
760	magnet	20	12		1				magnet	1	20
761	magnolin	21	12		1				magnolin	1	21
762	maimer	22	12		1				maimer	1	22
763	majordomo	23	12		1				majordomo	1	23
764	Bipartite	24	12		1				Bipartite	1	24
765	Malvaviscus	25	12		1				Malvaviscus	1	25
766	Malvaviscus	26	12		1				Malvaviscus	1	26
767	manclpee	27	12		1				manclpee	1	27
768	Manicaria	28	12		1				Manicaria	1	28
769	manquea	29	12		1				manquea	1	29
770	Maori	30	12		1				Maori	1	30
771	An	31	12		1				An	1	31
772	marimba	32	12		1				marimba	1	32
773	marl	33	12		1				marl	1	33
774	martaban	34	12		1				martaban	1	34
775	Massariacese	35	12		1				Massariacese	1	35
776	masut	36	12		1				masut	1	36
777	matriotism	37	12		1				matriotism	1	37
778	maxiinite	38	12		1				maxiinite	1	38
779	mean	39	12		1				mean	1	39
780	meconism	40	12		1				meconism	1	40
781	mediostapedial	41	12		1				mediostapedial	1	41
782	megalomaniac	42	12		1				megalomaniac	1	42
783	Meibomia	43	12		1				Meibomia	1	43
784	Melasmia	44	12		1				Melasmia	1	44
785	melon-beetle	45	12		1				melon-beetle	1	45
786	Menandrian	46	12		1				Menandrian	1	46
787	mental	47	12		1				mental	1	47
788	mercnry-trongh	48	12		1				mercnry-trongh	1	48
789	merozoite	49	12		1				merozoite	1	49
790	mesidine	50	12		1				mesidine	1	50
791	Mesogonistius	51	12		1				Mesogonistius	1	51
792	mesosome	52	12		1				mesosome	1	52
793	mesto	53	12		1				mesto	1	53
794	metaconule	54	12		1				metaconule	1	54
795	metal	55	12		1				metal	1	55
796	metaphase	56	12		1				metaphase	1	56
797	metaspermic	57	12		1				metaspermic	1	57
798	metensarcosis	58	12		1				metensarcosis	1	58
799	meteorite	59	12		1				meteorite	1	59
800	method	60	12		1				method	1	60
801	methylate	61	12		1				methylate	1	61
802	metroncus	62	12		1				metroncus	1	62
803	Mcrandrous	63	12		1				Mcrandrous	1	63
804	micTodichotrisene	64	12		1				micTodichotrisene	1	64
805	micrometer	65	12		1				micrometer	1	65
806	Micropns	66	12		1				Micropns	1	66
807	Microtinse	67	12		1				Microtinse	1	67
808	mid-gear	68	12		1				mid-gear	1	68
809	mile-hunter	69	12		1				mile-hunter	1	69
810	mill	70	12		1				mill	1	70
811	milling-attachment	71	12		1				milling-attachment	1	71
812	Mimoceras	72	12		1				Mimoceras	1	72
813	minimifidian	73	12		1				minimifidian	1	73
814	mire-blob	74	12		1				mire-blob	1	74
815	miserablism	75	12		1				miserablism	1	75
816	mistress	76	12		1				mistress	1	76
817	mixotrophlc	77	12		1				mixotrophlc	1	77
818	Moabitish	78	12		1				Moabitish	1	78
819	Modiolopsis	79	12		1				Modiolopsis	1	79
820	molar	80	12		1				molar	1	80
821	momentum	81	12		1				momentum	1	81
822	Mongolization	82	12		1				Mongolization	1	82
823	monobromacetanilid	83	12		1				monobromacetanilid	1	83
824	monodromy	84	12		1				monodromy	1	84
825	monomolecular	85	12		1				monomolecular	1	85
826	monospermy	86	12		1				monospermy	1	86
827	Montebello	87	12		1				Montebello	1	87
828	moradin	88	12		1				moradin	1	88
829	morning-glory	89	12		1				morning-glory	1	89
830	Morte	90	12		1				Morte	1	90
831	I	91	12		1				I	1	91
832	motion	92	12		1				motion	1	92
833	motor	93	12		1				motor	1	93
834	mountain-bay	94	12		1				mountain-bay	1	94
835	I	95	12		1				I	1	95
836	mucas-gland	96	12		1				mucas-gland	1	96
837	mule-spinner	97	12		1				mule-spinner	1	97
838	multiple-color	98	12		1				multiple-color	1	98
839	municipal	99	12		1				municipal	1	99
840	Musca	100	12		1				Musca	1	100
841	musk-oz	101	12		1				musk-oz	1	101
842	Mycensean	102	12		1				Mycensean	1	102
843	myelocytic	103	12		1				myelocytic	1	103
844	myonema	104	12		1				myonema	1	104
845	Myronic	105	12		1				Myronic	1	105
846	Myxobolidse	106	12		1				Myxobolidse	1	106
847	An	107	12		1				An	1	107
848	Kaiadales	108	12		1				Kaiadales	1	108
849	nannocephalic	109	12		1				nannocephalic	1	109
850	napping-cylinder	110	12		1				napping-cylinder	1	110
851	Natalidss	111	12		1				Natalidss	1	111
852	miTel-hood	112	12		1				miTel-hood	1	112
853	broadly	113	12		1				broadly	1	113
854	necessitate	114	12		1				necessitate	1	114
855	nectriaceous	115	12		1				nectriaceous	1	115
856	negroization	116	12		1				negroization	1	116
857	neobiologist	117	12		1				neobiologist	1	117
858	neo-Greek	118	12		1				neo-Greek	1	118
859	Neopithecini	119	12		1				Neopithecini	1	119
860	nephelescope	120	12		1				nephelescope	1	120
861	nephrolytic	121	12		1				nephrolytic	1	121
862	nerve	122	12		1				nerve	1	122
863	I	123	12		1				I	1	123
864	neurodynamic	124	12		1				neurodynamic	1	124
865	r	125	12		1				r	1	125
866	the	126	12		1				the	1	126
867	nicotism	127	12		1				nicotism	1	127
868	night-	128	12		1				night-	1	128
869	Nipigon	129	12		1				Nipigon	1	129
870	nitrocotton	130	12		1				nitrocotton	1	130
871	nitrosyl	131	12		1				nitrosyl	1	131
872	noSl	132	12		1				noSl	1	132
873	non-emanating	133	12		1				non-emanating	1	133
874	non-variant	134	12		1				non-variant	1	134
875	nose	135	12		1				nose	1	135
876	nothogamy	136	12		1				nothogamy	1	136
877	novemole	137	12		1				novemole	1	137
878	nucleus	138	12		1				nucleus	1	138
879	number	139	12		1				number	1	139
880	nutmeg-hickory	140	12		1				nutmeg-hickory	1	140
881	An	141	12		1				An	1	141
882	Oamaxu	142	12		1				Oamaxu	1	142
883	obituarize	143	12		1				obituarize	1	143
884	obsequian	144	12		1				obsequian	1	144
885	oceanvise	145	12		1				oceanvise	1	145
886	octavic	146	12		1				octavic	1	146
887	Odocoileus	147	12		1				Odocoileus	1	147
888	oedemlc	148	12		1				oedemlc	1	148
889	off-go	149	12		1				off-go	1	149
890	oidiomycosis	150	12		1				oidiomycosis	1	150
891	oU	151	12		1				oU	1	151
892	oil-river	152	12		1				oil-river	1	152
893	old-land	153	12		1				old-land	1	153
894	oligarchize	154	12		1				oligarchize	1	154
895	ological	155	12		1				ological	1	155
896	omnlscriptive	156	12		1				omnlscriptive	1	156
897	onegitfl	157	12		1				onegitfl	1	157
898	onychophyma	158	12		1				onychophyma	1	158
899	oothecotomy	159	12		1				oothecotomy	1	159
900	operation	160	12		1				operation	1	160
901	opMurid	161	12		1				opMurid	1	161
902	Opisthorchis	162	12		1				Opisthorchis	1	162
903	optical	163	12		1				optical	1	163
904	orange	164	12		1				orange	1	164
905	orchidotomy	165	12		1				orchidotomy	1	165
906	ore-leave	166	12		1				ore-leave	1	166
907	organofaction	167	12		1				organofaction	1	167
908	orisphere	168	12		1				orisphere	1	168
909	Orosian	169	12		1				Orosian	1	169
910	Oithodon	170	12		1				Oithodon	1	170
911	orthostereoscope	171	12		1				orthostereoscope	1	171
912	oscillator	172	12		1				oscillator	1	172
913	osmogram	173	12		1				osmogram	1	173
914	osteocartilaginous	174	12		1				osteocartilaginous	1	174
915	Ostropa	175	12		1				Ostropa	1	175
916	otter-board	176	12		1				otter-board	1	176
917	out-curvo	177	12		1				out-curvo	1	177
918	out-still	178	12		1				out-still	1	178
919	overdriven	179	12		1				overdriven	1	179
920	overreach	180	12		1				overreach	1	180
921	ani-	181	12		1				ani-	1	181
922	oxidasic	182	12		1				oxidasic	1	182
923	oxycymene	183	12		1				oxycymene	1	183
924	oxytropine	184	12		1				oxytropine	1	184
925	The	185	12		1				The	1	185
926	pacific	186	12		1				pacific	1	186
927	paddock	187	12		1				paddock	1	187
928	pailoo	188	12		1				pailoo	1	188
929	painting	189	12		1				painting	1	189
930	palace	190	12		1				palace	1	190
931	palatilar	191	12		1				palatilar	1	191
932	paleofavma	192	12		1				paleofavma	1	192
933	palladions	193	12		1				palladions	1	193
934	palm-withy	194	12		1				palm-withy	1	194
935	pan	195	12		1				pan	1	195
936	pandan	196	12		1				pandan	1	196
937	panhandler	197	12		1				panhandler	1	197
938	panpsychistic	198	12		1				panpsychistic	1	198
939	panurgic	199	12		1				panurgic	1	199
940	paper-machine	200	12		1				paper-machine	1	200
941	parabola	201	12		1				parabola	1	201
942	paracribnim	202	12		1				paracribnim	1	202
943	Paragonimus	203	12		1				Paragonimus	1	203
944	paralogistic	204	12		1				paralogistic	1	204
945	m	205	12		1				m	1	205
946	parasoma	206	12		1				parasoma	1	206
947	paravaginitis	207	12		1				paravaginitis	1	207
948	Parian	208	12		1				Parian	1	208
949	Parnassian	209	12		1				Parnassian	1	209
950	part	210	12		1				part	1	210
951	partivity	211	12		1				partivity	1	211
952	passenger-kilometer	212	12		1				passenger-kilometer	1	212
953	Patapsco	213	12		1				Patapsco	1	213
954	patiM	214	12		1				patiM	1	214
955	pauciplicate	215	12		1				pauciplicate	1	215
956	pawn	216	12		1				pawn	1	216
957	peachy	217	12		1				peachy	1	217
958	pearlite	218	12		1				pearlite	1	218
959	pectoriloquy	219	12		1				pectoriloquy	1	219
960	pedionomite	220	12		1				pedionomite	1	220
961	Pegomya	221	12		1				Pegomya	1	221
962	f	222	12		1				f	1	222
963	pencil-cedar	223	12		1				pencil-cedar	1	223
964	penny	224	12		1				penny	1	224
965	pentalobate	225	12		1				pentalobate	1	225
966	pennchle	226	12		1				pennchle	1	226
967	perferrous	227	12		1				perferrous	1	227
968	perferrous	228	12		1				perferrous	1	228
969	pericycle	229	12		1				pericycle	1	229
970	perinuclear	230	12		1				perinuclear	1	230
971	peripbylla	231	12		1				peripbylla	1	231
972	peritomize	232	12		1				peritomize	1	232
973	permutate	233	12		1				permutate	1	233
974	persistence	234	12		1				persistence	1	234
975	ik	235	12		1				ik	1	235
976	the	236	12		1				the	1	236
977	pewage	237	12		1				pewage	1	237
978	phalange	238	12		1				phalange	1	238
979	phantoscope	239	12		1				phantoscope	1	239
980	phasotropy	240	12		1				phasotropy	1	240
981	phenolphthalein	241	12		1				phenolphthalein	1	241
982	Same	242	12		1				Same	1	242
983	philoxeny	243	12		1				philoxeny	1	243
984	pholcid	244	12		1				pholcid	1	244
985	phorozodid	245	12		1				phorozodid	1	245
986	phosphosiderite	246	12		1				phosphosiderite	1	246
987	photodrozny	247	12		1				photodrozny	1	247
988	photograver	248	12		1				photograver	1	248
989	photometer	249	12		1				photometer	1	249
990	photophobous	250	12		1				photophobous	1	250
991	phototropic	251	12		1				phototropic	1	251
992	phryniu	252	12		1				phryniu	1	252
993	PhyllocampyU	253	12		1				PhyllocampyU	1	253
994	phymatorhusin	254	12		1				phymatorhusin	1	254
995	physiopsychic	255	12		1				physiopsychic	1	255
996	phytomonera	256	12		1				phytomonera	1	256
997	Piaropus	257	12		1				Piaropus	1	257
998	Picopasseres	258	12		1				Picopasseres	1	258
999	pidyoa	259	12		1				pidyoa	1	259
1000	piga	260	12		1				piga	1	260
1001	Pikermi	261	12		1				Pikermi	1	261
1002	Piloceras	262	12		1				Piloceras	1	262
1003	pimploes	263	12		1				pimploes	1	263
1004	pine	264	12		1				pine	1	264
1005	pinion-shaft	265	12		1				pinion-shaft	1	265
1006	piod	266	12		1				piod	1	266
1007	piperonylic	267	12		1				piperonylic	1	267
1008	produced	268	12		1				produced	1	268
1009	pita	269	12		1				pita	1	269
1010	pitch-rhythm	270	12		1				pitch-rhythm	1	270
1011	place-mode	271	12		1				place-mode	1	271
1012	plain	272	12		1				plain	1	272
1013	planet	273	12		1				planet	1	273
1014	planktonic	274	12		1				planktonic	1	274
1015	plant-caterpillar	275	12		1				plant-caterpillar	1	275
1016	plasmotomy	276	12		1				plasmotomy	1	276
1017	plate-flsh	277	12		1				plate-flsh	1	277
1018	Plattdeutsch	278	12		1				Plattdeutsch	1	278
1019	playa-lake	279	12		1				playa-lake	1	279
1020	plerosis	280	12		1				plerosis	1	280
1021	Pleuropterygii	281	12		1				Pleuropterygii	1	281
1022	plow	282	12		1				plow	1	282
1023	plom-aphis	283	12		1				plom-aphis	1	283
1024	pluralism	284	12		1				pluralism	1	284
1025	pnemnatograph	285	12		1				pnemnatograph	1	285
1026	Poales	286	12		1				Poales	1	286
1027	podurid	287	12		1				podurid	1	287
1028	point	288	12		1				point	1	288
1029	pointillist	289	12		1				pointillist	1	289
1030	polar	290	12		1				polar	1	290
1031	Mitotic	291	12		1				Mitotic	1	291
1032	polonium	292	12		1				polonium	1	292
1033	polydemic	293	12		1				polydemic	1	293
1034	p-jlymelous	294	12		1				p-jlymelous	1	294
1035	polyphaser	295	12		1				polyphaser	1	295
1036	Polystictns	296	12		1				Polystictns	1	296
1037	pompom	297	12		1				pompom	1	297
1038	poop-royal	298	12		1				poop-royal	1	298
1039	Pitcher	299	12		1				Pitcher	1	299
1040	porcupine-bird	300	12		1				porcupine-bird	1	300
1041	porosity	301	12		1				porosity	1	301
1042	Fosidonomya	302	12		1				Fosidonomya	1	302
1043	post-Columbian	303	12		1				post-Columbian	1	303
1044	postinfluenzal	304	12		1				postinfluenzal	1	304
1045	post-tragTis	305	12		1				post-tragTis	1	305
1046	potato-	306	12		1				potato-	1	306
1047	pottery	307	12		1				pottery	1	307
1048	pottery	308	12		1				pottery	1	308
1049	powder	309	12		1				powder	1	309
1050	post	310	12		1				post	1	310
1051	prairie-itch	311	12		1				prairie-itch	1	311
1052	precipitate	312	12		1				precipitate	1	312
1053	preemption	313	12		1				preemption	1	313
1054	pre-Linnean	314	12		1				pre-Linnean	1	314
1055	prepotency	315	12		1				prepotency	1	315
1056	press	316	12		1				press	1	316
1057	pressure-boiler	317	12		1				pressure-boiler	1	317
1058	pricing-machine	318	12		1				pricing-machine	1	318
1059	An	319	12		1				An	1	319
1060	pnsoner	320	12		1				pnsoner	1	320
1061	process	321	12		1				process	1	321
1062	process	322	12		1				process	1	322
1063	process	323	12		1				process	1	323
1064	Proconia	324	12		1				Proconia	1	324
1065	proemial	325	12		1				proemial	1	325
1066	projection	326	12		1				projection	1	326
1067	pronucleus	327	12		1				pronucleus	1	327
1068	proper	328	12		1				proper	1	328
1069	atf	329	12		1				atf	1	329
1070	protandry	330	12		1				protandry	1	330
1071	proto-albumose	331	12		1				proto-albumose	1	331
1072	protocranium	332	12		1				protocranium	1	332
1073	protonephridium	333	12		1				protonephridium	1	333
1074	prototype	334	12		1				prototype	1	334
1075	An	335	12		1				An	1	335
1076	pseudepigraphal	336	12		1				pseudepigraphal	1	336
1077	pseudodiphtheria	337	12		1				pseudodiphtheria	1	337
1078	pseudomonogonic	338	12		1				pseudomonogonic	1	338
1079	Wood's	339	12		1				Wood's	1	339
1080	pseudovermiculus	340	12		1				pseudovermiculus	1	340
1081	psychology	341	12		1				psychology	1	341
1082	psychonomic	342	12		1				psychonomic	1	342
1083	pterapophysial	343	12		1				pterapophysial	1	343
1084	Ptychoparia	344	12		1				Ptychoparia	1	344
1085	pugua	345	12		1				pugua	1	345
1086	pulp-wood	346	12		1				pulp-wood	1	346
1087	puna-goose	347	12		1				puna-goose	1	347
1088	pniin	348	12		1				pniin	1	348
1089	push-foot	349	12		1				push-foot	1	349
1090	pyloroplasty	350	12		1				pyloroplasty	1	350
1091	pyrenic	351	12		1				pyrenic	1	351
1092	pyrocresol	352	12		1				pyrocresol	1	352
1093	pyropentylene	353	12		1				pyropentylene	1	353
1094	An	354	12		1				An	1	354
1095	qaadrilateral	355	12		1				qaadrilateral	1	355
1096	Quaker-ladies	356	12		1				Quaker-ladies	1	356
1097	ciuarter-circle	357	12		1				ciuarter-circle	1	357
1098	quater-centenary	358	12		1				quater-centenary	1	358
1099	question-book	359	12		1				question-book	1	359
1100	quindecad	360	12		1				quindecad	1	360
1101	quinzain	361	12		1				quinzain	1	361
1102	An	362	12		1				An	1	362
1103	raceabout	363	12		1				raceabout	1	363
1104	racking-gear	364	12		1				racking-gear	1	364
1105	radiation	365	12		1				radiation	1	365
1106	radioconductor	366	12		1				radioconductor	1	366
1107	radiotheraphy	367	12		1				radiotheraphy	1	367
1108	rafflesiaceous	368	12		1				rafflesiaceous	1	368
1109	rail-feeder	369	12		1				rail-feeder	1	369
1110	ram	370	12		1				ram	1	370
1111	rally	371	12		1				rally	1	371
1112	range	372	12		1				range	1	372
1113	rase	373	12		1				rase	1	373
1114	Batibida	374	12		1				Batibida	1	374
1115	Bavenelia	375	12		1				Bavenelia	1	375
1116	ray-print	376	12		1				ray-print	1	376
1117	reaction	377	12		1				reaction	1	377
1118	An	378	12		1				An	1	378
1119	receiving-tank	379	12		1				receiving-tank	1	379
1120	reconcentrado	380	12		1				reconcentrado	1	380
1121	rectorite	381	12		1				rectorite	1	381
1122	redfjsh	382	12		1				redfjsh	1	382
1123	reed	383	12		1				reed	1	383
1124	refill	384	12		1				refill	1	384
1125	m	385	12		1				m	1	385
1126	region	386	12		1				region	1	386
1127	reherse	387	12		1				reherse	1	387
1128	A	388	12		1				A	1	388
1129	rennet	389	12		1				rennet	1	389
1130	reprisal	390	12		1				reprisal	1	390
1131	resetting-pin	391	12		1				resetting-pin	1	391
1132	resistance	392	12		1				resistance	1	392
1133	resomfin	393	12		1				resomfin	1	393
1134	retaliator	394	12		1				retaliator	1	394
1135	retreat	395	12		1				retreat	1	395
1136	revelator	396	12		1				revelator	1	396
1137	rbaMosome	397	12		1				rbaMosome	1	397
1138	BMnocaris	398	12		1				BMnocaris	1	398
1139	rhodochroisite	399	12		1				rhodochroisite	1	399
1140	Bhytisma	400	12		1				Bhytisma	1	400
1141	richmondite	401	12		1				richmondite	1	401
1142	rifle	402	12		1				rifle	1	402
1143	Binascimento	403	12		1				Binascimento	1	403
1144	ruiger	404	12		1				ruiger	1	404
1145	rivalry	405	12		1				rivalry	1	405
1146	road-machine	406	12		1				road-machine	1	406
1147	rockaway	407	12		1				rockaway	1	407
1148	rock-rubble	408	12		1				rock-rubble	1	408
1149	roller-chain	409	12		1				roller-chain	1	409
1150	rondellns	410	12		1				rondellns	1	410
1151	root-cutter	411	12		1				root-cutter	1	411
1152	rosa-del-monte	412	12		1				rosa-del-monte	1	412
1153	rosindone	413	12		1				rosindone	1	413
1154	rotator	414	12		1				rotator	1	414
1155	round	415	12		1				round	1	415
1156	pendent	416	12		1				pendent	1	416
1157	rttbble-ballast	417	12		1				rttbble-ballast	1	417
1158	mgose-punctate	418	12		1				mgose-punctate	1	418
1159	nm	419	12		1				nm	1	419
1160	rusber	420	12		1				rusber	1	420
1161	An	421	12		1				An	1	421
1162	Saccocoma	422	12		1				Saccocoma	1	422
1163	Sadymia	423	12		1				Sadymia	1	423
1164	Sagenichthys	424	12		1				Sagenichthys	1	424
1165	sake	425	12		1				sake	1	425
1166	sally	426	12		1				sally	1	426
1167	salt-grass	427	12		1				salt-grass	1	427
1168	Ruedorfs	428	12		1				Ruedorfs	1	428
1169	sandpapering-xnacliine	429	12		1				sandpapering-xnacliine	1	429
1170	sandstone	430	12		1				sandstone	1	430
1171	the	431	12		1				the	1	431
1172	saprolitic	432	12		1				saprolitic	1	432
1173	Sarraceniales	433	12		1				Sarraceniales	1	433
1174	saturater	434	12		1				saturater	1	434
1175	American	435	12		1				American	1	435
1176	scale	436	12		1				scale	1	436
1177	scale	437	12		1				scale	1	437
1178	scaphium	438	12		1				scaphium	1	438
1179	sceptrelliform	439	12		1				sceptrelliform	1	439
1180	ScMzophyllnm	440	12		1				ScMzophyllnm	1	440
1181	schooner	441	12		1				schooner	1	441
1182	sclerodactylia	442	12		1				sclerodactylia	1	442
1183	Bcoliid	443	12		1				Bcoliid	1	443
1184	scouring-cinder	444	12		1				scouring-cinder	1	444
1185	screw	445	12		1				screw	1	445
1186	scnitch	446	12		1				scnitch	1	446
1187	scupper-shutters	447	12		1				scupper-shutters	1	447
1188	seal	448	12		1				seal	1	448
1189	sea-serpent	449	12		1				sea-serpent	1	449
1190	secondo	450	12		1				secondo	1	450
1191	seder	451	12		1				seder	1	451
1192	sehta	452	12		1				sehta	1	452
1193	selection	453	12		1				selection	1	453
1194	self-alining	454	12		1				self-alining	1	454
1195	semi-automatic	455	12		1				semi-automatic	1	455
1196	sending	456	12		1				sending	1	456
1197	sense	457	12		1				sense	1	457
1198	separator	458	12		1				separator	1	458
1199	sequential	459	12		1				sequential	1	459
1200	series	460	12		1				series	1	460
1201	series-transformer	461	12		1				series-transformer	1	461
1202	sertulum	462	12		1				sertulum	1	462
1203	set	463	12		1				set	1	463
1204	setting-hammer	464	12		1				setting-hammer	1	464
1205	sewing-machine	465	12		1				sewing-machine	1	465
1206	shadow	466	12		1				shadow	1	466
1207	shaking-rig	467	12		1				shaking-rig	1	467
1208	share	468	12		1				share	1	468
1209	shear-skid	469	12		1				shear-skid	1	469
1210	shelf-fungus	470	12		1				shelf-fungus	1	470
1211	shield	471	12		1				shield	1	471
1212	ship	472	12		1				ship	1	472
1213	shoot-pole	473	12		1				shoot-pole	1	473
1214	shovel-bucket	474	12		1				shovel-bucket	1	474
1215	shy	475	12		1				shy	1	475
1216	side-jointer	476	12		1				side-jointer	1	476
1217	sigbting-hood	477	12		1				sigbting-hood	1	477
1218	signal-hose	478	12		1				signal-hose	1	478
1219	silication	479	12		1				silication	1	479
1220	silver	480	12		1				silver	1	480
1221	simpler's-joy	481	12		1				simpler's-joy	1	481
1222	singularity	482	12		1				singularity	1	482
1223	Siphonales	483	12		1				Siphonales	1	483
1224	sitfast	484	12		1				sitfast	1	484
1225	skeleton-weed	485	12		1				skeleton-weed	1	485
1226	skin	486	12		1				skin	1	486
1227	skunk-grass	487	12		1				skunk-grass	1	487
1228	slag-pot	488	12		1				slag-pot	1	488
1229	sleeve	489	12		1				sleeve	1	489
1230	river	490	12		1				river	1	490
1231	slip-shuck	491	12		1				slip-shuck	1	491
1232	sludgy	492	12		1				sludgy	1	492
1233	smilaceous	493	12		1				smilaceous	1	493
1234	snake-dance	494	12		1				snake-dance	1	494
1235	snip-snap-snorem	495	12		1				snip-snap-snorem	1	495
1236	soak	496	12		1				soak	1	496
1237	society-	497	12		1				society-	1	497
1238	Boffioni	498	12		1				Boffioni	1	498
1239	Solarian	499	12		1				Solarian	1	499
1240	solution	500	12		1				solution	1	500
1241	somatophyte	501	12		1				somatophyte	1	501
1242	sorbite	502	12		1				sorbite	1	502
1243	sound-cage	503	12		1				sound-cage	1	503
1244	sour-sop	504	12		1				sour-sop	1	504
1245	space-	505	12		1				space-	1	505
1246	spark	506	12		1				spark	1	506
1247	An	507	12		1				An	1	507
1248	spectrohellograph	508	12		1				spectrohellograph	1	508
1249	spectmin	509	12		1				spectmin	1	509
1250	speed-controller	510	12		1				speed-controller	1	510
1251	spew	511	12		1				spew	1	511
1252	spheroid	512	12		1				spheroid	1	512
1253	spiel	513	12		1				spiel	1	513
1254	spinomuscular	514	12		1				spinomuscular	1	514
1255	spirojector	515	12		1				spirojector	1	515
1256	spline	516	12		1				spline	1	516
1257	spongy	517	12		1				spongy	1	517
1258	spot-face	518	12		1				spot-face	1	518
1259	spred	519	12		1				spred	1	519
1260	spud	520	12		1				spud	1	520
1261	square-drawn	521	12		1				square-drawn	1	521
1262	stability	522	12		1				stability	1	522
1263	stage	523	12		1				stage	1	523
1264	stalwartism	524	12		1				stalwartism	1	524
1265	staphylococcus	525	12		1				staphylococcus	1	525
1266	starch-tree	526	12		1				starch-tree	1	526
1267	station	527	12		1				station	1	527
1268	stay-tap	528	12		1				stay-tap	1	528
1269	steam-heater	529	12		1				steam-heater	1	529
1270	steering-gear	530	12		1				steering-gear	1	530
1271	steering-gear	531	12		1				steering-gear	1	531
1272	stem-sawfly	532	12		1				stem-sawfly	1	532
1273	step-pyramid	533	12		1				step-pyramid	1	533
1274	stereograph	534	12		1				stereograph	1	534
1275	of	535	12		1				of	1	535
1276	stick	536	12		1				stick	1	536
1277	still	537	12		1				still	1	537
1278	stock	538	12		1				stock	1	538
1279	stomodeal	539	12		1				stomodeal	1	539
1280	stop	540	12		1				stop	1	540
1281	stovaine	541	12		1				stovaine	1	541
1282	strain	542	12		1				strain	1	542
1283	stratum	543	12		1				stratum	1	543
1284	streptococcus	544	12		1				streptococcus	1	544
1285	strike	545	12		1				strike	1	545
1286	stripper	546	12		1				stripper	1	546
1287	strnck	547	12		1				strnck	1	547
1288	stumpage	548	12		1				stumpage	1	548
1289	stylize	549	12		1				stylize	1	549
1290	subbasement	550	12		1				subbasement	1	550
1291	subflx	551	12		1				subflx	1	551
1292	submarine	552	12		1				submarine	1	552
1293	subprone	553	12		1				subprone	1	553
1294	substitution-rein	554	12		1				substitution-rein	1	554
1295	sackfish	555	12		1				sackfish	1	555
1296	suggestion	556	12		1				suggestion	1	556
1297	sulphine	557	12		1				sulphine	1	557
1298	smn	558	12		1				smn	1	558
1299	sun-power	559	12		1				sun-power	1	559
1300	saperfuse	560	12		1				saperfuse	1	560
1301	snppnrative	561	12		1				snppnrative	1	561
1302	supratemporal	562	12		1				supratemporal	1	562
1303	surficial	563	12		1				surficial	1	563
1304	suspensory	564	12		1				suspensory	1	564
1305	swaying	565	12		1				swaying	1	565
1306	swing-dingle	566	12		1				swing-dingle	1	566
1307	switch-tower	567	12		1				switch-tower	1	567
1308	symbolism	568	12		1				symbolism	1	568
1309	sympathicectomy	569	12		1				sympathicectomy	1	569
1310	pollen	570	12		1				pollen	1	570
1311	Syndyaceri	571	12		1				Syndyaceri	1	571
1312	synrhabdosome	572	12		1				synrhabdosome	1	572
1313	syringomyelus	573	12		1				syringomyelus	1	573
1314	An	574	12		1				An	1	574
1315	tacMstoscope	575	12		1				tacMstoscope	1	575
1316	tactual-verbal	576	12		1				tactual-verbal	1	576
1317	take	577	12		1				take	1	577
1318	tamal	578	12		1				tamal	1	578
1319	tanglement	579	12		1				tanglement	1	579
1320	A	580	12		1				A	1	580
1321	tar	581	12		1				tar	1	581
1322	tartrovinic	582	12		1				tartrovinic	1	582
1323	tawkee	583	12		1				tawkee	1	583
1324	tea	584	12		1				tea	1	584
1325	Tectospondyii	585	12		1				Tectospondyii	1	585
1326	telegraphy	586	12		1				telegraphy	1	586
1327	telepath	587	12		1				telepath	1	587
1328	vaTM	588	12		1				vaTM	1	588
1329	telmatology	589	12		1				telmatology	1	589
1330	tempering-tank	590	12		1				tempering-tank	1	590
1331	Also	591	12		1				Also	1	591
1332	termen	592	12		1				termen	1	592
1333	tervalent	593	12		1				tervalent	1	593
1334	test-bar	594	12		1				test-bar	1	594
1335	tetanus	595	12		1				tetanus	1	595
1336	tetramere	596	12		1				tetramere	1	596
1337	TeutopWle	597	12		1				TeutopWle	1	597
1338	Theacese	598	12		1				Theacese	1	598
1339	theoria	599	12		1				theoria	1	599
1340	therm	600	12		1				therm	1	600
1341	thermoluminescence	601	12		1				thermoluminescence	1	601
1342	therocrotaphoas	602	12		1				therocrotaphoas	1	602
1343	tMo-alcohol	603	12		1				tMo-alcohol	1	603
1344	thiostannic	604	12		1				thiostannic	1	604
1345	thorium	605	12		1				thorium	1	605
1346	throating-line	606	12		1				throating-line	1	606
1347	thrust-block	607	12		1				thrust-block	1	607
1348	thyme-dodder	608	12		1				thyme-dodder	1	608
1349	tibor	609	12		1				tibor	1	609
1350	tie-back	610	12		1				tie-back	1	610
1351	tile	611	12		1				tile	1	611
1352	time	612	12		1				time	1	612
1353	tincture	613	12		1				tincture	1	613
1354	tit	614	12		1				tit	1	614
1355	toad-fish	615	12		1				toad-fish	1	615
1356	tocomania	616	12		1				tocomania	1	616
1357	toluidine	617	12		1				toluidine	1	617
1358	tone-production	618	12		1				tone-production	1	618
1359	tonneau	619	12		1				tonneau	1	619
1360	tooth-block	620	12		1				tooth-block	1	620
1361	topsail	621	12		1				topsail	1	621
1362	torrent-portion	622	12		1				torrent-portion	1	622
1363	totipotent	623	12		1				totipotent	1	623
1364	tow-netting	624	12		1				tow-netting	1	624
1365	tozophorous	625	12		1				tozophorous	1	625
1366	track-athletics	626	12		1				track-athletics	1	626
1367	train	627	12		1				train	1	627
1368	transboard	628	12		1				transboard	1	628
1369	transformism	629	12		1				transformism	1	629
1370	transmitter-hood	630	12		1				transmitter-hood	1	630
1371	trap	631	12		1				trap	1	631
1372	tread	632	12		1				tread	1	632
1373	Trematis	633	12		1				Trematis	1	633
1374	trial	634	12		1				trial	1	634
1375	tributist	635	12		1				tributist	1	635
1376	tricycUc	636	12		1				tricycUc	1	636
1377	trimellic	637	12		1				trimellic	1	637
1378	tripeptide	638	12		1				tripeptide	1	638
1379	triskelion	639	12		1				triskelion	1	639
1380	trochocephalic	640	12		1				trochocephalic	1	640
1381	trophology	641	12		1				trophology	1	641
1382	trowlesworthite	642	12		1				trowlesworthite	1	642
1383	tromuon	643	12		1				tromuon	1	643
1384	trypanosome	644	12		1				trypanosome	1	644
1385	tnbe	645	12		1				tnbe	1	645
1386	tuberculin	646	12		1				tuberculin	1	646
1387	tulip	647	12		1				tulip	1	647
1388	tunki	648	12		1				tunki	1	648
1389	Turbinolia	649	12		1				Turbinolia	1	649
1390	turn-button	650	12		1				turn-button	1	650
1391	tnrriliticone	651	12		1				tnrriliticone	1	651
1392	twin	652	12		1				twin	1	652
1393	twyer-box	653	12		1				twyer-box	1	653
1394	type-	654	12		1				type-	1	654
1395	An	655	12		1				An	1	655
1396	nlorrhagy	656	12		1				nlorrhagy	1	656
1397	Umbro-Latin	657	12		1				Umbro-Latin	1	657
1398	imder-consnmption	658	12		1				imder-consnmption	1	658
1399	underscore	659	12		1				underscore	1	659
1400	unicist	660	12		1				unicist	1	660
1401	uniquely	661	12		1				uniquely	1	661
1402	nnit	662	12		1				nnit	1	662
1403	uniter	663	12		1				uniter	1	663
1404	unsoiling	664	12		1				unsoiling	1	664
1405	uralite	665	12		1				uralite	1	665
1406	tirbamzation	666	12		1				tirbamzation	1	666
1407	urinary	667	12		1				urinary	1	667
1408	uropatagium	668	12		1				uropatagium	1	668
1409	usufruct	669	12		1				usufruct	1	669
1410	SiwJ	670	12		1				SiwJ	1	670
1411	vaiseshika	671	12		1				vaiseshika	1	671
1412	value	672	12		1				value	1	672
1413	valve	673	12		1				valve	1	673
1414	Van	674	12		1				Van	1	674
1415	variation	675	12		1				variation	1	675
1416	Hole-mouthed	676	12		1				Hole-mouthed	1	676
1417	vegetate	677	12		1				vegetate	1	677
1418	veneriform	678	12		1				veneriform	1	678
1419	veritist	679	12		1				veritist	1	679
1420	verticibasal	680	12		1				verticibasal	1	680
1421	vibrancy	681	12		1				vibrancy	1	681
1422	villosin	682	12		1				villosin	1	682
1423	violet-midge	683	12		1				violet-midge	1	683
1424	visitate	684	12		1				visitate	1	684
1425	Titro-	685	12		1				Titro-	1	685
1426	volcano	686	12		1				volcano	1	686
1427	volume	687	12		1				volume	1	687
1428	voting-macMne	688	12		1				voting-macMne	1	688
1429	An	689	12		1				An	1	689
1430	Abbreviations	690	12		1				Abbreviations	1	690
1431	war-drum	691	12		1				war-drum	1	691
1432	ware	692	12		1				ware	1	692
1433	wasMng-bottle	693	12		1				wasMng-bottle	1	693
1434	water-borne	694	12		1				water-borne	1	694
1435	waterlaid	695	12		1				waterlaid	1	695
1436	water-table	696	12		1				water-table	1	696
1437	wave	697	12		1				wave	1	697
1438	wealth-fond	698	12		1				wealth-fond	1	698
1439	web-system	699	12		1				web-system	1	699
1440	weiglunaster	700	12		1				weiglunaster	1	700
1441	well-decked	701	12		1				well-decked	1	701
1442	whaleback	702	12		1				whaleback	1	702
1443	wheat	703	12		1				wheat	1	703
1444	wUp	704	12		1				wUp	1	704
1445	white	705	12		1				white	1	705
1446	wiederkomm	706	12		1				wiederkomm	1	706
1447	willy-willy	707	12		1				willy-willy	1	707
1448	winding	708	12		1				winding	1	708
1449	wine	709	12		1				wine	1	709
1450	wire-carrier	710	12		1				wire-carrier	1	710
1451	wolf-hound	711	12		1				wolf-hound	1	711
1452	wood-trimmer	712	12		1				wood-trimmer	1	712
1453	worked	713	12		1				worked	1	713
1454	writing	714	12		1				writing	1	714
1455	The	715	12		1				The	1	715
1456	zenogenite	716	12		1				zenogenite	1	716
1457	xylamide	717	12		1				xylamide	1	717
1458	TrowTMi	718	12		1				TrowTMi	1	718
1459	yati	719	12		1				yati	1	719
1460	yellowbelly	720	12		1				yellowbelly	1	720
1461	york	721	12		1				york	1	721
1462	or	722	12		1				or	1	722
1463	zebra	723	12		1				zebra	1	723
1464	zincide	724	12		1				zincide	1	724
1465	zone	725	12		1				zone	1	725
1466	zoocnltnral	726	12		1				zoocnltnral	1	726
1467	zwitter	727	12		1				zwitter	1	727
1468		728	12		1					1	728
1469	THE	729	12		1				THE	1	729
1470	Adeste	730	12		1				Adeste	1	730
1471	Annunzio	731	12		1				Annunzio	1	731
1472	Anping	732	12		1				Anping	1	732
1473	Astley	733	12		1				Astley	1	733
1474	Baldwin	734	12		1				Baldwin	1	734
1475	Bartlett	735	12		1				Bartlett	1	735
1476	Becquerel	736	12		1				Becquerel	1	736
1477	Bertillon	737	12		1				Bertillon	1	737
1478	Blackwell	738	12		1				Blackwell	1	738
1479	Boer	739	12		1				Boer	1	739
1480	Boston	740	12		1				Boston	1	740
1481	Bredichin	741	12		1				Bredichin	1	741
1482	Browning	742	12		1				Browning	1	742
1483	lie	743	12		1				lie	1	743
1484	Cagayanes	744	12		1				Cagayanes	1	744
1485	Caran	745	12		1				Caran	1	745
1486	Castle	746	12		1				Castle	1	746
1487	Chamberlin	747	12		1				Chamberlin	1	747
1488	CMttenden	748	12		1				CMttenden	1	748
1489	Cobet	749	12		1				Cobet	1	749
1490	Conway	750	12		1				Conway	1	750
1491	Cranston	751	12		1				Cranston	1	751
1492	Curie	752	12		1				Curie	1	752
1493	Dasent	753	12		1				Dasent	1	753
1494	Degas	754	12		1				Degas	1	754
1495	Dewing	755	12		1				Dewing	1	755
1496	Dreadnought	756	12		1				Dreadnought	1	756
1497	East	757	12		1				East	1	757
1498	Ephrassi	758	12		1				Ephrassi	1	758
1499	Fairchild	759	12		1				Fairchild	1	759
1500	Folk	760	12		1				Folk	1	760
1501	Fraunces's	761	12		1				Fraunces's	1	761
1502	Garcia	762	12		1				Garcia	1	762
1503	GifFard	763	12		1				GifFard	1	763
1504	Oordon	764	12		1				Oordon	1	764
1505	Griggs	765	12		1				Griggs	1	765
1506	Haeckel	766	12		1				Haeckel	1	766
1507	Hanna	767	12		1				Hanna	1	767
1508	Haswell	768	12		1				Haswell	1	768
1509	Jewell	769	12		1				Jewell	1	769
1510	Holmes	770	12		1				Holmes	1	770
1511	Hughes	771	12		1				Hughes	1	771
1512	Hollo	772	12		1				Hollo	1	772
1513	Jameson	773	12		1				Jameson	1	773
1514	Jolo	774	12		1				Jolo	1	774
1515	Kentucky	775	12		1				Kentucky	1	775
1516	Koninck	776	12		1				Koninck	1	776
1517	La	777	12		1				La	1	777
1518	Count	778	12		1				Count	1	778
1519	Liddell	779	12		1				Liddell	1	779
1520	Lorenz	780	12		1				Lorenz	1	780
1521	McClernand	781	12		1				McClernand	1	781
1522	Magersfonteia	782	12		1				Magersfonteia	1	782
1523	Marchand	783	12		1				Marchand	1	783
1524	Massenet	784	12		1				Massenet	1	784
1525	Mesaba	785	12		1				Mesaba	1	785
1526	Mitchell	786	12		1				Mitchell	1	786
1527	Morton	787	12		1				Morton	1	787
1528	Napier	788	12		1				Napier	1	788
1529	Niger	789	12		1				Niger	1	789
1530	Nueva	790	12		1				Nueva	1	790
1531	Osier	791	12		1				Osier	1	791
1532	Fangasinan	792	12		1				Fangasinan	1	792
1533	ifnTK	793	12		1				ifnTK	1	793
1534	Pflttger	794	12		1				Pflttger	1	794
1535	Poole	795	12		1				Poole	1	795
1536	a	796	12		1				a	1	796
1537	Bamband	797	12		1				Bamband	1	797
1538	Bendall	798	12		1				Bendall	1	798
1539	Rio	799	12		1				Rio	1	799
1540	Rood	800	12		1				Rood	1	800
1541	Busso-Japanese	801	12		1				Busso-Japanese	1	801
1542	Salvini	802	12		1				Salvini	1	802
1543	Saskatchewan	803	12		1				Saskatchewan	1	803
1544	Sedgwick	804	12		1				Sedgwick	1	804
1545	Shawmnt	805	12		1				Shawmnt	1	805
1546	Smith	806	12		1				Smith	1	806
1547	Stainer	807	12		1				Stainer	1	807
1548	Straus	808	12		1				Straus	1	808
1549	Svendson	809	12		1				Svendson	1	809
1550	Taschereau	810	12		1				Taschereau	1	810
1551	Thompson	811	12		1				Thompson	1	811
1552	Torrington	812	12		1				Torrington	1	812
1553	V	813	12		1				V	1	813
1554	Vacherot	814	12		1				Vacherot	1	814
1555	Vizcaya	815	12		1				Vizcaya	1	815
1556	Waring	816	12		1				Waring	1	816
1557	West	817	12		1				West	1	817
1558	Wilde	818	12		1				Wilde	1	818
1559	Woolsey	819	12		1				Woolsey	1	819
1560	Yi	820	12		1				Yi	1	820
1561		821	12		1					1	821
1562		822	12		1					1	822
1563		823	12		1					1	823
1564		824	12		1					1	824
1565		825	12		1					1	825
1566		826	12		1					1	826
1567	BINDING	827	12		1				BINDING	1	827
1568		828	12		1					1	828