page	entries	image	volume	frequency	check	books	accuracy	centurydiction02whit_djvu.csv	frequency	image	centurydictionar02whit_djvu.csv	frequency	image	centurydictionar02whituoft_djvu.csv	frequency	image	centurydictionary02whit_djvu.csv	frequency	image	cu31924091890594_djvu.csv	frequency	image
881	Celticize	13	2	2	weak	centurydiction02whit_djvu.csv	3671	Celticizc	1	13	Celticize	2	13	Oelticize	1	15	Celticize	2	13	uexticize	1	12
882	cenation	14	2	3		centurydictionar02whit_djvu.csv	3613	conation	2	14	conation	2	14	cenation	3	16	cenation	3	14	cenation	3	13
883	censor	15	2	5		cu31924091890594_djvu.csv	3582	censor	5	15	censor	5	15	censor	5	17	censor	5	15	censor	5	14
884	centage	16	2	4		centurydictionary02whit_djvu.csv	3565	ccntage	1	16	centage	4	16	centage	4	18	centage	4	16	centage	4	15
885	center	17	2	5		centurydictionar02whituoft_djvu.csv	3479	center	5	17	center	5	17	center	5	19	center	5	17	center	5	16
886	center-rail	18	2	4				center-rail	4	18	central	1	18	center-rail	4	20	center-rail	4	18	center-rail	4	17
887	central	19	2	5				central	5	19	central	5	19	central	5	21	central	5	19	central	5	18
888	centrifugal	20	2	4				centrifugal	4	20	centrifugal	4	20	centrifugal	4	22	centrifugal	4	20	n	1	19
889	centropomid	21	2	5				centropomid	5	21	centropomid	5	21	centropomid	5	23	centropomid	5	21	centropomid	5	20
890	century	22	2	5				century	5	22	century	5	22	century	5	24	century	5	22	century	5	21
891	Cephalobranchia	23	2	5				Cephalobranchia	5	23	Cephalobranchia	5	23	Cephalobranchia	5	25	Cephalobranchia	5	23	Cephalobranchia	5	22
892	Oephaloptera	24	2	4				Oephaloptera	4	24	Cephaloptera	1	24	Oephaloptera	4	26	Oephaloptera	4	24	Oephaloptera	4	23
893	Cepphus	25	2	3				Cepphus	3	25	Cepphus	3	25	Cepphus	3	27	Oepphus	2	25	Oepphus	2	24
894	Ceratiidse	26	2	3				Ceratiidse	3	26	Ceratiidas	1	26	Oeratiidae	1	28	Ceratiidse	3	26	Ceratiidse	3	25
895	Branch	27	2	3				Branch	3	27	Branch	3	27	Ceratoidea	2	29	Branch	3	27	Ceratoidea	2	26
896	and	28	2	2	tie			and	2	28	cercana	2	28	Embnfonic	1	30	and	2	28	cercana	2	27
897	Oerdale	29	2	3				Oerdale	3	29	Cerdale	2	29	Cerdale	2	31	Oerdale	3	29	Oerdale	3	28
898	cerebration	30	2	5				cerebration	5	30	cerebration	5	30	cerebration	5	32	cerebration	5	30	cerebration	5	29
899	ceremonious	31	2	5				ceremonious	5	31	ceremonious	5	31	ceremonious	5	33	ceremonious	5	31	ceremonious	5	30
900	Ceriphasiidse	32	2	2	weak			Ceriphasiidse	2	32	Ceriphasiidae	1	32	Ceriphasiidse	2	34	Oeriphasiidss	1	32	Ceriphasiids	1	31
901	certain	33	2	5				certain	5	33	certain	5	33	certain	5	35	certain	5	33	certain	5	32
902	certification	34	2	5				certification	5	34	certification	5	34	certification	5	36	certification	5	34	certification	5	33
903	Cervicapra	35	2	3				Cervicapra	3	35	Cervicapra	3	35	Cerricapra	1	37	Oervicapra	1	35	Cervicapra	3	34
904	cessavit	36	2	5				cessavit	5	36	cessavit	5	36	cessavit	5	38	cessavit	5	36	cessavit	5	35
905	cestus	37	2	4				cestuB	1	37	cestus	4	37	cestus	4	39	cestus	4	37	cestus	4	36
906	cetrariseform	38	2	2	tie			cetrariseform	2	38	cetrariaeform	2	38	cetrariaeform	2	40	cetrariseform	2	38	cetrarifflform	1	37
907	chack	39	2	4				chack	4	39	chack	4	39	chack	4	41	chack	4	39	cnacK	1	38
908	Chatophora	40	2	3				Chatophora	3	40	Chatophora	3	40	Ckatophora	2	42	Chatophora	3	40	Ckatophora	2	39
909	chaff	41	2	4				cbaff	1	41	chaff	4	41	chaff	4	43	chaff	4	41	chaff	4	40
910	chain	42	2	5				chain	5	42	chain	5	42	chain	5	44	chain	5	42	chain	5	41
911	chair	43	2	5				chair	5	43	chair	5	43	chair	5	45	chair	5	43	chair	5	42
912	chalcidian	44	2	5				chalcidian	5	44	chalcidian	5	44	chalcidian	5	46	chalcidian	5	44	chalcidian	5	43
913	Mayence	45	2	4				Mayence	4	45	Mayence	4	45	Mayence	4	47	Mayence	4	45	from	1	44
914	challenge	46	2	5				challenge	5	46	challenge	5	46	challenge	5	48	challenge	5	46	challenge	5	45
915	chamsecephalic	47	2	3				chamsecephalic	3	47	cliamsecephalic	1	47	chamsecephalic	3	49	chamsecephalic	3	47	cbamsecephalic	1	46
916	chamberer	48	2	5				chamberer	5	48	chamberer	5	48	chamberer	5	50	chamberer	5	48	chamberer	5	47
917	chamfered	49	2	4				chamfered	4	49	chamfered	4	49	I	1	51	chamfered	4	49	chamfered	4	48
918	champignon	50	2	5				champignon	5	50	champignon	5	50	champignon	5	52	champignon	5	50	champignon	5	49
919	chancel	51	2	4				chancel	4	51	chancel	4	51	chancel	4	53	chancel	4	51	cnancei	1	50
920	chandelier	52	2	5				chandelier	5	52	chandelier	5	52	chandelier	5	54	chandelier	5	52	chandelier	5	51
921	change	53	2	5				change	5	53	change	5	53	change	5	55	change	5	53	change	5	52
922	channel-bone	54	2	4				channel-bone	4	54	channel-bone	4	54	channel-bone	4	56	channel-bone	4	54	cliaimel-bone	1	53
923	chanticleer	55	2	5				chanticleer	5	55	chanticleer	5	55	chanticleer	5	57	chanticleer	5	55	chanticleer	5	54
924	chape	56	2	5				chape	5	56	chape	5	56	chape	5	58	chape	5	56	chape	5	55
925	chapfallen	57	2	5				chapfallen	5	57	chapfallen	5	57	chapfallen	5	59	chapfallen	5	57	chapfallen	5	56
926	chapter	58	2	4				cbapter	1	58	chapter	4	58	chapter	4	60	chapter	4	58	chapter	4	57
927	Characinidie	59	2	1	tie			Characinidie	1	59	Characinidae	1	59	Characinida	1	61	Oharacinidse	1	59	unaracimase	1	58
928	characteristic	60	2	5				characteristic	5	60	characteristic	5	60	characteristic	5	62	characteristic	5	60	characteristic	5	59
929	charcoal-pit	61	2	4				charcoal-pit	4	61	charcoal-pit	4	61	charcoal-pit	4	63	cbarcoal-pit	1	61	charcoal-pit	4	60
930	charge	62	2	5				charge	5	62	charge	5	62	charge	5	64	charge	5	62	charge	5	61
931	charioteering	63	2	5				charioteering	5	63	charioteering	5	63	charioteering	5	65	charioteering	5	63	charioteering	5	62
932	charlatanism	64	2	5				charlatanism	5	64	charlatanism	5	64	charlatanism	5	66	charlatanism	5	64	charlatanism	5	63
933	chart	65	2	4				chart	4	65	chart	4	65	cbart	1	67	chart	4	65	chart	4	64
934	chartreuse	66	2	5				chartreuse	5	66	chartreuse	5	66	chartreuse	5	68	chartreuse	5	66	chartreuse	5	65
935	chasm	67	2	4				chasm	4	67	chasm	4	67	chasm	4	69	chasm	4	67	Her	1	66
936	chastity	68	2	5				chastity	5	68	chastity	5	68	chastity	5	70	chastity	5	68	chastity	5	67
937	chattel	69	2	4				chattel	4	69	chattel	4	69	chattel	4	71	chattel	4	69	cnattel	1	68
938	chaundry	70	2	4				chaundry	4	70	chaundry	4	70	chaondry	1	72	chaundry	4	70	chaundry	4	69
939	cheap	71	2	4				cheap	4	71	cheap	4	71	cheap	4	73	cheap	4	71	cbeap	1	70
940	cheatee	72	2	5				cheatee	5	72	cheatee	5	72	cheatee	5	74	cheatee	5	72	cheatee	5	71
941	checker	73	2	5				checker	5	73	checker	5	73	checker	5	75	checker	5	73	checker	5	72
942	Cheeky	74	2	5				Cheeky	5	74	Cheeky	5	74	Cheeky	5	76	Cheeky	5	74	Cheeky	5	73
943	cheer	75	2	5				cheer	5	75	cheer	5	75	cheer	5	77	cheer	5	75	cheer	5	74
944	cbeese	76	2	3				cbeese	3	76	cheese	2	76	cbeese	3	78	cbeese	3	76	cheese	2	75
945	Terminal	77	2	2	weak			Terminal	2	77	Terminal	2	77	chela	1	79	Teniiiiial	1	77	A	1	76
946	Chelonia	78	2	3				Chelonia	3	78	Chelonia	3	78	Chelonla	1	80	Ohelonia	1	78	Chelonia	3	77
947	chemical	79	2	4				chemical	4	79	chemical	4	79	chemical	4	81	chemical	4	79	cbemical	1	78
948	chenille	80	2	5				chenille	5	80	chenille	5	80	chenille	5	82	chenille	5	80	chenille	5	79
949	cherry	81	2	5				cherry	5	81	cherry	5	81	cherry	5	83	cherry	5	81	cherry	5	80
950	cherubin	82	2	4				cherubin	4	82	cherubin	4	82	ciierubin	1	84	cherubin	4	82	cherubin	4	81
951	chesten	83	2	4				cbesten	1	83	chesten	4	83	chesten	4	85	chesten	4	83	chesten	4	82
952	cheval-glass	84	2	5				cheval-glass	5	84	cheval-glass	5	84	cheval-glass	5	86	cheval-glass	5	84	cheval-glass	5	83
953	chevronel	85	2	5				chevronel	5	85	chevronel	5	85	chevronel	5	87	chevronel	5	85	chevronel	5	84
954	chiastre	86	2	3				chiastre	3	86	cliiastre	1	86	chlastre	1	88	chiastre	3	86	chiastre	3	85
955	chicken	87	2	5				chicken	5	87	chicken	5	87	chicken	5	89	chicken	5	87	chicken	5	86
956	chidester	88	2	3				chidester	3	88	chidester	3	88	cMdester	2	90	cMdester	2	88	chidester	3	87
957	chieve	89	2	3				cMeve	2	89	cMeve	2	89	chieve	3	91	chieve	3	89	chieve	3	88
958	childbed	90	2	3				childbed	3	90	childbed	3	90	cMIdbed	1	92	cMldbed	1	90	childbed	3	89
959	chill	91	2	4				chill	4	91	chill	4	91	chlU	1	93	chill	4	91	chill	4	90
960	Chilonycteris	92	2	4				Chilonycteris	4	92	Chilonycteris	4	92	CMlonycteris	1	94	Chilonycteris	4	92	Chilonycteris	4	91
961	chimera	93	2	3				chimera	3	93	cUmera	1	93	chimera	3	95	cblmera	1	93	chimera	3	92
962	chimney-work	94	2	2	weak			chimney-work	2	94	chinmey-work	1	94	chinching-iron	1	96	chlnmey-work	1	94	chimney-work	2	93
963	chinching-iron	95	2	3				chinching-iron	3	95	chinching-iron	3	95	chinching-iron	3	97	cMnching-iron	1	95	cliinctaing-iroii	1	94
964	chink	96	2	4				chink	4	96	chink	4	96	chink	4	98	cliiiik	1	96	chink	4	95
965	chip	97	2	5				chip	5	97	chip	5	97	chip	5	99	chip	5	97	chip	5	96
966	Chirocentrus	98	2	3				Chirocentrus	3	98	Chirocentrus	3	98	Chirocentms	1	100	Ohirocentrus	1	98	Chirocentrus	3	97
967	chiroplast	99	2	3				cMroplast	1	99	chiroplast	3	99	chiroplast	3	101	chiroplast	3	99	invented	1	98
968	chirurgery	100	2	4				chirurgery	4	100	chirurgery	4	100	chirurgery	4	102	chirurgery	4	100	chimrgery	1	99
969	chiton	101	2	4				chiton	4	101	cMton	1	101	chiton	4	103	chiton	4	101	chiton	4	100
970	chlsna	102	2	2	weak			chlaena	1	102	cblsena	1	102	chlsna	2	104	chlsena	1	102	chlsna	2	101
971	chloranilic	103	2	5				chloranilic	5	103	chloranilic	5	103	chloranilic	5	105	chloranilic	5	103	chloranilic	5	102
972	Chloropeltidea	104	2	3				Chloropeltidea	3	104	Chloropeltidea	3	104	CMoropeltidea	1	106	Chloropeltidea	3	104	CUoropeltidea	1	103
973	Choanoflagellata	105	2	2	weak			Choanoflagellata	2	105	Choanoflagellata	2	105	r	1	107	Ohoanoflagellata	1	105	unoanonagellata	1	104
974	choice	106	2	5				choice	5	106	choice	5	106	choice	5	108	choice	5	106	choice	5	105
975	choke	107	2	5				choke	5	107	choke	5	107	choke	5	109	choke	5	107	choke	5	106
976	choleric	108	2	5				choleric	5	108	choleric	5	108	choleric	5	110	choleric	5	108	choleric	5	107
977	chondrify	109	2	4				chondrify	4	109	chondrify	4	109	chondrify	4	111	chondrify	4	109	uiiuuuruy	1	108
978	Chondrostoma	110	2	4				Chondrostoma	4	110	Chondrostoma	4	110	Ohondrostoma	1	112	Chondrostoma	4	110	Chondrostoma	4	109
979	chop	111	2	5				chop	5	111	chop	5	111	chop	5	113	chop	5	111	chop	5	110
980	choragic	112	2	4				choragic	4	112	choragic	4	112	cboragic	1	114	choragic	4	112	choragic	4	111
981	chordometer	113	2	5				chordometer	5	113	chordometer	5	113	chordometer	5	115	chordometer	5	113	chordometer	5	112
982	choristopodous	114	2	5				choristopodous	5	114	choristopodous	5	114	choristopodous	5	116	choristopodous	5	114	choristopodous	5	113
983	chough	115	2	4				chough	4	115	chough	4	115	chough	4	117	chough	4	115	cbough	1	114
984	chrism	116	2	5				chrism	5	116	chrism	5	116	chrism	5	118	chrism	5	116	chrism	5	115
985	Christhood	117	2	3				Christhood	3	117	Christhood	3	117	Cliristhood	1	119	Christhood	3	117	curiBtbood	1	116
986	Christmas	118	2	4				Christmas	4	118	Christmas	4	118	Ohristmas	1	120	Christmas	4	118	Christmas	4	117
987	chromatology	119	2	3				chromatology	3	119	chromatology	3	119	cliToniatology	1	121	chromatology	3	119	cliTomatology	1	118
988	chromoleucite	120	2	4				chromoleucite	4	120	chromoleucite	4	120	chromoleucite	4	122	chromoleucite	4	120	cjhromoleucite	1	119
989	chronogrammatic	121	2	4				chronogrammatic	4	121	chronogrammatic	4	121	chronogrammatic	4	123	chronogTammatic	1	121	chronogrammatic	4	120
990	chrysalis	122	2	5				chrysalis	5	122	chrysalis	5	122	chrysalis	5	124	chrysalis	5	122	chrysalis	5	121
991	chrysography	123	2	3				chrysography	3	123	chrysography	3	123	dirysograpliy	1	125	chrysography	3	123	cmysograpuy	1	122
992	Chthonascidiae	124	2	2	weak			Chthonascidiae	2	124	Chthonascidiae	2	124	Chthonascidiss	1	126	Chthonascidias	1	124	Chthonascidise	1	123
993	chuckle	125	2	4				chuckle	4	125	chuckle	4	125	chuckle	4	127	chuckle	4	125	The	1	124
994	chunter	126	2	2	weak			chunter	2	126	chanter	1	126	chunter	2	128	chiinter	1	126	chtmter	1	125
995	church-ale	127	2	3				church-ale	3	127	church-ale	3	127	church-ale	3	129	cburch-ale	1	127	cnurcb-ale	1	126
996	church-work	128	2	5				church-work	5	128	church-work	5	128	church-work	5	130	church-work	5	130	church-work	5	127
997	chyle-bladder	129	2	5				chyle-bladder	5	129	chyle-bladder	5	129	chyle-bladder	5	131	chyle-bladder	5	131	chyle-bladder	5	128
998	Cicadaria	130	2	4				Cicadaria	4	130	Cicadaria	4	130	Cicadaria	4	132	of	1	132	Cicadaria	4	129
999	Cicindela	131	2	2	weak			Tiger-	1	131	Cicindela	2	131	Cicindela	2	133	Ciciiidf'a	1	133	Cictndela	1	130
1000	Cidaris	132	2	3				Cidaris	3	132	Ci'iiarts	1	132	Cidaris	3	134	cidaris	1	134	Cidaris	3	131
1001	Cilician	133	2	4				Cilician	4	133	Ciliciau	1	133	Cilician	4	135	Cilician	4	135	Cilician	4	132
1002	cimolia	134	2	5				cimolia	5	134	cimolia	5	134	cimolia	5	136	cimolia	5	136	cimolia	5	133
1003	cinctoplanular	135	2	3				cinctoplanular	3	135	cinctoplanular	3	135	cinctoplanular	3	137	nlnctoplanular	1	137	cmctoplanular	1	134
1004	cingle	136	2	5				cingle	5	136	cingle	5	136	cingle	5	138	cingle	5	138	cingle	5	135
1005	cinque	137	2	5				cinque	5	137	cinque	5	137	cinque	5	139	cinque	5	139	cinque	5	136
1006	cipherer	138	2	5				cipherer	5	138	cipherer	5	138	cipherer	5	140	cipherer	5	140	cipherer	5	137
1007	circle	139	2	5				circle	5	139	circle	5	139	circle	5	141	circle	5	141	circle	5	138
1008	circuit	140	2	5				circuit	5	140	circuit	5	140	circuit	5	142	circuit	5	142	circuit	5	139
1009	circular	141	2	4				circular	4	141	circular	4	141	circular	4	143	circular	4	143	senter	1	140
1010	circum-	142	2	2	weak			circum-	2	142	in	1	142	drcum-	1	144	circum-	2	144	circTim-	1	141
1011	circumference	143	2	4				circumference	4	143	circumference	4	143	circumference	4	145	I	1	145	circumference	4	142
1012	circumlition	144	2	4				circumlltion	1	144	circumlition	4	144	circumlition	4	146	circumlition	4	148	circumlition	4	143
1013	circumscribed	145	2	5				circumscribed	5	145	circumscribed	5	145	circumscribed	5	147	circumscribed	5	149	circumscribed	5	144
1014	circumstantiable	146	2	4				circumstantiable	4	146	circiimstantiable	1	146	circumstantiable	4	148	circumstantiable	4	150	circumstantiable	4	145
1015	circus	147	2	4				circus	4	147	t	1	147	circus	4	149	circus	4	151	circus	4	146
1016	Branch	148	2	4				Branch	4	148	Branch	4	148	Branch	4	150	Cirroteuthis	1	152	Branch	4	147
1017	cist	149	2	4				cist	4	149	Cist	1	149	cist	4	151	cist	4	153	cist	4	148
1018	cital	150	2	5				cital	5	150	cital	5	150	cital	5	152	cital	5	154	cital	5	149
1019	citizen	151	2	5				citizen	5	151	citizen	5	151	citizen	5	153	citizen	5	155	citizen	5	150
1020	city	152	2	5				city	5	152	city	5	152	city	5	154	city	5	156	city	5	151
1021	civilian	153	2	5				civilian	5	153	civilian	5	153	civilian	5	155	civilian	5	157	civilian	5	152
1022	Preterit	154	2	4				Preterit	4	154	Preterit	4	154	clack-door	1	156	Preterit	4	158	Preterit	4	153
1023	claim	155	2	4				claim	4	155	claim	4	155	claim	4	157	claim	4	159	Claim	1	154
1024	clam	156	2	5				clam	5	156	clam	5	156	clam	5	158	clam	5	160	clam	5	155
1025	clamor	157	2	5				clamor	5	157	clamor	5	157	clamor	5	159	clamor	5	161	clamor	5	156
1026	clandestinity	158	2	4				clandestinity	4	158	clandestinity	4	158	clandestinlty	1	160	clandestinity	4	162	clandestinity	4	157
1027	clap	159	2	4				clap	4	159	clap	4	159	clap	4	161	A	1	163	clap	4	158
1028	claret	160	2	5				claret	5	160	claret	5	160	claret	5	162	claret	5	164	claret	5	159
1029	Clarkia	161	2	3				Olarkia	1	161	Clarkia	3	161	Clarkia	3	163	Clarkia	3	165	exploring	1	160
1030	class	162	2	5				class	5	162	class	5	162	class	5	164	class	5	166	class	5	161
1031	classificatory	163	2	4				classificatory	4	163	classiflcatory	1	163	classificatory	4	165	classificatory	4	167	classificatory	4	162
1032	claudicant	164	2	5				claudicant	5	164	claudicant	5	164	claudicant	5	166	claudicant	5	168	claudicant	5	163
1033	clave	165	2	3				clavotrapeziufl	1	165	clave	3	165	held	1	167	clave	3	169	clave	3	164
1034	clavotrapezius	166	2	2	tie			clavotrapezius	2	166	clavotrapezlus	2	166	clavotrapezlns	1	168	clavotrapezius	2	170	clavotrapezlus	2	165
1035	clay	167	2	5				clay	5	167	clay	5	167	clay	5	169	clay	5	171	clay	5	166
1036	clean	168	2	5				clean	5	168	clean	5	168	clean	5	170	clean	5	172	clean	5	167
1037	cleanse	169	2	5				cleanse	5	169	cleanse	5	169	cleanse	5	171	cleanse	5	173	cleanse	5	168
1038	clear	170	2	5				clear	5	170	clear	5	170	clear	5	172	clear	5	174	clear	5	169
1039	clearstarch	171	2	2	weak			Clearstory	1	171	Ca-	1	171	clearstarch	2	173	clearstarch	2	175	Apse	1	170
1040	cleddyo	172	2	5				cleddyo	5	172	cleddyo	5	172	cleddyo	5	174	cleddyo	5	176	cleddyo	5	171
1041	clench	173	2	2	weak			clench	2	173	clench	2	173	I	1	175	clencb	1	177	ciencn	1	172
1042	cleptomania	174	2	5				cleptomania	5	174	cleptomania	5	174	cleptomania	5	176	cleptomania	5	178	cleptomania	5	173
1043	clerk	175	2	5				clerk	5	175	clerk	5	175	clerk	5	177	clerk	5	179	clerk	5	174
1044	clever	176	2	5				clever	5	176	clever	5	176	clever	5	178	clever	5	180	clever	5	175
1045	client	177	2	5				client	5	177	client	5	177	client	5	179	client	5	181	client	5	176
1046	climate	178	2	5				climate	5	178	climate	5	178	climate	5	180	climate	5	182	climate	5	177
1047	clinant	179	2	5				clinant	5	179	clinant	5	179	clinant	5	181	clinant	5	183	clinant	5	178
1048	clinkum-clankum	180	2	2	weak			clinkum-clankum	2	180	cUnkiuu-clankuin	1	180	clinkum-claiikiuii	1	182	clinkum-clankum	2	184	clinkum-claiikuiii	1	179
1049		181	2	1	tie				1	181	clipi	1	181	clip	1	183	cUp	1	185	Clip	1	180
1050	Clisiocampa	182	2	5				Clisiocampa	5	182	Clisiocampa	5	182	Clisiocampa	5	184	Clisiocampa	5	186	Clisiocampa	5	181
1051	cloaca	183	2	4				cloaca	4	183	cloaca	4	183	genital	1	185	cloaca	4	187	cloaca	4	182
1052	clock-case	184	2	5				clock-case	5	184	clock-case	5	184	clock-case	5	186	clock-case	5	188	clock-case	5	183
1053	clog-almanac	185	2	5				clog-almanac	5	185	clog-almanac	5	185	clog-almanac	5	187	clog-almanac	5	189	clog-almanac	5	184
1054	close	186	2	5				close	5	186	close	5	186	close	5	188	close	5	190	close	5	185
1055	close	187	2	5				close	5	187	close	5	187	close	5	189	close	5	191	close	5	186
1056	Closterium	188	2	2	weak			Closteriuyn	1	188	Clostcriunt	1	188	Closterium	2	190	closb	1	192	Closterium	2	187
1057	cloth-breech	189	2	4				cloth-breech	4	189	cloth-breech	4	189	cloth-breech	4	191	cloth-breech	4	193	ciotn-Dreecn	1	188
1058	clotty	190	2	5				clotty	5	190	clotty	5	190	clotty	5	192	clotty	5	194	clotty	5	189
1059	cloudy	191	2	5				cloudy	5	191	cloudy	5	191	cloudy	5	193	cloudy	5	195	cloudy	5	190
1060	clove	192	2	5				clove	5	192	clove	5	192	clove	5	194	clove	5	196	clove	5	191
1061	cloy	193	2	4				cloy	4	193	cloy	4	193	I	1	195	cloy	4	197	cloy	4	192
1062	club-moss	194	2	5				club-moss	5	194	club-moss	5	194	club-moss	5	196	club-moss	5	198	club-moss	5	193
1063	clumsily	195	2	4				clumsily	4	195	clumsily	4	195	clnmsily	1	197	clumsily	4	199	clumsily	4	194
1064	clutch	196	2	4				clutch	4	196	clutcli	1	196	clutch	4	198	clutch	4	200	clutch	4	195
1065	Olytra	197	2	2	tie			Clytra	1	197	elytra	2	197	Olytra	2	199	elytra	2	201	Olytra	2	196
1066	coach	198	2	2	weak			coach	2	198	The	1	198	coadi	1	200	ad-	1	202	coach	2	197
1067	coagent	199	2	5				coagent	5	199	coagent	5	199	coagent	5	201	coagent	5	203	coagent	5	198
1068	coal-black	200	2	4				coal-black	4	200	separated	1	200	coal-black	4	202	coal-black	4	204	coal-black	4	199
1069	coal-plant	201	2	5				coal-plant	5	201	coal-plant	5	201	coal-plant	5	203	coal-plant	5	205	coal-plant	5	200
1070	coart	202	2	5				coart	5	202	coart	5	202	coart	5	204	coart	5	206	coart	5	201
1071	Coat	203	2	3				Coat	3	203	Coat	3	203	coat	2	205	Coat	3	207	coat	2	202
1072	cob	204	2	4				cob	4	204	cob	4	204	chief	1	206	cob	4	208	cob	4	203
1073	cobelligerent	205	2	5				cobelligerent	5	205	cobelligerent	5	205	cobelligerent	5	207	cobelligerent	5	209	cobelligerent	5	204
1074	cocainize	206	2	4				cocamize	1	206	cocainize	4	206	cocainize	4	208	cocainize	4	210	cocainize	4	205
1075	coccus	207	2	5				coccus	5	207	coccus	5	207	coccus	5	209	coccus	5	211	coccus	5	206
1076	Cochlearia	208	2	2	weak			Cochlearia	2	208	Cochlear	1	208	Cochlearia	2	210	Oochlearia	1	212	CocUearia	1	207
1077	cock	209	2	5				cock	5	209	cock	5	209	cock	5	211	cock	5	213	cock	5	208
1078	cockatrice	210	2	5				cockatrice	5	210	cockatrice	5	210	cockatrice	5	212	cockatrice	5	214	cockatrice	5	209
1079	cockhorse	211	2	5				cockhorse	5	211	cockhorse	5	211	cockhorse	5	213	cockhorse	5	215	cockhorse	5	210
1080	cockney	212	2	5				cockney	5	212	cockney	5	212	cockney	5	214	cockney	5	216	cockney	5	211
1081	cock-sure	213	2	5				cock-sure	5	213	cock-sure	5	213	cock-sure	5	215	cock-sure	5	217	cock-sure	5	212
1082	cocquer	214	2	4				cocquer	4	214	cocquer	4	214	cocaaer	1	216	cocquer	4	218	cocquer	4	213
1083	code	215	2	5				code	5	215	code	5	215	code	5	217	code	5	219	code	5	214
1084	codling	216	2	5				codling	5	216	codling	5	216	codling	5	218	codling	5	220	codling	5	215
1085	Coelacanthus	217	2	2	weak			Coelacanthus	2	217	Coelacantbus	1	217	Ooelacantlius	1	219	Ocelacanthus	1	221	Coelacanthus	2	216
1086	Section	218	2	2	tie			hol-	1	218	coelosperm	2	218	Section	2	220	coelosperm	2	222	Section	2	217
1087	coerce	219	2	5				coerce	5	219	coerce	5	219	coerce	5	221	coerce	5	223	coerce	5	218
1088	coextend	220	2	3				coextend	3	220	coeztend	2	220	coextend	3	222	coeztend	2	224	coextend	3	219
1089	coffer	221	2	4				coffer	4	221	coffer	4	221	coffer	4	223	coffer	4	225	cofi'er	1	220
1090	cogency	222	2	5				cogency	5	222	cogency	5	222	cogency	5	224	cogency	5	226	cogency	5	221
1091	cognition	223	2	5				cognition	5	223	cognition	5	223	cognition	5	225	cognition	5	227	cognition	5	222
1092	cognoscibility	224	2	4				cognoscibility	4	224	cognoscibility	4	224	cognoscibility	4	226	cognoBciblllty	1	228	cognoscibility	4	223
1093	cohesive	225	2	5				cohesive	5	225	cohesive	5	225	cohesive	5	227	cohesive	5	229	cohesive	5	224
1094	coil	226	2	3				coil	3	226	coil	3	226	coU	1	228	coll	1	230	coil	3	225
1095	coinheritance	227	2	4				coinheritance	4	227	coinheritance	4	227	coinheritance	4	229	coinheritance	4	231	cuuiueribcuice	1	226
1096	Oolaptes	228	2	2	weak			Cotaspis	1	228	Cohisfts	1	228	Oolaptes	2	230	Oolaptes	2	232	Colaspis	1	227
1097	cold	229	2	5				cold	5	229	cold	5	229	cold	5	231	cold	5	233	cold	5	228
1098	coleopterist	230	2	5				coleopterist	5	230	coleopterist	5	230	coleopterist	5	232	coleopterist	5	234	coleopterist	5	229
1099	and	231	2	1	tie			and	1	231	Coliomorphas	1	231	Coliomorphae	1	233	Coliomorphse	1	235	CoUomorplis	1	230
1100	collar-beam	232	2	4				collar-beam	4	232	r	1	232	collar-beam	4	234	collar-beam	4	236	collar-beam	4	231
1101	collation	233	2	5				collation	5	233	collation	5	233	collation	5	235	collation	5	237	collation	5	232
1102	collective	234	2	4				collective	4	234	collective	4	234	collective	4	236	coUective	1	238	collective	4	233
1103	collegian	235	2	5				collegian	5	235	collegian	5	235	collegian	5	237	collegian	5	239	collegian	5	234
1104	Collida	236	2	3				Collida	3	236	Collida	3	236	Oolllda	1	238	OolUda	1	240	Collida	3	235
1105	collish	237	2	5				collish	5	237	collish	5	237	collish	5	239	collish	5	241	collish	5	236
1106	coUop	238	2	4				coUop	4	238	coUop	4	238	coUop	4	240	collop	1	242	coUop	4	237
1107	collybist	239	2	4				collybist	4	239	collybist	4	239	coUybist	1	241	collybist	4	243	collybist	4	238
1108	colometry	240	2	5				colometry	5	240	colometry	5	240	colometry	5	242	colometry	5	244	colometry	5	239
1109	colonnaded	241	2	5				colonnaded	5	241	colonnaded	5	241	colonnaded	5	243	colonnaded	5	245	colonnaded	5	240
1110	color	242	2	5				color	5	242	color	5	242	color	5	244	color	5	246	color	5	241
1111	colorable	243	2	4				colorable	4	243	colorable	4	243	colorable	4	245	colorable	4	247	colora'ble	1	242
1112	colorman	244	2	5				colorman	5	244	colorman	5	244	colorman	5	246	colorman	5	248	colorman	5	243
1113	colpeurynter	245	2	5				colpeurynter	5	245	colpeurynter	5	245	colpeurynter	5	247	colpeurynter	5	249	colpeurynter	5	244
1114	Colubrinae	246	2	2	weak			Colubrinae	2	246	Colubrinx	1	246	Colnbrinse	1	248	Colubrinae	2	250	Colubrinse	1	245
1115	showing	247	2	2	weak			m	1	247	showing	2	247	showing	2	249	supported	1	251	columbo	1	246
1116	columnar	248	2	4				columnar	4	248	columnar	4	248	colmnnar	1	250	columnar	4	252	columnar	4	247
1117	comatous	249	2	4				comatous	4	249	comatous	4	249	comatous	4	251	comatous	4	253	comatouB	1	248
1118	combatively	250	2	5				combatively	5	250	combatively	5	250	combatively	5	252	combatively	5	254	combatively	5	249
1119	comburgess	251	2	3				comburgess	3	251	comburgess	3	251	comburgess	3	253	similar	1	255	combiirgess	1	250
1120	come	252	2	5				come	5	252	come	5	252	come	5	254	come	5	256	come	5	251
1121	come	253	2	5				come	5	253	come	5	253	come	5	255	come	5	257	come	5	252
1122	comely	254	2	5				comely	5	254	comely	5	254	comely	5	256	comely	5	258	comely	5	253
1123	comfort	255	2	5				comfort	5	255	comfort	5	255	comfort	5	257	comfort	5	259	comfort	5	254
1124	coming	256	2	4				coming	4	256	coming	4	256	coming	4	258	coming	4	260	conung	1	255
1125	command	257	2	5				command	5	257	command	5	257	command	5	259	command	5	261	command	5	256
1126	commaterial	258	2	3				commaterial	3	258	commaterial	3	258	conunaterial	1	260	cotnmaterial	1	262	commaterial	3	257
1127	commend	259	2	5				commend	5	259	commend	5	259	commend	5	261	commend	5	263	commend	5	258
1128	commensurate	260	2	5				commensurate	5	260	commensurate	5	260	commensurate	5	262	commensurate	5	264	commensurate	5	259
1129	commercialism	261	2	5				commercialism	5	261	commercialism	5	261	commercialism	5	263	commercialism	5	265	commercialism	5	260
1130	commissary-court	262	2	3				commissary-court	3	262	commissary	1	262	commissary-conrt	1	264	commissary-court	3	266	commissary-court	3	261
1131	commission-merchant	263	2	3				conuuission-meTchant	1	263	commission-merchant	3	263	commission-mercliaiit	1	265	commission-merchant	3	267	commission-merchant	3	262
1132	committent	264	2	4				committent	4	264	committent	4	264	committent	4	266	conimittent	1	268	committent	4	263
1133	commolition	265	2	4				commolition	4	265	commolition	4	265	commolition	4	267	commolltlon	1	269	commolition	4	264
1134	common	266	2	4				common	4	266	common	4	266	To	1	268	common	4	270	common	4	265
1135	commonness	267	2	4				commonness	4	267	commonness	4	267	commonness	4	269	commonness	4	271	commoimess	1	266
1136	commos	268	2	3				conuuos	1	268	commos	3	268	conunos	1	270	commos	3	272	commos	3	267
1137	communicate	269	2	5				communicate	5	269	communicate	5	269	communicate	5	271	communicate	5	273	communicate	5	268
1138	communion-cup	270	2	4				communion-cup	4	270	communion-cup	4	270	commimion-cup	1	272	communion-cup	4	274	communion-cup	4	269
1139	commutator	271	2	5				commutator	5	271	commutator	5	271	commutator	5	273	commutator	5	275	commutator	5	270
1140	companion	272	2	5				companion	5	272	companion	5	272	companion	5	274	companion	5	276	companion	5	271
1141	comparative	273	2	5				comparative	5	273	comparative	5	273	comparative	5	275	comparative	5	277	comparative	5	272
1142	compartimento	274	2	3				compart	2	274	compart	2	274	compartimento	3	276	compartimento	3	278	compartimento	3	273
1143	compass	275	2	5				compass	5	275	compass	5	275	compass	5	277	compass	5	279	compass	5	274
1144	compear	276	2	5				compear	5	276	compear	5	276	compear	5	278	compear	5	280	compear	5	275
1145	compensation	277	2	5				compensation	5	277	compensation	5	277	compensation	5	279	compensation	5	281	compensation	5	276
1146	competitory	278	2	5				competitory	5	278	competitory	5	278	competitory	5	280	competitory	5	282	competitory	5	277
1147	complaining	279	2	3				complaining	3	279	complaining	3	279	had	2	281	had	2	283	complaining	3	278
1148	complete	280	2	5				complete	5	280	complete	5	280	complete	5	282	complete	5	284	complete	5	279
1149	complezional	281	2	3				complezional	3	281	complezional	3	281	complexional	2	283	complezional	3	285	complexional	2	280
1150	compliment	282	2	5				compliment	5	282	compliment	5	282	compliment	5	284	compliment	5	286	compliment	5	281
1151	componend	283	2	5				componend	5	283	componend	5	283	componend	5	285	componend	5	287	componend	5	282
1152	composing-stick	284	2	5				composing-stick	5	284	composing-stick	5	284	composing-stick	5	286	composing-stick	5	288	composing-stick	5	283
1153	composition	285	2	5				composition	5	285	composition	5	285	composition	5	287	composition	5	289	composition	5	284
1154	compound	286	2	4				compound	4	286	compouBd	1	286	compound	4	288	compound	4	290	compound	4	285
1155	comprehensible	287	2	5				comprehensible	5	287	comprehensible	5	287	comprehensible	5	289	comprehensible	5	291	comprehensible	5	286
1156	compressor	288	2	5				compressor	5	288	compressor	5	288	compressor	5	290	compressor	5	292	compressor	5	287
1157	Compsothlypis	289	2	5				Compsothlypis	5	289	Compsothlypis	5	289	Compsothlypis	5	291	Compsothlypis	5	293	Compsothlypis	5	288
1158	compurgatory	290	2	4				compurgatory	4	290	compurgatory	4	290	com	1	292	compurgatory	4	294	compurgatory	4	289
1159	conable	291	2	4				conable	4	291	hrio	1	291	conable	4	293	conable	4	295	conable	4	290
1160	conceal	292	2	5				conceal	5	292	conceal	5	292	conceal	5	294	conceal	5	296	conceal	5	291
1161	conceitedly	293	2	5				conceitedly	5	293	conceitedly	5	293	conceitedly	5	295	conceitedly	5	297	conceitedly	5	292
1162	concentrated	294	2	5				concentrated	5	294	concentrated	5	294	concentrated	5	296	concentrated	5	298	concentrated	5	293
1163	conceptional	295	2	5				conceptional	5	295	conceptional	5	295	conceptional	5	297	conceptional	5	299	conceptional	5	294
1164	concert	296	2	5				concert	5	296	concert	5	296	concert	5	298	concert	5	300	concert	5	295
1165	concha	297	2	5				concha	5	297	concha	5	297	concha	5	299	concha	5	301	concha	5	296
1166	conciergerie	298	2	3				conciergerie	3	298	conciergene	2	298	conciergerie	3	300	conciergene	2	302	conciergerie	3	297
1167	concitato	299	2	5				concitato	5	299	concitato	5	299	concitato	5	301	concitato	5	303	concitato	5	298
1168	conclusive	300	2	5				conclusive	5	300	conclusive	5	300	conclusive	5	302	conclusive	5	304	conclusive	5	299
1169	concord	301	2	5				concord	5	301	concord	5	301	concord	5	303	concord	5	305	concord	5	300
1170	concremation	302	2	5				concremation	5	302	concremation	5	302	concremation	5	304	concremation	5	306	concremation	5	301
1171	concubinage	303	2	5				concubinage	5	303	concubinage	5	303	concubinage	5	305	concubinage	5	307	concubinage	5	302
1172	concurrent	304	2	5				concurrent	5	304	concurrent	5	304	concurrent	5	306	concurrent	5	308	concurrent	5	303
1173	condemned	305	2	4				condemned	4	305	condemned	4	305	condemned	4	307	condemned	4	309	condenmed	1	304
1174	condescendency	306	2	5				condescendency	5	306	condescendency	5	306	condescendency	5	308	condescendency	5	310	condescendency	5	305
1175	condition	307	2	5				condition	5	307	condition	5	307	condition	5	309	condition	5	311	condition	5	306
1176	condole	308	2	5				condole	5	308	condole	5	308	condole	5	310	condole	5	312	condole	5	307
1177	conduct	309	2	4				conduct	4	309	conduct	4	309	condnct	1	311	conduct	4	313	conduct	4	308
1178	conductus	310	2	2	tie			conductus	2	310	conduct	2	310	conductos	1	312	conduct	2	314	conductus	2	309
1179	cone	311	2	5				cone	5	311	cone	5	311	cone	5	313	cone	5	315	cone	5	310
1180	confect	312	2	4				confect	4	312	A	1	312	confect	4	314	confect	4	316	confect	4	311
1181	confederate	313	2	5				confederate	5	313	confederate	5	313	confederate	5	315	confederate	5	317	confederate	5	312
1182	confess	314	2	5				confess	5	314	confess	5	314	confess	5	316	confess	5	318	confess	5	313
1183	confessionary	315	2	4				confessionary	4	315	confessionary	4	315	confessionary	4	317	confessionary	4	319	confesBionary	1	314
1184	confidentiality	316	2	5				confidentiality	5	316	confidentiality	5	316	confidentiality	5	318	confidentiality	5	320	confidentiality	5	315
1185	confirmable	317	2	3				conflrmable	2	317	confirmable	3	317	confirmable	3	319	conflrmable	2	321	confirmable	3	316
1186	conflagrate	318	2	5				conflagrate	5	318	conflagrate	5	318	conflagrate	5	320	conflagrate	5	322	conflagrate	5	317
1187	conform	319	2	5				conform	5	319	conform	5	319	conform	5	321	conform	5	323	conform	5	318
1188	confounded	320	2	4				confounded	4	320	confounded	4	320	confonnded	1	322	confounded	4	324	confounded	4	319
1189	confused	321	2	5				confused	5	321	confused	5	321	confused	5	323	confused	5	325	confused	5	320
1190	congee	322	2	5				congee	5	322	congee	5	322	congee	5	324	congee	5	328	congee	5	321
1191	congeriate	323	2	3				congeriate	3	323	congeriate	3	323	congerlate	2	325	congerlate	2	329	congeriate	3	322
1192	conglutinate	324	2	3				conglutinate	3	324	conglutinate	3	324	conglatinate	1	326	conglutinate	3	330	conglutlnate	1	323
1193	congregation	325	2	5				congregation	5	325	congregation	5	325	congregation	5	327	congregation	5	331	congregation	5	324
1194	Congrogadus	326	2	4				Congrogadus	4	326	CongTOgadus	1	326	Congrogadus	4	328	Congrogadus	4	332	Congrogadus	4	325
1195	conicity	327	2	5				conicity	5	327	conicity	5	327	conicity	5	329	conicity	5	333	conicity	5	326
1196	conjecture	328	2	5				conjecture	5	328	conjecture	5	328	conjecture	5	330	conjecture	5	334	conjecture	5	327
1197	conjugate	329	2	4				conjugate	4	329	conjugate	4	329	conjugate	4	331	conjQgate	1	335	conjugate	4	328
1198	conjuncture	330	2	4				conjuncture	4	330	conjuncture	4	330	conjuncture	4	332	conjuncture	4	336	coDjuncture	1	329
1199	connaturality	331	2	5				connaturality	5	331	connaturality	5	331	connaturality	5	333	connaturality	5	337	connaturality	5	330
1200	connive	332	2	4				connive	4	332	if	1	332	connive	4	334	connive	4	338	connive	4	331
1201	Conocephalus	333	2	3				Oonocephalus	1	333	Conocephalus	3	333	Conocephalus	3	335	Conocephalas	1	339	Conocephalus	3	332
1202	conquer	334	2	4				conquer	4	334	conqtier	1	334	conquer	4	336	conquer	4	340	conquer	4	333
1203	conscience	335	2	5				conscience	5	335	conscience	5	335	conscience	5	337	conscience	5	341	conscience	5	334
1204	consciovuHiess	336	2	1	tie			consciovuHiess	1	336	conscionsness	1	336	consdonsness	1	338	conscicmsness	1	342	consciousness	1	335
1205	consecutive	337	2	5				consecutive	5	337	consecutive	5	337	consecutive	5	339	consecutive	5	343	consecutive	5	336
1206	consequence	338	2	5				consequence	5	338	consequence	5	338	consequence	5	340	consequence	5	344	consequence	5	337
1207	conservative	339	2	5				conservative	5	339	conservative	5	339	conservative	5	341	conservative	5	345	conservative	5	338
1208	considerable	340	2	5				considerable	5	340	considerable	5	340	considerable	5	342	considerable	5	346	considerable	5	339
1209	consignation	341	2	5				consignation	5	341	consignation	5	341	consignation	5	343	consignation	5	347	consignation	5	340
1210	consistorial	342	2	5				consistorial	5	342	consistorial	5	342	consistorial	5	344	consistorial	5	348	consistorial	5	341
1211	console-table	343	2	5				console-table	5	343	console-table	5	343	console-table	5	345	console-table	5	349	console-table	5	342
1212	consonantic	344	2	5				consonantic	5	344	consonantic	5	344	consonantic	5	346	consonantic	5	350	consonantic	5	343
1213	conspicuity	345	2	5				conspicuity	5	345	conspicuity	5	345	conspicuity	5	347	conspicuity	5	351	conspicuity	5	344
1214	constablewick	346	2	5				constablewick	5	346	constablewick	5	346	constablewick	5	348	constablewick	5	352	constablewick	5	345
1215	constellation	347	2	5				constellation	5	347	constellation	5	347	constellation	5	349	constellation	5	353	constellation	5	346
1216	constitution	348	2	5				constitution	5	348	constitution	5	348	constitution	5	350	constitution	5	354	constitution	5	347
1217	constitutive	349	2	5				constitutive	5	349	constitutive	5	349	constitutive	5	351	constitutive	5	355	constitutive	5	348
1218	construction	350	2	4				construction	4	350	construction	4	350	construction	4	352	constniction	1	356	construction	4	349
1219	consubstantiation	351	2	2	weak			consubstantiation	2	351	consubstantiation	2	351	consubstantlation	1	353	consubstantiatlon	1	357	consubstantlatlon	1	350
1220	consulter	352	2	4				consulter	4	352	consulter	4	352	consolter	1	354	consulter	4	358	consulter	4	351
1221	consumptive	353	2	5				consumptive	5	353	consumptive	5	353	consumptive	5	355	consumptive	5	359	consumptive	5	352
1222	contain	354	2	5				contain	5	354	contain	5	354	contain	5	356	contain	5	360	contain	5	353
1223	contemplate	355	2	5				contemplate	5	355	contemplate	5	355	contemplate	5	357	contemplate	5	361	contemplate	5	354
1224	contempt	356	2	5				contempt	5	356	contempt	5	356	contempt	5	358	contempt	5	362	contempt	5	355
1225	content	357	2	5				content	5	357	content	5	357	content	5	359	content	5	363	content	5	356
1226	conterminant	358	2	5				conterminant	5	358	conterminant	5	358	conterminant	5	360	conterminant	5	364	conterminant	5	357
1227	contexture	359	2	5				contexture	5	359	contexture	5	359	contexture	5	361	contexture	5	365	contexture	5	358
1228	contmge	360	2	3				continge	2	360	contmge	3	360	contmge	3	362	continge	2	366	contmge	3	359
1229	continuation	361	2	5				continuation	5	361	continuation	5	361	continuation	5	363	continuation	5	367	continuation	5	360
1230	continuous	362	2	4				continuous	4	362	continuous	4	362	continnons	1	364	continuous	4	368	continuous	4	361
1231	contraband	363	2	5				contraband	5	363	contraband	5	363	contraband	5	365	contraband	5	369	contraband	5	362
1232	contract	364	2	5				contract	5	364	contract	5	364	contract	5	366	contract	5	370	contract	5	363
1233	contracture	365	2	5				contracture	5	365	contracture	5	365	contracture	5	367	contracture	5	371	contracture	5	364
1234	contragredient	366	2	5				contragredient	5	366	contragredient	5	366	contragredient	5	368	contragredient	5	372	contragredient	5	365
1235	contrarious	367	2	5				contrarious	5	367	contrarious	5	367	contrarious	5	369	contrarious	5	373	contrarious	5	366
1236	contravene	368	2	5				contravene	5	368	contravene	5	368	contravene	5	370	contravene	5	374	contravene	5	367
1237	contristate	369	2	5				contristate	5	369	contristate	5	369	contristate	5	371	contristate	5	375	contristate	5	368
1238	controller	370	2	5				controller	5	370	controller	5	370	controller	5	372	controller	5	376	controller	5	369
1239	contumelious	371	2	5				contumelious	5	371	contumelious	5	371	contumelious	5	373	contumelious	5	377	contumelious	5	370
1240	convection	372	2	5				convection	5	372	convection	5	372	convection	5	374	convection	5	378	convection	5	371
1241	conventicle	373	2	5				conventicle	5	373	conventicle	5	373	conventicle	5	375	conventicle	5	379	conventicle	5	372
1242	conventual	374	2	5				conventual	5	374	conventual	5	374	conventual	5	376	conventual	5	380	conventual	5	373
1243	converse	375	2	5				converse	5	375	converse	5	375	converse	5	377	converse	5	381	converse	5	374
1244	convert	376	2	5				convert	5	376	convert	5	376	convert	5	378	convert	5	382	convert	5	375
1245	convey	377	2	5				convey	5	377	convey	5	377	convey	5	379	convey	5	383	convey	5	376
1246	conviction	378	2	4				conviction	4	378	conviction	4	378	conviction	4	380	conviction	4	384	convtctlon	1	377
1247	Convoluta	379	2	2	tie			Convoluta	2	379	Convoluta	2	379	Convolute	2	381	Co-	1	385	Convolute	2	378
1248	convulsionary	380	2	4				convTilsionary	1	380	convulsionary	4	380	convulsionary	4	382	convulsionary	4	386	convulsionary	4	379
1249	cook	381	2	5				cook	5	381	cook	5	381	cook	5	383	cook	5	387	cook	5	380
1250	coolness	382	2	5				coolness	5	382	coolness	5	382	coolness	5	384	coolness	5	388	coolness	5	381
1251	coopt	383	2	4				coopt	4	383	coopt	4	383	codpt	1	385	coopt	4	389	coopt	4	382
1252	coot	384	2	5				coot	5	384	coot	5	384	coot	5	386	coot	5	390	coot	5	383
1253	cope	385	2	5				cope	5	385	cope	5	385	cope	5	387	cope	5	391	cope	5	384
1254	coperon	386	2	4				coperon	4	386	coperon	4	386	coperon	4	388	coperoii	1	392	coperon	4	385
1255	copper	387	2	4				copper	4	387	copper	4	387	per-eolored	1	389	copper	4	393	copper	4	386
1256	Coppinia	388	2	5				Coppinia	5	388	Coppinia	5	388	Coppinia	5	390	Coppinia	5	394	Coppinia	5	387
1257	Coptocycla	389	2	5				Coptocycla	5	389	Coptocycla	5	389	Coptocycla	5	391	Coptocycla	5	395	Coptocycla	5	388
1258	copyhold	390	2	5				copyhold	5	390	copyhold	5	390	copyhold	5	392	copyhold	5	396	copyhold	5	389
1259	coracias	391	2	4				coracias	4	391	coracias	4	391	coracias	4	393	Common	1	397	coracias	4	390
1260	coral	392	2	5				coral	5	392	coral	5	392	coral	5	394	coral	5	398	coral	5	391
1261	Coralliophila	393	2	2	weak			Ooralllophila	1	393	Ooralliophila	1	393	Coralliophila	2	395	Coralliophila	2	399	OoralliopMla	1	392
1262	Castle	394	2	4				Castle	4	394	Castle	4	394	Castle	4	396	corbel	1	400	Castle	4	393
1263	cordage	395	2	4				cordage	4	395	cordage	4	395	cordage	4	397	cordage	4	401	Cordate	1	394
1264	-Old	396	2	2	weak			Old	1	396	cordite	1	396	uKi	1	398	-Old	2	402	-Old	2	395
1265	core	397	2	4				core	4	397	core	4	397	core	4	399	core	4	403	with	1	396
1266	coreplastic	398	2	5				coreplastic	5	398	coreplastic	5	398	coreplastic	5	400	coreplastic	5	404	coreplastic	5	397
1267	Corinthian	399	2	3				Corinthian	3	399	Corinthian	3	399	Oorinthian	1	401	Oorlnthian	1	405	Corinthian	3	398
1268	corm	400	2	5				corm	5	400	corm	5	400	corm	5	402	corm	5	406	corm	5	399
1269	corn-ball	401	2	5				corn-ball	5	401	corn-ball	5	401	corn-ball	5	403	corn-ball	5	407	corn-ball	5	400
1270	cornered	402	2	4				cornered	4	402	cornered	4	402	Cornered	1	404	cornered	4	408	cornered	4	401
1271	cornice-plane	403	2	3				cornice-plane	3	403	comice-plane	1	403	comlce-plane	1	405	cornice-plane	3	409	cornice-plane	3	402
1272	corn-salad	404	2	5				corn-salad	5	404	corn-salad	5	404	corn-salad	5	406	corn-salad	5	410	corn-salad	5	403
1273	corolla	405	2	5				corolla	5	405	corolla	5	405	corolla	5	407	corolla	5	411	corolla	5	404
1274	coronary	406	2	4				coronary	4	406	coronary	4	406	coronary	4	408	n	1	412	coronary	4	405
1275	Coronulidae	407	2	2	weak			Coronulidse	1	407	Coronulidae	2	407	Coronulidae	2	409	Ooronulids	1	413	Coronulids	1	406
1276	corporative	408	2	5				corporative	5	408	corporative	5	408	corporative	5	410	corporative	5	414	corporative	5	407
1277	corpse-sheet	409	2	5				corpse-sheet	5	409	corpse-sheet	5	409	corpse-sheet	5	411	corpse-sheet	5	415	corpse-sheet	5	408
1278	corradial	410	2	4				corradial	4	410	rnlfridfip	1	410	corradial	4	412	corradial	4	416	corradial	4	409
1279	corrective	411	2	5				corrective	5	411	corrective	5	411	corrective	5	413	corrective	5	417	corrective	5	410
1280	correspond	412	2	5				correspond	5	412	correspond	5	412	correspond	5	414	correspond	5	418	correspond	5	411
1281	corrivate	413	2	4				corrivate	4	413	corrivate	4	413	corrivato	1	415	corrivate	4	419	corrivate	4	412
1282	corroval	414	2	4				corroval	4	414		1	414	corroval	4	416	corroval	4	420	corroval	4	413
1283	corruptionist	415	2	4				corruptionist	4	415	corruptionist	4	415	corraptionist	1	417	corruptionist	4	421	corruptionist	4	414
1284	corsive	416	2	4				corslve	1	416	corsive	4	416	corsive	4	418	corsive	4	422	corsive	4	415
1285	coruscation	417	2	5				coruscation	5	417	coruscation	5	417	coruscation	5	419	coruscation	5	423	coruscation	5	416
1286	Corylus	418	2	3				Corymb	2	418	Corylus	3	418	Corylus	3	420	Corylus	3	424	Corymb	2	417
1287	Oorystidse	419	2	1	tie			Oorystidse	1	419	Corystidae	1	419	Oorystidae	1	421	Dominican	1	425	Corystes	1	418
1288	cosmetic	420	2	5				cosmetic	5	420	cosmetic	5	420	cosmetic	5	422	cosmetic	5	426	cosmetic	5	419
1289	cosmology	421	2	5				cosmology	5	421	cosmology	5	421	cosmology	5	423	cosmology	5	427	cosmology	5	420
1290	Cossus	422	2	2	weak			Oossus	1	422	Cossus	2	422	Oossns	1	424	COBBUS	1	428	Cossus	2	421
1291	cost-book	423	2	5				cost-book	5	423	cost-book	5	423	cost-book	5	425	cost-book	5	429	cost-book	5	422
1292	costoxiphoid	424	2	3				costoziphoid	2	424	costoziphoid	2	424	costoxiphoid	3	426	costoxiphoid	3	430	costoxiphoid	3	423
1293	cotelaine	425	2	3				cotelaine	3	425	cotelaine	3	425	cotelaine	3	427	cdtelaine	2	431	cdtelaine	2	424
1294	cotset	426	2	5				cotset	5	426	cotset	5	426	cotset	5	428	cotset	5	432	cotset	5	425
1295	cotton	427	2	5				cotton	5	427	cotton	5	427	cotton	5	429	cotton	5	433	cotton	5	426
1296	cotton-waste	428	2	5				cotton-waste	5	428	cotton-waste	5	428	cotton-waste	5	430	cotton-waste	5	434	cotton-waste	5	427
1297	cotylophorous	429	2	4				cotylophorous	4	429	cotylophorous	4	429	cotylophorons	1	431	cotylophorous	4	435	cotylophorous	4	428
1298	couching	430	2	4				couching	4	430	coucliiiig	1	430	couching	4	432	couching	4	436	couching	4	429
1299	council	431	2	5				council	5	431	council	5	431	council	5	433	council	5	437	council	5	430
1300	counsel	432	2	4				coimsel	1	432	counsel	4	432	counsel	4	434	counsel	4	438	counsel	4	431
1301	count	433	2	5				count	5	433	count	5	433	count	5	435	count	5	439	count	5	432
1302	Frame	434	2	4				Frame	4	434	Frame	4	434	Frame	4	436	Frame	4	440	counter	1	433
1303	a	435	2	4				a	4	435	a	4	435	a	4	437	a	4	441	counter-clockwise	1	434
1304	counterfort	436	2	4				counterfort	4	436	To	1	436	counterfort	4	438	counterfort	4	442	counterfort	4	435
1305	counterpane	437	2	4				counterpane	4	437	counterpane	4	437	counterpane	4	439	counterpane	4	443	coTmterpane	1	436
1306	counter-raguled	438	2	3				counter-ragnled	1	438	counter-raguled	3	438	connter-ragnled	1	440	counter-raguled	3	444	counter-raguled	3	437
1307	counter-trippant	439	2	4				counter-trlppant	1	439	counter-trippant	4	439	counter-trippant	4	441	counter-trippant	4	445	counter-trippant	4	438
1308	country-dance	440	2	5				country-dance	5	440	country-dance	5	440	country-dance	5	442	country-dance	5	446	country-dance	5	439
1309	A	441	2	4				A	4	441	A	4	441	A	4	443	A	4	447	coupe	1	440
1310	coupling	442	2	3				Disk	2	442	coupling	3	442	coupling	3	444	Disk	2	448	coupling	3	441
1311	courant	443	2	5				courant	5	443	courant	5	443	courant	5	445	courant	5	449	courant	5	442
1312	course	444	2	4				course	4	444	coTirse	1	444	course	4	446	course	4	450	course	4	443
1313	court	445	2	5				court	5	445	court	5	445	court	5	447	court	5	451	court	5	444
1314	courter	446	2	4				courter	4	446	courter	4	446	courter	4	448	conrter	1	452	courter	4	445
1315	court-rolls	447	2	5				court-rolls	5	447	court-rolls	5	447	court-rolls	5	449	court-rolls	5	453	court-rolls	5	446
1316	couvre-nuque	448	2	4				couvre-nuque	4	448	couvre-nuque	4	448	couvre-nuqne	1	450	couvre-nuque	4	454	couvre-nuque	4	447
1317	covenant	449	2	5				covenant	5	449	covenant	5	449	covenant	5	451	covenant	5	455	covenant	5	448
1318	cover	450	2	5				cover	5	450	cover	5	450	cover	5	452	cover	5	456	cover	5	449
1319	coverture	451	2	5				coverture	5	451	coverture	5	451	coverture	5	453	coverture	5	457	coverture	5	450
1320	coward	452	2	5				coward	5	452	coward	5	452	coward	5	454	coward	5	458	coward	5	451
1321	cowheard	453	2	5				cowheard	5	453	cowheard	5	453	cowheard	5	455	cowheard	5	459	cowheard	5	452
1322	cowslipped	454	2	3				cowslipped	3	454	cowslipped	3	454	of	1	456	cowslipped	3	460	cowsUpped	1	453
1323	coy	455	2	5				coy	5	455	coy	5	455	coy	5	457	coy	5	461	coy	5	454
1324	crab	456	2	4				crab	4	456	crab	4	456	crab	4	458	crab	4	462	as	1	455
1325	Cracidx	457	2	1	tie			Cracidx	1	457	Cracidae	1	457	CracidsB	1	459	Oracidffi	1	463	Cracidse	1	456
1326	cracker	458	2	5				cracker	5	458	cracker	5	458	cracker	5	460	cracker	5	464	cracker	5	457
1327	cradle	459	2	5				cradle	5	459	cradle	5	459	cradle	5	461	cradle	5	465	cradle	5	458
1328	craggy	460	2	5				craggy	5	460	craggy	5	460	craggy	5	462	craggy	5	466	craggy	5	459
1329	crammer	461	2	5				crammer	5	461	crammer	5	461	crammer	5	463	crammer	5	467	crammer	5	460
1330	To	462	2	2	weak			Oranchiidae	1	462	To	2	462	Cranchiidse	1	464	To	2	470	Cranchiids	1	461
1331	Craniidse	463	2	1	tie			Craniidse	1	463	Craniidae	1	463	Cranlldse	1	465	Granllda	1	471	Cranildse	1	462
1332	cranloscopy	464	2	3				cranioscopy	2	464	cranioscopy	2	464	cranloscopy	3	466	cranloscopy	3	472	cranloscopy	3	463
1333	crank	465	2	4				crank	4	465	crank	4	465	Cranked	1	467	crank	4	473	crank	4	464
1334	crape-clotb	466	2	2	tie			crape-clotb	2	466	crape-cloth	2	466	crape-cloth	2	468	crape-clotli	1	474	crape-clotb	2	465
1335	Crassipedia	467	2	4				Crassipedia	4	467	Crassipedia	4	467	Crassipedia	4	469	Crassipedia	4	475	Crassipedla	1	466
1336	cravat	468	2	5				cravat	5	468	cravat	5	468	cravat	5	470	cravat	5	476	cravat	5	467
1337	crayon	469	2	5				crayon	5	469	crayon	5	469	crayon	5	471	crayon	5	477	crayon	5	468
1338	cream	470	2	5				cream	5	470	cream	5	470	cream	5	472	cream	5	478	cream	5	469
1339	creat	471	2	4				creat	4	471	creat	4	471	Croat	1	473	creat	4	479	creat	4	470
1340	creaturely	472	2	4				creaturely	4	472	or	1	472	creaturely	4	474	creaturely	4	480	creaturely	4	471
1341	credit	473	2	5				credit	5	473	credit	5	473	credit	5	475	credit	5	481	credit	5	472
1342	credulity	474	2	5				credulity	5	474	credulity	5	474	credulity	5	476	credulity	5	482	credulity	5	473
1343	creeper	475	2	5				creeper	5	475	creeper	5	475	creeper	5	477	creeper	5	483	creeper	5	474
1344	cremor	476	2	2	tie			Crenale	1	476	Crenate	2	476	cremor	2	478	Crenate	2	484	cremor	2	475
1345	creosote	477	2	5				creosote	5	477	creosote	5	477	creosote	5	479	creosote	5	485	creosote	5	476
1346	Heraldic	478	2	4				Heraldic	4	478	Heraldic	4	478	Heraldic	4	480	Cres-	1	486	Heraldic	4	477
1347	crest	479	2	2	tie			crest	2	479	crest	2	479	A	2	481	ft	1	487	A	2	478
1348	crevassed	480	2	3				crevassed	3	480	crevassed	3	480	Now	1	482	crerassed	1	488	crevassed	3	479
1349	cribble	481	2	5				cribble	5	481	cribble	5	481	cribble	5	483	cribble	5	489	cribble	5	480
1350	cricket-bird	482	2	5				cricket-bird	5	482	cricket-bird	5	482	cricket-bird	5	484	cricket-bird	5	490	cricket-bird	5	481
1351	criminal	483	2	4				criminal	4	483	crimiBal	1	483	criminal	4	485	criminal	4	491	criminal	4	482
1352	crinal	484	2	5				crinal	5	484	crinal	5	484	crinal	5	486	crinal	5	492	crinal	5	483
1353	crinoline	485	2	4				crinoline	4	485	crinoline	4	485	crlnoUne	1	487	crinoline	4	493	crinoline	4	484
1354	crisp	486	2	3				crisp	3	486	cnsp	2	486	crisp	3	488	crisp	3	494	cnsp	2	485
1355	critic	487	2	4				critic	4	487	and	1	487	critic	4	489	critic	4	495	critic	4	486
1356	croak	488	2	5				croak	5	488	croak	5	488	croak	5	490	croak	5	496	croak	5	487
1357	crocket	489	2	5				crocket	5	489	crocket	5	489	crocket	5	491	crocket	5	497	crocket	5	488
1358	croft	490	2	4				croft	4	490	croft	4	490	croft	4	492	crofk	1	498	croft	4	489
1359	crook	491	2	5				crook	5	491	crook	5	491	crook	5	493	crook	5	499	crook	5	490
1360	crop	492	2	5				crop	5	492	crop	5	492	crop	5	494	crop	5	500	crop	5	491
1361	croquette	493	2	3				croquette	3	493	croquette	3	493	k	1	495	croquette	3	501	crooLuette	1	492
1362	cross	494	2	5				cross	5	494	cross	5	494	cross	5	496	cross	5	502	cross	5	493
1363	cross	495	2	5				cross	5	495	cross	5	495	cross	5	497	cross	5	503	cross	5	494
1364	cross-cut	496	2	4				cross-cut	4	496	cross-cut	4	496	is	1	498	cross-cut	4	504	cross-cut	4	495
1365	cross-lode	497	2	3				cross-lode	3	497	amonp	1	497	cross-lode	3	499	I	1	505	cross-lode	3	496
1366	cross-valve	498	2	4				cross-valve	4	498	cross-valve	4	498	cross-valve	4	500	cross-	1	506	cross-valve	4	497
1367	crotchety	499	2	4				crotchety	4	499	crotchety	4	499	crotchety	4	501	crotchety	4	507	crotcliety	1	498
1368	crouse	500	2	3				cTonse	1	500	crouse	3	500	cronse	1	502	crouse	3	508	crouse	3	499
1369	crowd	501	2	5				crowd	5	501	crowd	5	501	crowd	5	503	crowd	5	509	crowd	5	500
1370	crown	502	2	5				crown	5	502	crown	5	502	crown	5	504	crown	5	510	crown	5	501
1371	crownation	503	2	5				crownation	5	503	crownation	5	503	crownation	5	505	crownation	5	511	crownation	5	502
1372	from	504	2	1	tie			from	1	504	To	1	504	croze	1	506	cToze	1	512	Coopers'	1	503
1373	cruciferous	505	2	2	tie			Bronze	1	505	decorated	2	505	cruciferous	2	507	decorated	2	513	cruciferous	2	504
1374	cruel	506	2	4				cruel	4	506	cruel	4	506	crael	1	508	cruel	4	514	cruel	4	505
1375	crummy	507	2	2	weak			crummy	2	507	crummy	2	507	cnuniny	1	509	To	1	515	cnunmy	1	506
1376	cms	508	2	4				cms	4	508	cms	4	508	crns	1	510	cms	4	516	cms	4	507
1377	crusoile	509	2	3				cmsoile	2	509	crusoile	3	509	cmsoile	2	511	crusoile	3	517	crusoile	3	508
1378	crutch	510	2	2	weak			crutch	2	510	The	1	510	cmtch	1	512	crutcli	1	518	crutch	2	509
1379	cry	511	2	5				cry	5	511	cry	5	511	cry	5	513	cry	5	519	cry	5	510
1380	Cryptobranchus	512	2	3				Cryptobranchus	3	512	Cryptobranchus	3	512	Cryptobranchus	3	514	Oryptobranchus	1	520	Cryptobranclius	1	511
1381	Cryptonemieae	513	2	1	tie			Cryptonemieae	1	513	Cryptonemiese	1	513	Oryptonemleae	1	515	Oryptonemieae	1	521	Cryptonemieee	1	512
1382	Orypturus	514	2	2	weak			Orypturus	2	514	Crypturus	1	514	Oryptnnts	1	516	Orypturus	2	522	Oryptunis	1	513
1383	crystallize	515	2	5				crystallize	5	515	crystallize	5	515	crystallize	5	517	crystallize	5	523	crystallize	5	514
1384	Ctenodactylus	516	2	5				Ctenodactylus	5	516	Ctenodactylus	5	516	Ctenodactylus	5	518	Ctenodactylus	5	524	Ctenodactylus	5	515
1385	cub	517	2	3				cnb	2	517	cub	3	517	cnb	2	519	cub	3	525	cub	3	516
1386	cubicular	518	2	4				cubicular	4	518	cubicular	4	518	cubicnlar	1	520	cubicular	4	526	cubicular	4	517
1387	cucking-stool	519	2	5				cucking-stool	5	519	cucking-stool	5	519	cucking-stool	5	521	cucking-stool	5	527	cucking-stool	5	518
1388	Cucujus	520	2	4				Cucujus	4	520	Cucujus	4	520	Oucujos	1	522	Cucujus	4	528	Cucujus	4	519
1389	cud	521	2	3				cud	3	521	cud	3	521	Cudbear-plant	2	523	cud	3	529	Cudbear-plant	2	520
1390	cuerpo	522	2	4				cuerpo	4	522	cuerpo	4	522	cnerpo	1	524	cuerpo	4	530	cuerpo	4	521
1391	cul-de-lampe	523	2	5				cul-de-lampe	5	523	cul-de-lampe	5	523	cul-de-lampe	5	525	cul-de-lampe	5	531	cul-de-lampe	5	522
1392	cnlmen	524	2	2	tie			cnlmen	2	524	culmen	2	524	cnlmen	2	526	culmen	2	532	men	1	523
1393	cultivate	525	2	4				cultivate	4	525	cultivate	4	525	cultivate	4	527	caltivate	1	533	cultivate	4	524
1394	cultured	526	2	4				cultured	4	526	cultured	4	526	Falcon	1	528	cultured	4	534	cultured	4	525
1395	cumber	527	2	5				cumber	5	527	cumber	5	527	cumber	5	529	cumber	5	535	cumber	5	526
1396	cumulative	528	2	2	tie			cumulative	2	528	cumulative	2	528	cumulatiTe	2	530	cuniculus	1	536	cumulatiTe	2	527
1397	cuniculus	529	2	4				cuniculus	4	529	cuniculus	4	529	CTinlculus	1	531	cuniculus	4	537	cuniculus	4	528
1398	cup	530	2	4				cup	4	530	cup	4	530	cnp	1	532	cup	4	538	cup	4	529
1399	Cuphea	531	2	4				Cuphea	4	531	Cuphea	4	531	Cuphea	4	533	Ouphea	1	539	Cuphea	4	530
1400	Cone	532	2	4				Cone	4	532	Cone	4	532	Cone	4	534	Oupressus	1	540	Cone	4	531
1401	curate	533	2	5				curate	5	533	curate	5	533	curate	5	535	curate	5	541	curate	5	532
1402	Curculionidae	534	2	2	weak			Curculionidae	2	534	Curculionids	1	534	OiircTilionldse	1	536	Oiirculionidae	1	542	Curculionidae	2	533
1403	cnria	535	2	2	tie			cnria	2	535	curia	2	535	cnria	2	537	curia	2	543	cuna	1	534
1404	curl	536	2	4				curl	4	536	cnrl	1	536	curl	4	538	curl	4	544	curl	4	535
1405	currant	537	2	5				currant	5	537	currant	5	537	currant	5	539	currant	5	545	currant	5	536
1406	current	538	2	3				current	3	538	cnirent	1	538	cnrrent	1	540	current	3	546	current	3	537
1407	curry-favel	539	2	5				curry-favel	5	539	curry-favel	5	539	curry-favel	5	541	curry-favel	5	547	curry-favel	5	538
1408	cursively	540	2	5				cursively	5	540	cursively	5	540	cursively	5	542	cursively	5	548	cursively	5	539
1409	curtain	541	2	4				curtain	4	541	cnrtain	1	541	curtain	4	543	curtain	4	549	curtain	4	540
1410	curvature	542	2	5				curvature	5	542	curvature	5	542	curvature	5	544	curvature	5	550	curvature	5	541
1411	curvlserial	543	2	2	weak			curvlserial	2	543	curviserial	1	543	curvlserial	2	545	cnrTlserial	1	551	currlserial	1	542
1412	cusp	544	2	4				cusp	4	544	cusp	4	544	ctup	1	546	cusp	4	552	cusp	4	543
1413	custom	545	2	3				custom	3	545	I	1	545	llic	1	547	custom	3	553	custom	3	544
1414	customs-duty	546	2	5				customs-duty	5	546	customs-duty	5	546	customs-duty	5	548	customs-duty	5	554	customs-duty	5	545
1415	cut	547	2	5				cut	5	547	cut	5	547	cut	5	549	cut	5	555	cut	5	546
1416	cut-against	548	2	4				cut-against	4	548	cut-against	4	548	cnt-against	1	550	cut-against	4	556	cut-against	4	547
1417	Cutleria	549	2	5				Cutleria	5	549	Cutleria	5	549	Cutleria	5	551	Cutleria	5	557	Cutleria	5	548
1418	cutting	550	2	5				cutting	5	550	cutting	5	550	cutting	5	552	cutting	5	558	cutting	5	549
1419	cutweed	551	2	5				cutweed	5	551	cutweed	5	551	cutweed	5	553	cutweed	5	559	cutweed	5	550
1420	Cyanocitta	552	2	5				Cyanocitta	5	552	Cyanocitta	5	552	Cyanocitta	5	554	Cyanocitta	5	560	Cyanocitta	5	551
1421	Oybele	553	2	4				Oybele	4	553	Oybele	4	553	Oybele	4	555	Oybele	4	561	Cybele	1	552
1422	cycle	554	2	4				cycle	4	554	cycle	4	554	cyclo	1	556	cycle	4	562	cycle	4	553
1423	The	555	2	2	weak			Cyclodus	1	555	giffos	1	555	The	2	557	Oyclodus	1	563	The	2	554
1424	cyclopedic	556	2	5				cyclopedic	5	556	cyclopedic	5	556	cyclopedic	5	558	cyclopedic	5	564	cyclopedic	5	555
1425	cyclostome	557	2	3				Cyclostotna	1	557	cyclostome	3	557	cyclostome	3	559	Cyclostoma	1	565	cyclostome	3	556
1426	Cygnus	558	2	4				Cygnus	4	558	Cygnus	4	558	Cygnus	4	560	have	1	566	Cygnus	4	557
1427	cylindricule	559	2	5				cylindricule	5	559	cylindricule	5	559	cylindricule	5	561	cylindricule	5	567	cylindricule	5	558
1428	Cyme	560	2	3				Cyme	3	560	Cymbulia	2	560	Cymbulia	2	562	Cyme	3	568	Cyme	3	559
1429	cynhyena	561	2	4				breasted	1	561	cynhyena	4	561	cynhyena	4	563	cynhyena	4	569	cynhyena	4	560
1430	Cynoidea	562	2	5				Cynoidea	5	562	Cynoidea	5	562	Cynoidea	5	564	Cynoidea	5	570	Cynoidea	5	561
1431	cyperologist	563	2	5				cyperologist	5	563	cyperologist	5	563	cyperologist	5	565	cyperologist	5	571	cyperologist	5	562
1432	Cyprina	564	2	2	weak			A	1	564	Cyfirfna	1	564	Cyprina	2	566	Cypridae	1	572	Cyprina	2	563
1433	cyprus-bird	565	2	3				cyprus-bird	3	565	cyprus-bird	3	565	cypms-bird	1	567	cypnis-bird	1	573	cyprus-bird	3	564
1434	Cyrtonyx	566	2	2	weak			Cyrtonyx	2	566	Cyrtonyx	2	566	Oyrtonyx	1	568	A	1	574	Cyrbonyx	1	565
1435	Cystococcus	567	2	3				Cystococcus	3	567	Cystococcus	3	567	Cystococcus	3	569	Hood	1	575	Cfystococcus	1	566
1436	Broom	568	2	3				A	1	568	cytisin	1	568	Broom	3	570	Broom	3	576	Broom	3	567
1437	The	569	2	4				Tho	1	569	The	4	569	The	4	571	The	4	577	The	4	568
1438	dabble	570	2	5				dabble	5	570	dabble	5	570	dabble	5	572	dabble	5	578	dabble	5	569
1439	Dacnis	571	2	2	weak			Dacnis	2	571	Dacnis	2	571	Oacnis	1	573	Dacois	1	579	Dacnls	1	570
1440	dactylology	572	2	5				dactylology	5	572	dactylology	5	572	dactylology	5	574	dactylology	5	580	dactylology	5	571
1441	daedalenchyma	573	2	2	weak			daedalenchyma	2	573	daedalenchyma	2	573	daedalenchjnna	1	575	dsdalenchyma	1	581	dsedalenchyma	1	572
1442	dagger	574	2	5				dagger	5	574	dagger	5	574	dagger	5	576	dagger	5	582	dagger	5	573
1443	dahablyeh	575	2	4				dahablyeh	4	575	dahablyeh	4	575	dahabiyeh	1	577	dahablyeh	4	583	dahablyeh	4	574
1444	dainty	576	2	5				dainty	5	576	dainty	5	576	dainty	5	578	dainty	5	584	dainty	5	575
1445	Cocoon	577	2	2	weak			CoCMOii	1	577	Coc	1	577	Cocoon	2	579	Cocuon	1	585	Cocoon	2	576
1446	dal	578	2	5				dal	5	578	dal	5	578	dal	5	580	dal	5	586	dal	5	577
1447	damareteion	579	2	4				damareteion	4	579	damareteion	4	579	damareteion	4	581	damaretelon	1	587	damareteion	4	578
1448	dame	580	2	5				dame	5	580	dame	5	580	dame	5	582	dame	5	588	dame	5	579
1449	damned	581	2	5				damned	5	581	damned	5	581	damned	5	583	damned	5	589	damned	5	580
1450	dams	582	2	5				dams	5	582	dams	5	582	dams	5	584	dams	5	590	dams	5	581
1451	dance	583	2	5				dance	5	583	dance	5	583	dance	5	585	dance	5	591	dance	5	582
1452	dandy	584	2	5				dandy	5	584	dandy	5	584	dandy	5	586	dandy	5	592	dandy	5	583
1453	dangerous	585	2	4				dangerous	4	585	dangerous	4	585	dangerous	4	587	dangeroTU	1	593	dangerous	4	584
1454	dap	586	2	3				dap	3	586	Flowering	2	586	dap	3	588	dap	3	594	Flowering	2	585
1455	dardanium	587	2	3				dardanium	3	587	dardanimn	1	587	dardanium	3	589	dardanium	3	595	dardaninin	1	586
1456	daringly	588	2	5				daringly	5	588	daringly	5	588	daringly	5	590	daringly	5	596	daringly	5	587
1457	darkle	589	2	5				darkle	5	589	darkle	5	589	darkle	5	591	darkle	5	597	darkle	5	588
1458	darning-needle	590	2	5				darning-needle	5	590	darning-needle	5	590	darning-needle	5	592	darning-needle	5	598	darning-needle	5	589
1459	Darwinism	591	2	2	weak			Dascillus	1	591	Hascillm	1	591	DasciUui	1	593	Darwinism	2	599	Darwinism	2	590
1460	dasher-block	592	2	5				dasher-block	5	592	dasher-block	5	592	dasher-block	5	594	dasher-block	5	600	dasher-block	5	591
1461	Dasyproctidse	593	2	3				Dasyproctidse	3	593	Dasyproctidae	1	593	DasyproctidsB	1	595	Dasyproctidse	3	601	Dasyproctidse	3	592
1462	date-mark	594	2	4				date-mark	4	594	date-mark	4	594	date-mark	4	596	where	1	602	date-mark	4	593
1463	daub	595	2	5				daub	5	595	daub	5	595	daub	5	597	daub	5	603	daub	5	594
1464	daunton	596	2	3				daunton	3	596	dannton	2	596	dannton	2	598	daunton	3	604	daunton	3	595
1465	dawkin	597	2	5				dawkin	5	597	dawkin	5	597	dawkin	5	599	dawkin	5	605	dawkin	5	596
1466	day	598	2	3				day	3	598	flay	1	598	u	1	600	day	3	606	day	3	597
1467	day-long	599	2	5				day-long	5	599	day-long	5	599	day-long	5	601	day-long	5	607	day-long	5	598
1468	de-	600	2	5				de-	5	600	de-	5	600	de-	5	602	de-	5	608	de-	5	599
1469	dead	601	2	5				dead	5	601	dead	5	601	dead	5	603	dead	5	609	dead	5	600
1470	deadhead	602	2	5				deadhead	5	602	deadhead	5	602	deadhead	5	604	deadhead	5	610	deadhead	5	601
1471	dead-splndle	603	2	3				dead-splddle	1	603	dead-splndle	3	603	dead-splndle	3	605	dead-spindle	1	611	dead-splndle	3	602
1472	deal	604	2	5				deal	5	604	deal	5	604	deal	5	606	deal	5	612	deal	5	603
1473	dean	605	2	5				dean	5	605	dean	5	605	dean	5	607	dean	5	613	dean	5	604
1474	dearth	606	2	5				dearth	5	606	dearth	5	606	dearth	5	608	dearth	5	614	dearth	5	605
1475	death-bill	607	2	5				death-bill	5	607	death-bill	5	607	death-bill	5	609	death-bill	5	615	death-bill	5	606
1476	deawarren	608	2	5				deawarren	5	608	deawarren	5	608	deawarren	5	610	deawarren	5	616	deawarren	5	607
1477	debauch	609	2	3				debauch	3	609	debauch	3	609	debauch	3	611	What	1	617	debaucb	1	608
1478	debonairity	610	2	5				debonairity	5	610	debonairity	5	610	debonairity	5	612	debonairity	5	618	debonairity	5	609
1479	decachord	611	2	4				decachord	4	611	decacbord	1	611	decachord	4	613	decachord	4	619	decachord	4	610
1480	Decandrous	612	2	4				Decandrous	4	612	Decandrous	4	612	Decandrous	4	614	Flower	1	620	Decandrous	4	611
1481	decay	613	2	5				decay	5	613	decay	5	613	decay	5	615	decay	5	621	decay	5	612
1482	December	614	2	5				December	5	614	December	5	614	December	5	616	December	5	622	December	5	613
1483	decephalize	615	2	5				decephalize	5	615	decephalize	5	615	decephalize	5	617	decephalize	5	623	decephalize	5	614
1484	decidedness	616	2	5				decidedness	5	616	decidedness	5	616	decidedness	5	618	decidedness	5	624	decidedness	5	615
1485	decimole	617	2	3				decimole	3	617	declmole	1	617	dedmole	1	619	decimole	3	625	decimole	3	616
1486	deck	618	2	5				deck	5	618	deck	5	618	deck	5	620	deck	5	628	deck	5	617
1487	declaration	619	2	5				declaration	5	619	declaration	5	619	declaration	5	621	declaration	5	629	declaration	5	618
1488	declinate	620	2	4				declinate	4	620	declinate	4	620	declinate	4	622	declinate	4	630	decimate	1	619
1489	declinometer	621	2	5				declinometer	5	621	declinometer	5	621	declinometer	5	623	declinometer	5	631	declinometer	5	620
1490	decomposition	622	2	5				decomposition	5	622	decomposition	5	622	decomposition	5	624	decomposition	5	632	decomposition	5	621
1491	decorously	623	2	5				decorously	5	623	decorously	5	623	decorously	5	625	decorously	5	633	decorously	5	622
1492	decree	624	2	5				decree	5	624	decree	5	624	decree	5	626	decree	5	634	decree	5	623
1493	decry	625	2	4				decry	4	625	decry	4	625	I	1	627	decry	4	635	decry	4	624
1494	decussation	626	2	5				decussation	5	626	decussation	5	626	decussation	5	628	decussation	5	636	decussation	5	625
1495	de	627	2	5				de	5	627	de	5	627	de	5	629	de	5	637	de	5	626
1496	deed	628	2	5				deed	5	628	deed	5	628	deed	5	630	deed	5	638	deed	5	627
1497	deep	629	2	5				deep	5	629	deep	5	629	deep	5	631	deep	5	639	deep	5	628
1498	or	630	2	2	weak			fvl	1	630	deer-grass	1	630	or	2	632	A	1	640	or	2	629
1499	defamatory	631	2	5				defamatory	5	631	defamatory	5	631	defamatory	5	633	defamatory	5	641	defamatory	5	630
1500	defeat	632	2	5				defeat	5	632	defeat	5	632	defeat	5	634	defeat	5	642	defeat	5	631
1501	defend	633	2	5				defend	5	633	defend	5	633	defend	5	635	defend	5	643	defend	5	632
1502	defensive	634	2	4				defensive	4	634	defensive	4	634	fense	1	636	defensive	4	644	defensive	4	633
1503	deflbrinize	635	2	3				defibrinize	2	635	deflbrinize	3	635	deflbrinize	3	637	deflbrinize	3	645	defibrinize	2	634
1504	definite	636	2	4				definite	4	636	definite	4	636	disflnite	1	638	definite	4	646	definite	4	635
1505	deflect	637	2	5				deflect	5	637	deflect	5	637	deflect	5	639	deflect	5	647	deflect	5	636
1506	deform	638	2	5				deform	5	638	deform	5	638	deform	5	640	deform	5	648	deform	5	637
1507	defrication	639	2	3				defrication	3	639	defrication	3	639	see	1	641	defri	1	649	defrication	3	638
1508	degenerately	640	2	5				degenerately	5	640	degenerately	5	640	degenerately	5	642	degenerately	5	650	degenerately	5	639
1509	degradation	641	2	4				degradation	4	641	ed	1	641	degradation	4	643	degradation	4	651	degradation	4	640
1510	degree	642	2	5				degree	5	642	degree	5	642	degree	5	644	degree	5	652	degree	5	641
1511	dehydrater	643	2	5				dehydrater	5	643	dehydrater	5	643	dehydrater	5	645	dehydrater	5	653	dehydrater	5	642
1512	deisticalness	644	2	5				deisticalness	5	644	deisticalness	5	644	deisticalness	5	646	deisticalness	5	654	deisticalness	5	643
1513	delaine	645	2	5				delaine	5	645	delaine	5	645	delaine	5	647	delaine	5	655	delaine	5	644
1514	delectate	646	2	5				delectate	5	646	delectate	5	646	delectate	5	648	delectate	5	656	delectate	5	645
1515	delf	647	2	5				delf	5	647	delf	5	647	delf	5	649	delf	5	657	delf	5	646
1516	delicacy	648	2	5				delicacy	5	648	delicacy	5	648	delicacy	5	650	delicacy	5	658	delicacy	5	647
1517	delight	649	2	4				delight	4	649	grii	1	649	delight	4	651	delight	4	659	delight	4	648
1518	deliquate	650	2	2	weak			dellquate	1	650	deliquate	2	650	dellqaate	1	652	deliquate	2	660	delicLuate	1	649
1519	deliver	651	2	5				deliver	5	651	deliver	5	651	deliver	5	653	deliver	5	661	deliver	5	650
1520	delphin	652	2	2	weak			delphin	2	652	delpMn	1	652	dolphin	1	654	delphin	2	662	delpUn	1	651
1521	deltoid	653	2	5				deltoid	5	653	deltoid	5	653	deltoid	5	655	deltoid	5	663	deltoid	5	652
1522	delvauxene	654	2	3				delvauxene	3	654	delvauxene	3	654	delvauxene	3	656	delvauxite	1	664	delvanzene	1	653
1523	demand	655	2	5				demand	5	655	demand	5	655	demand	5	657	demand	5	665	demand	5	654
1524	dement	656	2	5				dement	5	656	dement	5	656	dement	5	658	dement	5	666	dement	5	655
1525	demi-brassart	657	2	4				deml-brassart	1	657	demi-brassart	4	657	demi-brassart	4	659	demi-brassart	4	667	demi-brassart	4	656
1526	demise	658	2	5				demise	5	658	demise	5	658	demise	5	660	demise	5	668	demise	5	657
1527	democrat	659	2	5				democrat	5	659	democrat	5	659	democrat	5	661	democrat	5	669	democrat	5	658
1528	demon	660	2	4				ing	1	660	demon	4	660	demon	4	662	demon	4	670	demon	4	659
1529	demonstrate	661	2	5				demonstrate	5	661	demonstrate	5	661	demonstrate	5	663	demonstrate	5	671	demonstrate	5	660
1530	demulce	662	2	4				demulce	4	662	demulce	4	662	demnlce	1	664	demulce	4	672	demulce	4	661
1531	denarius	663	2	4				denarius	4	663	denarius	4	663	the	1	665	denarius	4	673	denarius	4	662
1532	Dendrocoela	664	2	3				Poiycelis	1	664	Dendrocoela	3	664	Dendrocoela	3	666	Dendrocoela	3	674	Potycelis	1	663
1533	dendrologist	665	2	5				dendrologist	5	665	dendrologist	5	665	dendrologist	5	667	dendrologist	5	675	dendrologist	5	664
1534	denigration	666	2	5				denigration	5	666	denigration	5	666	denigration	5	668	denigration	5	676	denigration	5	665
1535	denotation	667	2	5				denotation	5	667	denotation	5	667	denotation	5	669	denotation	5	677	denotation	5	666
1536	density	668	2	5				density	5	668	density	5	668	density	5	670	density	5	678	density	5	667
1537	dented	669	2	5				dented	5	669	dented	5	669	dented	5	671	dented	5	679	dented	5	668
1538	dentition	670	2	4				dentition	4	670	dentition	4	670	dentition	4	672	dentition	4	680	deutition	1	669
1539	deny	671	2	4				deny	4	671	J	1	671	deny	4	673	deny	4	681	deny	4	670
1540	depaint	672	2	3				depaiBt	1	672	depaint	3	672	depaint	3	674	depalnt	1	682	depaint	3	671
1541	department	673	2	5				department	5	673	department	5	673	department	5	675	department	5	683	department	5	672
1542	depend	674	2	5				depend	5	674	depend	5	674	depend	5	676	depend	5	684	depend	5	673
1543	dephlegmedness	675	2	5				dephlegmedness	5	675	dephlegmedness	5	675	dephlegmedness	5	677	dephlegmedness	5	685	dephlegmedness	5	674
1544	deploy	676	2	5				deploy	5	676	deploy	5	676	deploy	5	678	deploy	5	686	deploy	5	675
1545	depose	677	2	4				take	1	677	depose	4	677	depose	4	679	depose	4	687	depose	4	676
1546	depositor	678	2	5				depositor	5	678	depositor	5	678	depositor	5	680	depositor	5	688	depositor	5	677
1547	deprecative	679	2	4				deprecative	4	679	depressed	1	679	deprecative	4	681	deprecative	4	689	deprecative	4	678
1548	depressed	680	2	5				depressed	5	680	depressed	5	680	depressed	5	682	depressed	5	690	depressed	5	679
1549	depth	681	2	5				depth	5	681	depth	5	681	depth	5	683	depth	5	691	depth	5	680
1550	deputy	682	2	5				deputy	5	682	deputy	5	682	deputy	5	684	deputy	5	692	deputy	5	681
1551	dere	683	2	5				dere	5	683	dere	5	683	dere	5	685	dere	5	693	dere	5	682
1552	derivation	684	2	4				derivation	4	684	derivation	4	684	function	1	686	derivation	4	694	derivation	4	683
1553	Dermaptera	685	2	4				Dermaptera	4	685	Dermaptera	4	685	Dermaptera	4	687	Dermaptera	4	695	Sermapteia	1	684
1554	dermoossify	686	2	4				dermoossify	4	686	dermoossify	4	686	dermoossify	4	688	dermodsslfy	1	696	dermoossify	4	685
1555	Derostomum	687	2	3				Derostomum	3	687	Derostomum	3	687	Derostomum	3	689	DeroBtomum	1	697	Derostomtun	1	686
1556	descend	688	2	5				descend	5	688	descend	5	688	descend	5	690	descend	5	698	descend	5	687
1557	descent	689	2	5				descent	5	689	descent	5	689	descent	5	691	descent	5	699	descent	5	688
1558	desecrate	690	2	5				desecrate	5	690	desecrate	5	690	desecrate	5	692	desecrate	5	700	desecrate	5	689
1559	desert-snake	691	2	5				desert-snake	5	691	desert-snake	5	691	desert-snake	5	693	desert-snake	5	701	desert-snake	5	690
1560	design	692	2	4				design	4	692	Capable	1	692	design	4	694	design	4	702	design	4	691
1561	desilverize	693	2	5				desilverize	5	693	desilverize	5	693	desilverize	5	695	desilverize	5	703	desilverize	5	692
1562	desk	694	2	5				desk	5	694	desk	5	694	desk	5	696	desk	5	704	desk	5	693
1563	Desmodontes	695	2	5				Desmodontes	5	695	Desmodontes	5	695	Desmodontes	5	697	Desmodontes	5	705	Desmodontes	5	694
1564	desolator	696	2	5				desolator	5	696	desolator	5	696	desolator	5	698	desolator	5	706	desolator	5	695
1565	despatch	697	2	5				despatch	5	697	despatch	5	697	despatch	5	699	despatch	5	707	despatch	5	696
1566	despisingly	698	2	5				despisingly	5	698	despisingly	5	698	despisingly	5	700	despisingly	5	708	despisingly	5	697
1567	despot	699	2	5				despot	5	699	despot	5	699	despot	5	701	despot	5	709	despot	5	698
1568	destine	700	2	5				destine	5	700	destine	5	700	destine	5	702	destine	5	710	destine	5	699
1569	destructibility	701	2	4				destructlbility	1	701	destructibility	4	701	destructibility	4	703	destructibility	4	711	destructibility	4	700
1570	detach	702	2	5				detach	5	702	detach	5	702	detach	5	704	detach	5	712	detach	5	701
1571	detection	703	2	5				detection	5	703	detection	5	703	detection	5	705	detection	5	713	detection	5	702
1572	determinant	704	2	4				determinant	4	704	determinant	4	704	determinant	4	706	determinant	4	714	determinaiit	1	703
1573	determinative	705	2	3				determlnatiTe	1	705	determinative	3	705	determinatiTe	1	707	determinative	3	715	determinative	3	704
1574	detersive	706	2	5				detersive	5	706	detersive	5	706	detersive	5	708	detersive	5	716	detersive	5	705
1575	detraction	707	2	5				detraction	5	707	detraction	5	707	detraction	5	709	detraction	5	717	detraction	5	706
1576	detum	708	2	4				detum	4	708	detum	4	708	detum	4	710	deturn	1	718	detum	4	707
1577	deutoplasm	709	2	5				deutoplasm	5	709	deutoplasm	5	709	deutoplasm	5	711	deutoplasm	5	719	deutoplasm	5	708
1578	developable	710	2	4				developable	4	710	developable	4	710	developable	4	712	part	1	720	developable	4	709
1579	deviator	711	2	4				deviator	4	711	deviator	4	711	deviator	4	713	Ifctuul	1	721	deviator	4	710
1580	devil	712	2	5				devil	5	712	devil	5	712	devil	5	714	devil	5	722	devil	5	711
1581	devil's-dust	713	2	2	weak			devll's-dust	1	713	devil's-dust	2	713	devil's-diist	1	715	devil's-dust	2	723	devirs-dust	1	712
1582	devitrification	714	2	5				devitrification	5	714	devitrification	5	714	devitrification	5	716	devitrification	5	724	devitrification	5	713
1583	devotedness	715	2	5				devotedness	5	715	devotedness	5	715	devotedness	5	717	devotedness	5	725	devotedness	5	714
1584	devoutless	716	2	5				devoutless	5	716	devoutless	5	716	devoutless	5	718	devoutless	5	726	devoutless	5	715
1585	dew-worm	717	2	4				dew-worm	4	717	dew-worm	4	717	dew-worm	4	719	dew-worm	4	727	tamg	1	716
1586	dey	718	2	5				dey	5	718	dey	5	718	dey	5	720	dey	5	728	dey	5	717
1587	diabetic	719	2	5				diabetic	5	719	diabetic	5	719	diabetic	5	721	diabetic	5	729	diabetic	5	718
1588	diacritical	720	2	5				diacritical	5	720	diacritical	5	720	diacritical	5	722	diacritical	5	730	diacritical	5	719
1589	diagonal	721	2	5				diagonal	5	721	diagonal	5	721	diagonal	5	723	diagonal	5	731	diagonal	5	720
1590	dial	722	2	5				dial	5	722	dial	5	722	dial	5	724	dial	5	732	dial	5	721
1591	dialing	723	2	5				dialing	5	723	dialing	5	723	dialing	5	725	dialing	5	733	dialing	5	722
1592	diamagnetic	724	2	4				diamagnetic	4	724	diamagnetic	4	724	diamagnetic	4	726	dlamagnetic	1	734	diamagnetic	4	723
1593	Diamond-beetle	725	2	3				Diamond-beetle	3	725	diamond-backed	1	725	Diamond-beetle	3	727	niamond-bectle	1	735	Diamond-beetle	3	724
1594	Dianthus	726	2	2	tie			Dianthus	2	726	Dianthus	2	726	Dianthns	2	728	Dlanthas	1	736	Dianthns	2	725
1595	diaphemetric	727	2	5				diaphemetric	5	727	diaphemetric	5	727	diaphemetric	5	729	diaphemetric	5	737	diaphemetric	5	726
1596	diarian	728	2	4				diarian	4	728	riiarian	1	728	diarian	4	730	diarian	4	738	diarian	4	727
1597	diastole	729	2	5				diastole	5	729	diastole	5	729	diastole	5	731	diastole	5	739	diastole	5	728
1598	diatribe	730	2	5				diatribe	5	730	diatribe	5	730	diatribe	5	732	diatribe	5	740	diatribe	5	729
1599	dlcacity	731	2	2	tie			dlcacity	2	731	dicacity	2	731	dicadty	1	733	dlcacity	2	741	dicacity	2	730
1600	dicUamydeous	732	2	2	weak			dlchlamydeous	1	732	dichlamydeons	1	732	dlchlamydeoos	1	734	dicUamydeous	2	742	dicUamydeous	2	731
1601	dick	733	2	5				dick	5	733	dick	5	733	dick	5	735	dick	5	743	dick	5	732
1602	Dicranum	734	2	2	weak			Dicranam	1	734	Dicranum	2	734	Oicrannm	1	736	Dicranom	1	744	Dicranum	2	733
1603	dictature	735	2	5				dictature	5	735	dictature	5	735	dictature	5	737	dictature	5	745	dictature	5	734
1604	dictyoxylon	736	2	5				dictyoxylon	5	736	dictyoxylon	5	736	dictyoxylon	5	738	dictyoxylon	5	746	dictyoxylon	5	735
1605	Didelphyidae	737	2	4				Didelphyidae	4	737	Didelphyidae	4	737	Didelphyidse	1	739	Didelphyidae	4	747	Didelphyidae	4	736
1606	die	738	2	5				die	5	738	die	5	738	die	5	740	die	5	748	die	5	737
1607	dieresis	739	2	3				dieresis	3	739	Ditrvitla	1	739	Diervilia	1	741	dieresis	3	749	dieresis	3	738
1608	dietine	740	2	4				dietine	4	740	dietine	4	740	dietdne	1	742	dietine	4	750	dietine	4	739
1609	difference	741	2	5				difference	5	741	difference	5	741	difference	5	743	difference	5	751	difference	5	740
1610	differentiation	742	2	5				differentiation	5	742	differentiation	5	742	differentiation	5	744	differentiation	5	752	differentiation	5	741
1611	diffluent	743	2	5				diffluent	5	743	diffluent	5	743	diffluent	5	745	diffluent	5	753	diffluent	5	742
1612	diffusiometer	744	2	4				diffuslometer	1	744	diffusiometer	4	744	diffusiometer	4	746	diffusiometer	4	754	diffusiometer	4	743
1613	digenesis	745	2	5				digenesis	5	745	digenesis	5	745	digenesis	5	747	digenesis	5	755	digenesis	5	744
1614	digger	746	2	5				digger	5	746	digger	5	746	digger	5	748	digger	5	756	digger	5	745
1615	digitate	747	2	2	weak			Digitate	1	747	Dictate	1	747	digitate	2	749	Pigitntc	1	757	digitate	2	746
1616	dignity	748	2	5				dignity	5	748	dignity	5	748	dignity	5	750	dignity	5	758	dignity	5	747
1617	dijudicate	749	2	3				dijudlcate	2	749	dijudicate	3	749	dijudicate	3	751	dijudlcate	2	759	dijudicate	3	748
1618	dilatancy	750	2	4				dllatancy	1	750	dilatancy	4	750	dilatancy	4	752	dilatancy	4	760	dilatancy	4	749
1619	dilettante	751	2	5				dilettante	5	751	dilettante	5	751	dilettante	5	753	dilettante	5	761	dilettante	5	750
1620	dilucidation	752	2	4				dilucidation	4	752	dilucidation	4	752	dilacidation	1	754	dilucidation	4	762	dilucidation	4	751
1621	dime	753	2	5				dime	5	753	dime	5	753	dime	5	755	dime	5	763	dime	5	752
1622	diminish	754	2	2	weak			diminish	2	754	dimmish	1	754	diminish	2	756	dimlnisli	1	764	diminisli	1	753
1623	dimmish	755	2	5				dimmish	5	755	dimmish	5	755	dimmish	5	757	dimmish	5	765	dimmish	5	754
1624	Dinar	756	2	2	weak			dinanderie	1	756	Dinar	2	756	dinanderle	1	758	of	1	766	Dinar	2	755
1625	dingy	757	2	5				dingy	5	757	dingy	5	757	dingy	5	759	dingy	5	767	dingy	5	756
1626	Skeleton	758	2	4				Skeleton	4	758	Skeleton	4	758	Skeleton	4	760	Dinomls	1	768	Skeleton	4	757
1627	Diodon	759	2	3				Diodon	3	759	Diodon	3	759	b	1	761	In	1	769	Diodon	3	758
1628	diophthalmus	760	2	3				diophthalmus	3	760	diophthalmus	3	760	And	1	762	A	1	770	diophthalmus	3	759
1629	Diospyros	761	2	5				Diospyros	5	761	Diospyros	5	761	Diospyros	5	763	Diospyros	5	771	Diospyros	5	760
1630	diphtheria	762	2	5				diphtheria	5	762	diphtheria	5	762	diphtheria	5	764	diphtheria	5	772	diphtheria	5	761
1631	diplanetism	763	2	5				diplanetism	5	763	diplanetism	5	763	diplanetism	5	765	diplanetism	5	773	diplanetism	5	762
1632	diploic	764	2	5				diploic	5	764	diploic	5	764	diploic	5	766	diploic	5	774	diploic	5	763
1633	Diploptera	765	2	5				Diploptera	5	765	Diploptera	5	765	Diploptera	5	767	Diploptera	5	775	Diploptera	5	764
1634	Dipodomys	766	2	5				Dipodomys	5	766	Dipodomys	5	766	Dipodomys	5	768	Dipodomys	5	776	Dipodomys	5	765
1635	Dipsacacese	767	2	3				Dipsacacese	3	767	Dipsacaceae	1	767	Dipsacacese	3	769	Dipsacacese	3	777	Dipsacaceee	1	766
1636	Dipterygil	768	2	2	weak			Dipterygii	1	768	Dipterygll	1	768	Dlpterygll	1	770	Dipterygil	2	778	Dipterygil	2	767
1637	direct	769	2	4				direct	4	769	direct	4	769	direct	4	771	point	1	779	direct	4	768
1638	directory	770	2	5				directory	5	770	directory	5	770	directory	5	772	directory	5	780	directory	5	769
1639	dirt	771	2	5				dirt	5	771	dirt	5	771	dirt	5	773	dirt	5	781	dirt	5	770
1640	disaccord	772	2	4				disaccord	4	772	disadvantage	1	772	disaccord	4	774	disaccord	4	782	disaccord	4	771
1641	disafforestment	773	2	4				disafforestment	4	773	disafforestment	4	773	disafforestment	4	775	disaflforestment	1	783	disafforestment	4	772
1642	disannuller	774	2	3				disannuller	3	774	dlsannuUer	1	774	disannnller	1	776	disannuller	3	784	disannuller	3	773
1643	disarray	775	2	4				disarray	4	775	disarray	4	775	disarray	4	777	misfortune	1	785	disarray	4	774
1644	disbarment	776	2	5				disbarment	5	776	disbarment	5	776	disbarment	5	778	disbarment	5	786	disbarment	5	775
1645	discard	777	2	5				discard	5	777	discard	5	777	discard	5	779	discard	5	787	discard	5	776
1646	discession	778	2	3				discession	3	778	discession	3	778	dlscesston	1	780	discesaion	1	788	discession	3	777
1647	disciple	779	2	5				disciple	5	779	disciple	5	779	disciple	5	781	disciple	5	789	disciple	5	778
1648	disclaim	780	2	5				disclaim	5	780	disclaim	5	780	disclaim	5	782	disclaim	5	790	disclaim	5	779
1649	discocarpous	781	2	4				discocarpous	4	781	discocarpous	4	781	discocarpous	4	783	dlscocarpous	1	791	discocarpous	4	780
1650	discomfit	782	2	4				discomfit	4	782	discomfit	4	782	discomfit	4	784	discomfit	4	792	discomUt	1	781
1651	Discomycetes	783	2	5				Discomycetes	5	783	Discomycetes	5	783	Discomycetes	5	785	Discomycetes	5	793	Discomycetes	5	782
1652	discontinue	784	2	5				discontinue	5	784	discontinue	5	784	discontinue	5	786	discontinue	5	794	discontinue	5	783
1653	discordance	785	2	5				discordance	5	785	discordance	5	785	discordance	5	787	discordance	5	795	discordance	5	784
1654	discouragement	786	2	3				I	1	786	discouragement	3	786	disconragement	1	788	discouragement	3	796	discouragement	3	785
1655	discover	787	2	4				discover	4	787	discover	4	787	i	1	789	discover	4	797	discover	4	786
1656	discrepant	788	2	5				discrepant	5	788	discrepant	5	788	discrepant	5	790	discrepant	5	798	discrepant	5	787
1657	discriminating	789	2	3				discriminating	3	789	discTunisating	1	789	Discriminating	1	791	discriminating	3	799	discriminating	3	788
1658	discuss	790	2	5				discuss	5	790	discuss	5	790	discuss	5	792	discuss	5	800	discuss	5	789
1659	disease	791	2	5				disease	5	791	disease	5	791	disease	5	793	disease	5	801	disease	5	790
1660	disemic	792	2	5				disemic	5	792	disemic	5	792	disemic	5	794	disemic	5	802	disemic	5	791
1661	disentail	793	2	4				disentail	4	793	disentail	4	793	I	1	795	disentail	4	803	disentail	4	792
1662	disfellowsUp	794	2	3				disfellowship	1	794	disfellowsUp	3	794	disfellowsUp	3	796	disfellowsUp	3	804	disfellowsMp	1	793
1663	disgrace	795	2	5				disgrace	5	795	disgrace	5	795	disgrace	5	797	disgrace	5	805	disgrace	5	794
1664	disguisiness	796	2	4				disguisiness	4	796	disguisiness	4	796	disgnisiiiess	1	798	disguisiness	4	806	disguisiness	4	795
1665	disheart	797	2	5				disheart	5	797	disheart	5	797	disheart	5	799	disheart	5	807	disheart	5	796
1666	dishonorer	798	2	5				dishonorer	5	798	dishonorer	5	798	dishonorer	5	800	dishonorer	5	808	dishonorer	5	797
1667	disintegrative	799	2	5				disintegrative	5	799	disintegrative	5	799	disintegrative	5	801	disintegrative	5	809	disintegrative	5	798
1668	disjointed	800	2	4				disjointed	4	800	disjointed	4	800	disjointed	4	802	disjointed	4	810	A	1	799
1669	dislike	801	2	5				dislike	5	801	dislike	5	801	dislike	5	803	dislike	5	811	dislike	5	800
1670	dismal	802	2	5				dismal	5	802	dismal	5	802	dismal	5	804	dismal	5	812	dismal	5	801
1671	dismembrator	803	2	5				dismembrator	5	803	dismembrator	5	803	dismembrator	5	805	dismembrator	5	813	dismembrator	5	802
1672	disoblige	804	2	5				disoblige	5	804	disoblige	5	804	disoblige	5	806	disoblige	5	814	disoblige	5	803
1673	disown	805	2	5				disown	5	805	disown	5	805	disown	5	807	disown	5	815	disown	5	804
1674	disparkle	806	2	5				disparkle	5	806	disparkle	5	806	disparkle	5	808	disparkle	5	816	disparkle	5	805
1675	dispensation	807	2	5				dispensation	5	807	dispensation	5	807	dispensation	5	809	dispensation	5	817	dispensation	5	806
1676	disperse	808	2	5				disperse	5	808	disperse	5	808	disperse	5	810	disperse	5	818	disperse	5	807
1677	displacement	809	2	5				displacement	5	809	displacement	5	809	displacement	5	811	displacement	5	819	displacement	5	808
1678	displeasingly	810	2	5				displeasingly	5	810	displeasingly	5	810	displeasingly	5	812	displeasingly	5	820	displeasingly	5	809
1679	dispose	811	2	5				dispose	5	811	dispose	5	811	dispose	5	813	dispose	5	821	dispose	5	810
1680	dispositor	812	2	5				dispositor	5	812	dispositor	5	812	dispositor	5	814	dispositor	5	822	dispositor	5	811
1681	dlsproportlonally	813	2	2	tie			disproportionally	1	813	disproportlonally	2	813	dlsproportlonally	2	815	disproportlonally	2	823	dlsproportlonally	2	812
1682	dispnte	814	2	2	tie			dispnte	2	814	dispnte	2	814	dlspnte	1	816	dispute	2	824	dispute	2	813
1683	disrank	815	2	5				disrank	5	815	disrank	5	815	disrank	5	817	disrank	5	825	disrank	5	814
1684	disrupt	816	2	5				disrupt	5	816	disrupt	5	816	disrupt	5	818	disrupt	5	826	disrupt	5	815
1685	dissemble	817	2	5				dissemble	5	817	dissemble	5	817	dissemble	5	819	dissemble	5	827	dissemble	5	816
1686	dissentience	818	2	5				dissentience	5	818	dissentience	5	818	dissentience	5	820	dissentience	5	828	dissentience	5	817
1687	Dissilient	819	2	3				dissident	2	819	dissident	2	819	Dissilient	3	821	Dissilient	3	829	Dissilient	3	818
1688	dissipative	820	2	5				dissipative	5	820	dissipative	5	820	dissipative	5	822	dissipative	5	830	dissipative	5	819
1689	dissolve	821	2	5				dissolve	5	821	dissolve	5	821	dissolve	5	823	dissolve	5	831	dissolve	5	820
1690	dissymmetry	822	2	5				dissymmetry	5	822	dissymmetry	5	822	dissymmetry	5	824	dissymmetry	5	832	dissymmetry	5	821
1691	distant	823	2	3				distant	3	823	I	1	823	distant	3	825	b	1	833	distant	3	822
1692	distemperance	824	2	5				distemperance	5	824	distemperance	5	824	distemperance	5	826	distemperance	5	834	distemperance	5	823
1693	distichously	825	2	4				distichously	4	825	distichously	4	825	I	1	827	distichously	4	835	distichously	4	824
1694	distinction	826	2	5				distinction	5	826	distinction	5	826	distinction	5	828	distinction	5	836	distinction	5	825
1695	distinguishable	827	2	3				distinguishable	3	827	distinguishable	3	827	distinguishable	3	829	I	1	837	distingnishable	1	826
1696	distractful	828	2	2	weak			distractful	2	828	distractful	2	828	distractfOl	1	830	distractfUl	1	838	distractfal	1	827
1697	distress	829	2	5				distress	5	829	distress	5	829	distress	5	831	distress	5	839	distress	5	828
1698	distributional	830	2	4				distributional	4	830	distribntional	1	830	distributional	4	832	distributional	4	840	distributional	4	829
1699	disturb	831	2	5				disturb	5	831	disturb	5	831	disturb	5	833	disturb	5	841	disturb	5	830
1700	disvelop	832	2	5				disvelop	5	832	disvelop	5	832	disvelop	5	834	disvelop	5	842	disvelop	5	831
1701	ditionary	833	2	4				ditiouary	1	833	ditionary	4	833	ditionary	4	835	ditionary	4	843	ditionary	4	832
1702	diuretic	834	2	4				diuretic	4	834	diuretic	4	834	diuretic	4	836	diuietic	1	844	diuretic	4	833
1703	dive	835	2	5				dive	5	835	dive	5	835	dive	5	837	dive	5	845	dive	5	834
1704	diverse	836	2	5				diverse	5	836	diverse	5	836	diverse	5	838	diverse	5	846	diverse	5	835
1705	divertisement	837	2	3				divertisement	3	837	divertisement	3	837	dlvertisement	2	839	dlvertisement	2	847	divertisement	3	836
1706	divider	838	2	4				Pods	1	838	divider	4	838	divider	4	840	divider	4	848	divider	4	837
1707	divineness	839	2	4				divineness	4	839	divlneness	1	839	divineness	4	841	divineness	4	849	divineness	4	838
1708	division	840	2	5				division	5	840	division	5	840	division	5	842	division	5	850	division	5	839
1709	divisor	841	2	5				divisor	5	841	divisor	5	841	divisor	5	843	divisor	5	851	divisor	5	840
1710	dizzy	842	2	5				dizzy	5	842	dizzy	5	842	dizzy	5	844	dizzy	5	852	dizzy	5	841
1711	do	843	2	5				do	5	843	do	5	843	do	5	845	do	5	853	do	5	842
1712	doab	844	2	5				doab	5	844	doab	5	844	doab	5	846	doab	5	854	doab	5	843
1713	docimastic	845	2	4				docimastic	4	845	docimastic	4	845	dodmastic	1	847	docimastic	4	855	docimastic	4	844
1714	dock	846	2	5				dock	5	846	dock	5	846	dock	5	848	dock	5	856	dock	5	845
1715	doctorally	847	2	5				doctorally	5	847	doctorally	5	847	doctorally	5	849	doctorally	5	857	doctorally	5	846
1716	document	848	2	3				document	3	848	docnment	1	848	docmnent	1	850	document	3	858	document	3	847
1717	dodecastyle	849	2	5				dodecastyle	5	849	dodecastyle	5	849	dodecastyle	5	851	dodecastyle	5	859	dodecastyle	5	848
1718	doeskin	850	2	5				doeskin	5	850	doeskin	5	850	doeskin	5	852	doeskin	5	860	doeskin	5	849
1719	dog	851	2	5				dog	5	851	dog	5	851	dog	5	853	dog	5	861	dog	5	850
1720	dogger	852	2	5				dogger	5	852	dogger	5	852	dogger	5	854	dogger	5	862	dogger	5	851
1721	dogmatical	853	2	5				dogmatical	5	853	dogmatical	5	853	dogmatical	5	855	dogmatical	5	863	dogmatical	5	852
1722	dog-tooth	854	2	4				dog-tooth	4	854	dog-tooth	4	854	dog-tooth	4	856	dog-tooth	4	864	dog-tootb	1	853
1723	doldrums	855	2	5				doldrums	5	855	doldrums	5	855	doldrums	5	857	doldrums	5	865	doldrums	5	854
1724	Dolichonyz	856	2	2	weak			Dolichonyz	2	856	Dolichonyx	1	856	Dollchonyx	1	858	Dollchonyz	1	866	Dolichonyz	2	855
1725	dollar	857	2	4				dollar	4	857	dollar	4	857	dolorlfic	1	859	dollar	4	867	dollar	4	856
1726	doloriflc	858	2	4				dolorific	1	858	doloriflc	4	858	doloriflc	4	860	doloriflc	4	868	doloriflc	4	857
1727	Domboc	859	2	5				Domboc	5	859	Domboc	5	859	Domboc	5	861	Domboc	5	869	Domboc	5	858
1728	domesticate	860	2	5				domesticate	5	860	domesticate	5	860	domesticate	5	862	domesticate	5	870	domesticate	5	859
1729	dominate	861	2	5				dominate	5	861	dominate	5	861	dominate	5	863	dominate	5	871	dominate	5	860
1730	dominion	862	2	4				dominion	4	862	dominion	4	862	dominion	4	864	dominion	4	874	domimon	1	861
1731	donation	863	2	5				donation	5	863	donation	5	863	donation	5	865	donation	5	875	donation	5	862
1732	donnot	864	2	5				donnot	5	864	donnot	5	864	donnot	5	866	donnot	5	876	donnot	5	863
1733	doom-palm	865	2	5				doom-palm	5	865	doom-palm	5	865	doom-palm	5	867	doom-palm	5	877	doom-palm	5	864
1734	door-case	866	2	5				door-case	5	866	door-case	5	866	door-case	5	868	door-case	5	878	door-case	5	865
1735	dopplerite	867	2	4				dopplerite	4	867	dopplerite	4	867	dopplerite	4	869	soo	1	879	dopplerite	4	866
1736	Doric	868	2	5				Doric	5	868	Doric	5	868	Doric	5	870	Doric	5	880	Doric	5	867
1737	Common	869	2	5				Common	5	869	Common	5	869	Common	5	871	Common	5	881	Common	5	868
1738	dorsicollar	870	2	4				dorsicollar	4	870	dorsicollar	4	870	dorsicollar	4	872	dorsicoUar	1	882	dorsicollar	4	869
1739	Dorylidae	871	2	2	weak			Dorylidse	1	871	Dorylidae	2	871	Dorylids	1	873	Dorylidae	2	883	Borylidae	1	870
1740	dot	872	2	5				dot	5	872	dot	5	872	dot	5	874	dot	5	884	dot	5	871
1741	dote	873	2	5				dote	5	873	dote	5	873	dote	5	875	dote	5	885	dote	5	872
1742	double	874	2	4				double	4	874	double	4	874	donble	1	876	double	4	886	double	4	873
1743	double-biting	875	2	3				double-biting	3	875	donble-biting	2	875	double-biting	3	877	double-biting	3	887	donble-biting	2	874
1744	double-qnlck	876	2	1	tie			double-qnlck	1	876	double-qnick	1	876	doable-anlck	1	878	double-ciulck	1	888	donble-cLTiick	1	875
1745	doubloon	877	2	5				doubloon	5	877	doubloon	5	877	doubloon	5	879	doubloon	5	889	doubloon	5	876
1746	doubtfulness	878	2	4				doubtfulness	4	878	doubtfulness	4	878	donbtfolness	1	880	doubtfulness	4	890	doubtfulness	4	877
1747	dough-maker	879	2	5				dough-maker	5	879	dough-maker	5	879	dough-maker	5	881	dough-maker	5	891	dough-maker	5	878
1748	dove	880	2	5				dove	5	880	dove	5	880	dove	5	882	dove	5	892	dove	5	879
1749	dowdy	881	2	2	tie			Barrel-	1	881	Barrel-end	2	881	dowdy	2	883	dowdy	2	893	Barrel-end	2	880
1750	down	882	2	5				down	5	882	down	5	882	down	5	884	down	5	894	down	5	881
1751	downcome	883	2	5				downcome	5	883	downcome	5	883	downcome	5	885	downcome	5	895	downcome	5	882
1752	downward	884	2	5				downward	5	884	downward	5	884	downward	5	886	downward	5	896	downward	5	883
1753	drab	885	2	2	tie			drab	2	885	Of	2	885	I	1	887	drab	2	897	Of	2	884
1754	draff-sack	886	2	5				draff-sack	5	886	draff-sack	5	886	draff-sack	5	888	draff-sack	5	898	draff-sack	5	885
1755	draft	887	2	5				draft	5	887	draft	5	887	draft	5	889	draft	5	899	draft	5	886
1756	drag-bolt	888	2	5				drag-bolt	5	888	drag-bolt	5	888	drag-bolt	5	890	drag-bolt	5	900	drag-bolt	5	887
1757	dragonet	889	2	4				dragonet	4	889	dragonet	4	889	dragonet	4	891	of	1	901	dragonet	4	888
1758	drain	890	2	5				drain	5	890	drain	5	890	drain	5	892	drain	5	902	drain	5	889
1759	drama	891	2	5				drama	5	891	drama	5	891	drama	5	893	drama	5	903	drama	5	890
1760	drappie	892	2	5				drappie	5	892	drappie	5	892	drappie	5	894	drappie	5	904	drappie	5	891
1761	draw	893	2	5				draw	5	893	draw	5	893	draw	5	895	draw	5	905	draw	5	892
1762	draw	894	2	5				draw	5	894	draw	5	894	draw	5	896	draw	5	906	draw	5	893
1763	draw-gate	895	2	3				draw-gate	3	895	from	2	895	draw-gate	3	897	from	2	907	draw-gate	3	894
1764	drawl	896	2	5				drawl	5	896	drawl	5	896	drawl	5	898	drawl	5	908	drawl	5	895
1765	dreadful	897	2	4				with	1	897	dreadful	4	897	dreadful	4	899	dreadful	4	909	dreadful	4	896
1766	dreamy	898	2	5				dreamy	5	898	dreamy	5	898	dreamy	5	900	dreamy	5	910	dreamy	5	897
1767	dree	899	2	3				dree	3	899	dree	3	899	be	1	901	dree	3	911	aree	1	898
1768	drepanidium	900	2	2	weak			drepanidium	2	900	drepanidiiun	1	900	drepanidlnm	1	902	drepanidium	2	914	drepanidinm	1	899
1769	dresser	901	2	5				dresser	5	901	dresser	5	901	dresser	5	903	dresser	5	915	dresser	5	900
1770	driddle	902	2	4				driddle	4	902	driddle	4	902	drlddle	1	904	driddle	4	916	driddle	4	901
1771	drill	903	2	4				drill	4	903	drill	4	903	driU	1	905	drill	4	917	drill	4	902
1772	drill-rod	904	2	5				drill-rod	5	904	drill-rod	5	904	drill-rod	5	906	drill-rod	5	918	drill-rod	5	903
1773	drip-pipe	905	2	3				drlp-plpe	2	905	drip-pipe	3	905	drlp-plpe	2	907	drip-pipe	3	919	drip-pipe	3	904
1774	drive-boat	906	2	4				drive-boat	4	906	drive-boat	4	906	driTe-boat	1	908	drive-boat	4	920	drive-boat	4	905
1775	droitural	907	2	5				droitural	5	907	droitural	5	907	droitural	5	909	droitural	5	921	droitural	5	906
1776	Dromla	908	2	3				Dromla	3	908	Dromla	3	908	Dromla	3	910	Sromia	1	922	Dromia	1	907
1777		909	2	5					5	909		5	909		5	911		5	923		5	908
1778		910	2	5					5	910		5	910		5	912		5	924		5	909
1779		911	2	4					4	911		4	911		4	913	B	1	925		4	910
1780		912	2	4					4	912	THE	1	912		4	914		4	926		4	911
1781		913	2	3				J	1	913	RcrcRci'	1	913		3	915		3	927		3	912
1782		914	2	5					5	914		5	914		5	916		5	928		5	913
1783	BINDING		2	1										BINDING	1	917						
1784			2	1											1	918						