AASAER|1|AASAER
ABAPTISIER|2|ABAPTISIER
ABARROS|3|ABARROS
ABLENTE|4|ABLENTE
ABLONDIR|5|ABLONDIR
ABNURAGE|6|ABNURAGE
ACERVE|7|ACERVE
ACHATION|8|ACHATION
ACHAUPER|9|ACHAUPER (sei)
ACHOISIR|10|ACHOISIR
ACHREIER|11|ACHREIER
ACOMBLE|12|ACOMBLE
ACONOISTRE|13|ACONOISTRE
ACONQUESTER|14|ACONQUESTER1
ACONQUESTER|15|ACONQUESTER2
ACORTIR|16|ACORTIR
ACOUSTE|17|ACOUSTE
ACOUVER|18|ACOUVER
ACRAMPONE|19|ACRAMPONÉ
ADESCOMBRIER|20|ADESCOMBRIER
ADIR|21|ADIR
ADUNPLECTION|22|ADUNPLECTION
ADURLAQUE|23|ADURLAQUE
AFEBLE|24|AFEBLE
AFORCE|25|AFORCE
AGLEMYES|26|AGLEMYES
AGROZ|27|AGROZ
AGUETTE|28|AGUETTE
AHONIR|29|AHONIR
AITUSEMENT|30|AITUSEMENT
ALENTEMENT|31|ALENTEMENT
ALVE|32|ALVE
ALVILIES|33|ALVILIES
AMAIN|34|AMAIN
AMAISTRE|35|AMAISTRE
AMANDUIR|36|AMANDUIR
AMEIRAUTE|37|AMEIRAUTÉ
AMENTINER|38|AMENTINER
AMUREE|39|AMUREE
ANCREL|40|ANCREL
ANFAIM|41|ANFAIM
ANGLANS|42|ANGLANS
ANGLURE|43|ANGLURE
ANNULER|44|ANNULER
AOULIERTES|45|AOULIERTES
AOUSTRER|46|AOUSTRER
APASMEZ|47|APASMEZ
APATI|48|APATI
APAUMES|49|APAUMÉS
APOLIGNER|50|APOLIGNER
APPELLE|51|APPELLÉ DE MALADIE
MALADIE|51|APPELLÉ DE MALADIE
APPOISIER|52|APPOISIER
APROPHETE|53|APROPHETE
ARAMIE|54|ARAMIE
ARBERERE|55|ARBERERE
ARBUS|56|ARBUS
ARCAINS|57|ARÇAINS
ARCANDOLLE|58|ARCANDOLLE
ARDUER|59|ARDUER
AROINER|60|AROINER
ARTONDE|61|ARTONDE
ASOLENT|62|ASOLENT
ASPILITES|63|ASPILITES
ASSERTY|64|ASSERTY
ASTENS|65|ASTENS (ME) + A
ATRAMPOERE|66|ATRAMPOERE
AUQUEROLE|67|AUQUEROLE
AVENERIS|68|AVENERIS
BAAILLE|69|BÄAILLE
BAATAS|70|BAATAS
BACHELIER|71|BACHELIER
BAILLE|72|BAILLE
BAILLIEE|73|BAILLIEE
BALACER|74|BALACER
BALLEIER|75|BALLEIER
BARBICHE|76|BARBICHE
BAUDRE|77|BAUDRE
BAUS|78|BAUS
BAVERDE|79|BAVERDE
BECQUOIRS|80|BECQUOIRS
BELLUER|81|BELLUER
BES|82|BES
BETUEIL|83|BETUEIL
BIEN|84|BIEN VEIGNOR
VEIGNOR|84|BIEN VEIGNOR
BIENFAISANCE|85|BIENFAISANCE
BOCLET|86|BOCLET
BOIRE|87|BOIRE
BOISAIZ|88|BOISAIZ
BOUDELIER|89|BOUDELIER
BOUSSEE|90|BOUSSÉE
BOUSSERUEL|91|BOUSSERUEL
BOUSTOIS|92|BOUSTOIS
BOVATON|93|BOVATON
BRINGETTE|94|BRINGETTE
BUISSIE|95|BUISSIE
CAILLE|96|CAILLE
CALANE|97|CALANE
CANDIR|98|CANDIR
CANERECHE|99|CANERECHE
CAPEROT|100|CAPEROT
CARAVELLE|101|CARAVELLE1
CARAVELLE|102|CARAVELLE2
CARVAIL|103|CARVAIL
CASON|104|CASON
CASSETIN|105|CASSETIN
CEURRE|106|CEURRE
CHAALON|107|CHAALON
CHAIN|108|CHAIN
CHAMPE|109|CHAMPE
CHAMUE|110|CHAMUE
CHANGOTE|111|CHANGOTE
CHANORS|112|CHANORS
CHAPITEL|113|CHAPITEL
CHEMER|114|CHEMER
CHIERFAIT|115|CHIERFAIT
CINGE|116|CINGE
CLAIS|117|CLAIS1
CLAIS|118|CLAIS2
CLAIS|119|CLAIS3
CLAUPAT|120|CLAUPAT
CLOATIVES|121|CLOATIVES
COERNIE|122|COERNIE
COITE|123|COITE
COLIQUE|124|COLIQUE
COLOMIRE|125|COLOMIRE
COMBAPTISEMENT|126|COMBAPTISEMENT
COMMUTIER|127|COMMUTIER
CONDELIT|128|CONDELIT
CONFENDRE|129|CONFENDRE
CONFONTEE|130|CONFONTEE
CONNILLIER|131|CONNILLIER
CONSTANTIONNE|132|CONSTANTIONNÉ
CONTRATENIR|133|CONTRATENIR
CONVIVER|134|CONVIVER, COUVIVER
COUVIVER|134|CONVIVER, COUVIVER
COULENBURES|135|COULENBURES
COURCER|136|COURCER
COUTEFOUEE|137|COUTEFOUEE
CRESSONNEE|138|CRESSONNEE
CRONGNE|139|CRONGNE
CRUELLES|140|CRUELLES
BANANES|141|CUIR DE BANANES
CUIR|141|CUIR DE BANANES
ABEILLE|142|CUIVRER UNE ABEILLE
CUIVRER|142|CUIVRER UNE ABEILLE
CUNE|143|CUNE
DAMER|144|DAMER
DANGUIS|145|DANGUIS
DATER|146|DATER
DAZULLATION|147|DAZULLATION
NOTTE|148|DE NOTTE
DEFFROQUER|149|DEF(F)ROQUER
DEFROQUER|149|DEF(F)ROQUER
DEFREER|150|DEFREER
DEGENT|151|DEGENT
DELITOYER|152|DELITOYER
DEMARCHE|153|DEMARCHE
DESAFFARE|154|DESAFFARE
DESENCHIER|155|DESENCHIER
DESORDERIE|156|DESORDERIE
DESPUER|157|DESPUER
DESTOMBEE|158|DESTOMBEE
DESTREVELLE|159|DESTREVELLE
DIERE|160|DIERE
DIURNAT|161|DIURNAT
DOUAIEMENT|162|DOUAIEMENT
EDECQUINES|163|EDE(C)QUINES
EDEQUINES|163|EDE(C)QUINES
EIPE|164|EIPE
EMASTIQUE|165|EMASTIQUE
EMBIAIRE|166|EMBIAIRE
EMMESLER|167|EMMESLER
EMONUMENT|168|EMONUMENT
ENBALANCHIER|169|ENBALANCHIER
ENCAVELER|170|ENCAVELER
ENERVELLEZ|171|ENERVELLEZ
ENFORCELEZ|172|ENFORCELEZ
ENFORCILLE|173|ENFORCILLÉ
ENFOURCELE|174|ENFOURCELÉ
ENHOSTER|175|ENHOSTER
ENIQUE|176|ENIQUE
ENMANAJEREIENT|177|ENMANAJEREIENT
ENNUIRE|178|ENNUIRE
ENPENSIS|179|ENPENSIS
ENRENTEZ|180|ENRENTEZ
ENREVERDIR|181|ENREVERDIR
ENSERVE|182|ENSERVE (l')
ENSOCORU|183|ENSOCORU
ENSOSANGA|184|ENSOSANGA
ENTICHIES|185|ENTICHIÉS
ENTREPEUPLE|186|ENTREPEUPLÉ
ENTREPLIER|187|ENTREPLIER
ENTRESAILLE|188|ENTRESAILLE
ENURERA|189|ENURERA
EPATIE|190|EPATIÉ
ERUE|191|ERUE
ESCANDE|192|ESCANDE
ESCANIE|193|ESCANIE
ESCOFFLES|194|ESCOFFLES
ESCORNIR|195|ESCORNIR
ESCOUVI|196|ESCOUVI
ESCRAFFE|197|ESCRAFFE
ESNUDIE|198|ESNUDIE
ESPLEISER|199|ESPLEISER
ESPUER|200|ESPUER
ESRONDE|201|ESRONDE
ESSORDEE|202|ESSORDEE
ESTEUL|203|ESTEUL
ESTOIPUET|204|ESTOIPUET
ESTRENICHE|205|ESTRENICHE
ESVIER|206|ESVIER
ETOFOR|207|ETOFOR
ETRIVAINE|208|ETRIVAINE
FABLEUR|209|FABLEUR
FABRIQUANT|210|FABRIQUANT
FACAUTE|211|FAÇAUTÉ
FACETEL|212|FACETEL
FAGEL|213|FAGEL
FAGNEMENT|214|FAGNEMENT
FAIGNEMENT|215|FAIGNEMENT
FAILHARD|216|FAILHARD
FAISNIEURS|217|FAISNIEURS
FALLEURES|218|FALLEURES
FALSIFIENT|219|FALSIFIENT
FANGIERE|220|FANGIERE
FANGIS|221|FANGIS
FANTIAU|222|FANTIAU
FANTIN|223|FANTIN
FARGE|224|FARGE
FARGES|225|FARGES
FASELES|226|FASELES
FASFLEUR|227|FASFLEUR
FAUDIS|228|FAUDIS
FAULITES|229|FAULITES
FAULSURE|230|FAULSURE
FAUMENTE|231|FAUMENTÉ
FAUMENTERIE|232|FAUMENTERIE
FAUSSERIE|233|FAUSSERIE
FAUTIVE|234|FAUTIVE
FELES|235|FELES
FELICITUDE|236|FELICITUDE
FEODALLEMENT|237|FEODALLEMENT
FEODATIER|238|FEODATIER
FERMENT|239|FERMENT
FERNAL|240|FERNAL
FERREAAUTES|241|FERREAAUTES
FETISENT|242|FETISENT
FIENNER|243|FIENNER
FIENNEUR|244|FIENNEUR
FITE|245|FITE
FLOUX|246|FLOUX
FOC|247|FOC
FONCIE|248|FONCIÉ
FONGUEULX|249|FONGUEULX
FORBIUS|250|FORBIUS
FORCIEUX|251|FORCIEUX
FORELLE|252|FORELLE
FOURCHENE|253|FOURCHENE
FOURCIE|254|FOURCIE
FOURDIAN|255|FOURDIAN
FOURENTENDUE|256|FOURENTENDUE
FRANCHIR|257|FRANCHIR
FRATERIE|258|FRATERIE1
FRATERIE|259|FRATERIE2
FRESVE|260|FRESVE
FUBERTE|261|FUBERTE
FUSSAMINS|262|FUSSAMINS
GADUES|263|G(H)ADUES
GHADUES|263|G(H)ADUES
GAGARES|264|GAGARES
GAGE|265|GAGE
GATEPAPIERS|266|GATEPAPIERS
GAUSSETEI|267|GAUSSETEI
GELDI|268|GELDI
GOLINER|269|GOLINER
GOMER|270|GOMER
GONIER|271|GONIER
GORREZ|272|GORREZ
GOUFFRONIEUSE|273|GOUFFRONIEUSE
GOUME|274|GOUME
GOURNON|275|GOURNON
GRAS|276|GRAS HUMÉ
HUME|276|GRAS HUMÉ
GRESE|277|GRESÉ
GROISSEUR|278|GROISSEUR
GUATHON|279|GUATHON
GURGES|280|GURGES
HAILES|281|HAILES
HAPIES|282|HAPIES
HARECLONNIER|283|HARECLONNIER
HENURE|284|HENURE
HERBELOIS|285|HERBELOIS
HEURESPOIS|286|HEURESPOIS
HIEHOITE|287|HIEHOITE
HONTE|288|HONTE
HORMISSION|289|HORMISSION
HUIHOT|290|HUIHOT
IERNISES|291|IERNISES
IMBELLE|292|IMBELLE
INCORGNE|293|INCORGNE
INDICAT|294|INDICAT
INDICATEUR|295|INDICATEUR
INDICATIVE|296|INDICATIVE
INUSSE|297|INUSSÉ
JANNEY|298|JANNEY
JUMBE|299|JUMBE
JUS|300|JUS1
JUS|301|JUS2
JUSIVE|302|JUSIVE
JUVABLETE|303|JUVABLETÉ
KEINE|304|KEINE
KONCIEL|305|KONCIEL
LABAILLE|306|LABAILLE
LAGOSSELIE|307|LAGOSSELIE
LAIDIERE|308|LAIDIERE
LANDOIT|309|LANDOIT
LANGUIS|310|LANGUIS
LARIGAUX|311|LARIGAUX
LASNERIE|312|LASNERIE
LATUI|313|LATUI, LATUIET
LATUIET|313|LATUI, LATUIET
LECTISTERNENIEN|314|LECTISTERNENIEN
LICHE|315|LICHE
LIDRAYE|316|LIDRAYE
LOIRE|317|LOIRE
LOPINAILLE|318|LOPINAILLE
LOUGAUGUES|319|LOUGAUGUES
LUCARNE|320|LUCARNE
LUCTRES|321|LUCTRES
LUMER|322|LUMER
LUNAISON|323|LUNAISON
MANSOR|324|MANSOR
MANUBRION|325|MANUBRION
MASCIE|326|MASCIÉ
MAUMARICE|327|MAUMARICE
MAUTRE|328|MAUTRÉ
MEHIE|329|MEHIE
MENERIL|330|MENERIL
MENUISIE|331|MENUISIÉ
MESSIER|332|MESSIER
MEUDY|333|MEUDY
MIERRE|334|MIERRE
MIQUIER|335|MIQUIER
MOISTRES|336|MOISTRES
MOLINURE|337|MOLINURE
MONSTRE|338|MONSTRE
MOREN|339|MOREN
MORFONDEE|340|MORFONDEE
MOULET|341|MOULET
NOHELISON|342|NOHELISON
NOTATION|343|NOTATION
NOUEE|344|NOUEE
OFFLEZ|345|OFFLEZ
OPRIMER|346|OPRIMER
ORDIEMENT|347|ORDIEMENT
ORLIERE|348|ORLIERE
ORMINIER|349|ORMINIER
ORPHELIVE|350|ORPHELIVE
ORTIVE|351|ORTIVE
ORTOILES|352|ORTOILES
OSTE|353|OSTE
OTTELET|354|OTTELET
OUVRE|355|OUVRE
PAGNON|356|PAGNON
PIL|357|PIL
PLONCIURE|358|PLONCIURE
POLLICER|359|POLLICER
POLLIQUE|360|POLLIQUE
PORCORS|361|PORCORS
PORTEDRAPEAU|362|PORTE-DRAPEAU
POTENTE|363|POTENTE
POUBELLE|364|POUBELLE
POUPIE|365|POUPIE
PUICIERE|366|PUICIERE
RACONCINEURS|367|RACONCINEURS
RACTURE|368|RACTURE
RADECOURZ|369|RADECOURZ
RAGU|370|RAGU
RAIDIER|371|RAIDIER
RAITOIER|372|RAITOIER
RANDENULER|373|RANDENULER
RAPROUVEUSEMENT|374|RAPROUVEUSEMENT
RAQUILLON|375|RAQUILLON
RASEMONS|376|RASEMONS
RASENTIR|377|RASENTIR
RASERDE|378|RASERDE
RATIVAUX|379|RATIVAUX
RAUCILLER|380|RAUCILLER
RAVEL|381|RAVEL
RAVUST|382|RAVUST
REBAILLIER|383|REBAILLIER
RECOIRE|384|RECOIRE
REMPROVE|385|REMPROVE
REMPROVER|386|REMPROVER
RENCANELER|387|RENCANELER
RESPAS|388|RESPAS
RETIRER|389|RETIRER
RETIRER|390|RETIRER (sei)1
RETIRER|391|RETIRER (sei)2
REVAUDRILLER|392|REVAUDRILLER
REVERDIRAY|393|REVERDIRAY
RIALLER|394|RIALLER
ROSSETTES|395|ROSSETTES
SALADE|396|SALADE
SAQUATUET|397|SAQUATUET
SASFLEUR|398|SASFLEUR
SAUMIERECE|399|SAUMIERECE
SEAREUTE|400|SEAREUTE
SERVANS|401|SERVANS
SERVE|402|SERVE
SERVIE|403|SERVIE
SIMI|404|SIMI
SORGELLI|405|SORGELLI
SORINDE|406|SORINDE
SORMEIGNON|407|SORMEIGNON
SOUFFE|408|SOUFFE
SOUSBALLI|409|SOUSBALLI
SURPLAIN|410|SURPLAIN
TACT|411|TACT
TATERELES|412|TATERELES
TENDANCE|413|TENDANCE
TORNES|414|TORNES
TORTURE|415|TORTURE
TOURCHE|416|TOURCHE
TRANSTORNE|417|TRANSTORNÉ
TRANSTORNEMENT|418|TRANSTORNEMENT
TRAULLINE|419|TRAULLINE
TRIGAUD|420|TRIGAUD
TRIGON|421|TRIGON
TROCE|422|TROCE
TURLIE|423|TURLIE
UMEE|424|UMEE
VEL|425|VEL
VELOCIPEDE|426|VÉLOCIPÈDE
VIGMEU|427|VIGMEU
VINEURS|428|VINEURS
VIVREE|429|VIVREE
WASCES|430|WASCES
YTGANE|431|YTGANE
