page	entries	image	volume	frequency	check	books	accuracy	centurydictionar03whit_djvu.csv	frequency	image	centurydictionar03whituoft_djvu.csv	frequency	image	centurydictionary03whit_djvu.csv	frequency	image	cu31924091890602_djvu.csv	frequency	image
1777	droop	13	3	4		centurydictionar03whit_djvu.csv	2922	droop	4	13	droop	4	13	droop	4	13	droop	4	12
1778	drop	14	3	4		centurydictionary03whit_djvu.csv	2883	drop	4	14	drop	4	14	drop	4	14	drop	4	13
1779	Drosera	15	3	2	weak	cu31924091890602_djvu.csv	2855	Drosera	2	15	Stmdew	1	15	Sundew	1	15	Drosera	2	14
1780	drove	16	3	4		centurydictionar03whituoft_djvu.csv	2720	drove	4	16	drove	4	16	drove	4	16	drove	4	15
1781	drudge	17	3	4				drudge	4	17	drudge	4	17	drudge	4	17	drudge	4	16
1782	dniin	18	3	1	tie			dniin	1	18	dmm	1	18	drmn	1	18	drum	1	17
1783	drummer	19	3	1	tie			drummer	1	19	dmmmer	1	19	drununer	1	19	dnunmer	1	18
1784	Druse	20	3	4				Druse	4	20	Druse	4	20	Druse	4	20	Druse	4	19
1785	dry-beat	21	3	4				dry-beat	4	21	dry-beat	4	21	dry-beat	4	21	dry-beat	4	20
1786	Dryolestes	22	3	4				Dryolestes	4	22	Dryolestes	4	22	Dryolestes	4	22	Dryolestes	4	21
1787	dub	23	3	4				dub	4	23	dub	4	23	dub	4	23	dub	4	22
1788	dubitatively	24	3	3				dubitatively	3	24	of	1	24	dubitatively	3	24	dubitatively	3	23
1789	duck	25	3	4				duck	4	25	duck	4	25	duck	4	25	duck	4	24
1790	ducking	26	3	3				ducking	3	26	ducking	3	26	dacking	1	26	ducking	3	25
1791	ductor	27	3	3				ductor	3	27	TU	1	27	ductor	3	27	ductor	3	26
1792	due	28	3	3				due	3	28	dna	1	28	due	3	28	due	3	27
1793	duffil	29	3	2	weak			duffil	2	29	dnffil	1	29	duffl	1	29	duffil	2	28
1794	dulcarnon	30	3	3				dulcarnon	3	30	dalcarnon	1	30	dulcarnon	3	30	dulcarnon	3	29
1795	duU	31	3	3				dull	1	31	duU	3	31	duU	3	31	duU	3	30
1796	dumb-cake	32	3	4				dumb-cake	4	32	dumb-cake	4	32	dumb-cake	4	32	dumb-cake	4	31
1797	dump	33	3	3				dump	3	33	damp	1	33	dump	3	33	dump	3	32
1798	dunche-down	34	3	2	weak			dunche-down	2	34	dnnche-down	1	34	dunche-down	2	34	dmiche-down	1	33
1799	dunite	35	3	3				dunite	3	35	dnnlte	1	35	dunite	3	35	dunite	3	34
1800	duodenal	36	3	3				duodenal	3	36	dnodenal	1	36	duodenal	3	36	duodenal	3	35
1801	duplication	37	3	4				duplication	4	37	duplication	4	37	duplication	4	37	duplication	4	36
1802	durante	38	3	4				durante	4	38	durante	4	38	durante	4	38	durante	4	37
1803	Durio	39	3	4				Durio	4	39	Durio	4	39	Durio	4	39	Durio	4	38
1804	dust	40	3	3				dust	3	40	dost	1	40	dust	3	40	dust	3	39
1805	Dutch	41	3	4				Dutch	4	41	Dutch	4	41	Dutch	4	41	Dutch	4	40
1806	duty	42	3	4				duty	4	42	duty	4	42	duty	4	42	duty	4	41
1807	dwarfling	43	3	4				dwarfling	4	43	dwarfling	4	43	dwarfling	4	43	dwarfling	4	42
1808	dye	44	3	4				dye	4	44	dye	4	44	dye	4	44	dye	4	43
1809	dynamic	45	3	4				dynamic	4	45	dynamic	4	45	dynamic	4	45	dynamic	4	44
1810	Dynamostes	46	3	3				Dynamostes	3	46	Djmamostes	1	46	Dynamostes	3	46	Dynamostes	3	45
1811	Dysideidae	47	3	2	weak			Dysideidae	2	47	I	1	47	Dysideidae	2	47	Dysideidse	1	46
1812	dysteleologist	48	3	4				dysteleologist	4	48	dysteleologist	4	48	dysteleologist	4	48	dysteleologist	4	47
1813	The	49	3	3				The	3	49	The	3	49	ative	1	49	The	3	48
1814	Eacles	50	3	4				Eacles	4	50	Eacles	4	50	Eacles	4	50	Eacles	4	49
1815	eagle	51	3	4				eagle	4	51	eagle	4	51	eagle	4	51	eagle	4	50
1816	ear	52	3	3				ear	3	52	ear	3	52	The	1	52	ear	3	51
1817	eared	53	3	4				eared	4	53	eared	4	53	eared	4	53	eared	4	52
1818	early	54	3	4				early	4	54	early	4	54	early	4	54	early	4	53
1819	earnest-penny	55	3	2	weak			earnest-penny	2	55	earnest-penny	2	55	eamest-pezmy	1	55	eamest-peimy	1	54
1820	earth	56	3	2	weak			earth	2	56	eartb	1	56	earth	2	56	eartn	1	55
1821	earthpuff	57	3	4				earthpuff	4	57	earthpuff	4	57	earthpuff	4	57	earthpuff	4	56
1822	ease	58	3	4				ease	4	58	ease	4	58	ease	4	58	ease	4	57
1823	easiness	59	3	4				easiness	4	59	easiness	4	59	easiness	4	59	easiness	4	58
1824	Easter-flower	60	3	4				Easter-flower	4	60	Easter-flower	4	60	Easter-flower	4	60	Easter-flower	4	59
1825	easy-chair	61	3	4				easy-chair	4	61	easy-chair	4	61	easy-chair	4	61	easy-chair	4	60
1826	eaves-drip	62	3	4				eaves-drip	4	62	eaves-drip	4	62	eaves-drip	4	62	eaves-drip	4	61
1827	ebony	63	3	4				ebony	4	63	ebony	4	63	ebony	4	63	ebony	4	62
1828	ecaudate	64	3	4				ecaudate	4	64	ecaudate	4	64	ecaudate	4	64	ecaudate	4	63
1829	eccentricity	65	3	4				eccentricity	4	65	eccentricity	4	65	eccentricity	4	65	eccentricity	4	64
1830	ecclesiastically	66	3	4				ecclesiastically	4	66	ecclesiastically	4	66	ecclesiastically	4	66	ecclesiastically	4	65
1831	Echidna	67	3	4				Echidna	4	67	Echidna	4	67	Echidna	4	67	Echidna	4	66
1832	echinococcus	68	3	3				echinococcus	3	68	echinococcos	1	68	echinococcus	3	68	echinococcus	3	67
1833	ecMnopsedia	69	3	2	weak			echinopaedia	1	69	Plural	1	69	ecMnopsedia	2	69	ecMnopsedia	2	68
1834	escheque	70	3	2	weak			escltequc	1	70	escheque	2	70	cschrquc	1	70	escheque	2	69
1835	Eciton	71	3	3				Eciton	3	71	Edton	1	71	Eciton	3	71	Eciton	3	70
1836	ecliptic	72	3	4				ecliptic	4	72	ecliptic	4	72	ecliptic	4	72	ecliptic	4	71
1837	economy	73	3	3				economy	3	73	economy	3	73	express	1	73	economy	3	72
1838	ecstatic	74	3	4				ecstatic	4	74	ecstatic	4	74	ecstatic	4	74	ecstatic	4	73
1839	ecto-entad	75	3	3				ecto-entad	3	75	A	1	75	ecto-entad	3	75	ecto-entad	3	74
1840	ectropical	76	3	4				ectropical	4	76	ectropical	4	76	ectropical	4	76	ectropical	4	75
1841	-ed	77	3	4				-ed	4	77	-ed	4	77	-ed	4	77	-ed	4	76
1842	Edenic	78	3	4				Edenic	4	78	Edenic	4	78	Edenic	4	78	Edenic	4	77
1843	edgebone	79	3	4				edgebone	4	79	edgebone	4	79	edgebone	4	79	edgebone	4	78
1844	edification	80	3	3				ediflcation	1	80	edification	3	80	edification	3	80	edification	3	79
1845	Edriophthalma	81	3	4				Edriophthalma	4	81	Edriophthalma	4	81	Edriophthalma	4	81	Edriophthalma	4	80
1846	edulcorate	82	3	4				edulcorate	4	82	edulcorate	4	82	edulcorate	4	82	edulcorate	4	81
1847	eelskin	83	3	4				eelskin	4	83	eelskin	4	83	eelskin	4	83	eelskin	4	82
1848	effection	84	3	3				effection	3	84	efifection	1	84	effection	3	84	effection	3	83
1849	effeminateness	85	3	3				effeminateness	3	85	ejfeminateness	1	85	effeminateness	3	85	effeminateness	3	84
1850	effigiate	86	3	2	weak			effigiate	2	86	Vjhic	1	86	effigiate	2	86	Brass	1	85
1851	effoliation	87	3	4				effoliation	4	87	effoliation	4	87	effoliation	4	87	effoliation	4	86
1852	effusive	88	3	4				effusive	4	88	effusive	4	88	effusive	4	88	effusive	4	87
1853	egg	89	3	4				egg	4	89	egg	4	89	egg	4	89	egg	4	88
1854	egg-shell	90	3	4				egg-shell	4	90	egg-shell	4	90	egg-shell	4	90	egg-shell	4	89
1855	egotism	91	3	4				egotism	4	91	egotism	4	91	egotism	4	91	egotism	4	90
1856	Egyptian	92	3	4				Egyptian	4	92	Egyptian	4	92	Egyptian	4	92	Egyptian	4	91
1857	eighteen	93	3	3				eighteen	3	93	eigbteen	1	93	eighteen	3	93	eighteen	3	92
1858	either	94	3	4				either	4	94	either	4	94	either	4	94	either	4	93
1859	eke	95	3	3				eke	3	95	More	1	95	eke	3	95	eke	3	94
1860	Elseagnacese	96	3	3				Elseagnacese	3	96	Elseagnacese	3	96	Elsagnaceae	1	96	Elseagnacese	3	95
1861	Elanus	97	3	2	tie			Elanus	2	97	Elanns	2	97	Elanns	2	97	Elanus	2	96
1862	Elasmognatlius	98	3	2	weak			Elasmognatlius	2	98	Elasmognatlms	1	98	Xnasmognattaos	1	98	Elasmognatlius	2	97
1863	elater	99	3	3				elater	3	99	elater	3	99	elater	3	99	eiaxer	1	98
1864	elbow-plate	100	3	4				elbow-plate	4	100	elbow-plate	4	100	elbow-plate	4	100	elbow-plate	4	99
1865	elder	101	3	4				elder	4	101	elder	4	101	elder	4	101	elder	4	100
1866	election	102	3	3				election	3	102	electioii	1	102	election	3	102	election	3	101
1867	electorial	103	3	4				electorial	4	103	electorial	4	103	electorial	4	103	electorial	4	102
1868	electric	104	3	4				electric	4	104	electric	4	104	electric	4	104	electric	4	103
1869	electrobath	105	3	4				electrobath	4	105	electrobath	4	105	electrobath	4	105	electrobath	4	104
1870	electromagnet	106	3	4				electromagnet	4	106	electromagnet	4	106	electromagnet	4	106	electromagnet	4	105
1871	electroplate	107	3	4				electroplate	4	107	electroplate	4	107	electroplate	4	107	electroplate	4	106
1872	electuary	108	3	4				electuary	4	108	electuary	4	108	electuary	4	108	electuary	4	107
1873	elegious	109	3	3				elegious	3	109	eleglous	1	109	elegious	3	109	elegious	3	108
1874	element	110	3	4				element	4	110	element	4	110	element	4	110	element	4	109
1875	elephant	111	3	2	weak			elephant	2	111	elepliant	1	111	elephant	2	111	elepbant	1	110
1876	Eleusinia	112	3	4				Eleusinia	4	112	Eleusinia	4	112	Eleusinia	4	112	Eleusinia	4	111
1877	elevator	113	3	4				elevator	4	113	elevator	4	113	elevator	4	113	elevator	4	112
1878	elicit	114	3	4				elicit	4	114	elicit	4	114	elicit	4	114	elicit	4	113
1879	elision	115	3	4				elision	4	115	elision	4	115	elision	4	115	elision	4	114
1880	eU	116	3	4				eU	4	116	eU	4	116	eU	4	116	eU	4	115
1881	Ellopia	117	3	2	weak			Ellopia	2	117	Ellopia	2	117	EUopia	1	117	bent	1	116
1882	eloin	118	3	4				eloin	4	118	eloin	4	118	eloin	4	118	eloin	4	117
1883	else	119	3	1	tie			else	1	119	Thondesirest	1	119	Thou	1	119	Thoudesireat	1	118
1884	elutriation	120	3	4				elutriation	4	120	elutriation	4	120	elutriation	4	120	elutriation	4	119
1885	emaceration	121	3	4				emaceration	4	121	emaceration	4	121	emaceration	4	121	emaceration	4	120
1886	emancipationist	122	3	4				emancipationist	4	122	emancipationist	4	122	emancipationist	4	122	emancipationist	4	121
1887	embalmment	123	3	4				embalmment	4	123	embalmment	4	123	embalmment	4	123	embalmment	4	122
1888	embarrassment	124	3	3				embarrassment	3	124	embarrassment	3	124	embarrassment	3	124	embajrassment	1	123
1889	embattlement	125	3	4				embattlement	4	125	embattlement	4	125	embattlement	4	125	embattlement	4	124
1890	Embernagra	126	3	2	tie			Embernagra	2	126	Embemagra	2	126	Embemagra	2	126	Embernagra	2	125
1891	emblem	127	3	4				emblem	4	127	emblem	4	127	emblem	4	127	emblem	4	126
1892	about	128	3	1	tie			about	1	128	Embolimus	1	128	Embolimui	1	128	Etnbolimus	1	127
1893	emboss	129	3	4				emboss	4	129	emboss	4	129	emboss	4	129	emboss	4	128
1894	embrace	130	3	4				embrace	4	130	embrace	4	130	embrace	4	130	embrace	4	129
1895	embroid	131	3	4				embroid	4	131	embroid	4	131	embroid	4	131	embroid	4	130
1896	embryo	132	3	4				embryo	4	132	embryo	4	132	embryo	4	132	embryo	4	131
1897	emendatory	133	3	4				emendatory	4	133	emendatory	4	133	emendatory	4	133	emendatory	4	132
1898	emerod	134	3	4				emerod	4	134	emerod	4	134	emerod	4	134	emerod	4	133
1899	applied	135	3	3				applied	3	135	dmlgrd	1	135	applied	3	135	applied	3	134
1900	emissive	136	3	3				enussive	1	136	emissive	3	136	emissive	3	136	emissive	3	135
1901	emotion	137	3	3				empestic	1	137	emotion	3	137	emotion	3	137	emotion	3	136
1902	Empetnim	138	3	2	weak			Empetnim	2	138	Empetmm	1	138	Empetnim	2	138	Empetrum	1	137
1903	empire	139	3	4				empire	4	139	empire	4	139	empire	4	139	empire	4	138
1904	emplaster	140	3	4				emplaster	4	140	emplaster	4	140	emplaster	4	140	emplaster	4	139
1905	emporium	141	3	4				emporium	4	141	emporium	4	141	emporium	4	141	emporium	4	140
1906	empty	142	3	4				empty	4	142	empty	4	142	empty	4	142	empty	4	141
1907	emulate	143	3	3				emulate	3	143	emnlate	1	143	emulate	3	143	emulate	3	142
1908	Emydidse	144	3	3				Emydidse	3	144	Emydidse	3	144	Emydids	1	144	Emydidse	3	143
1909	enacture	145	3	4				enacture	4	145	enacture	4	145	enacture	4	145	enacture	4	144
1910	enantiomorphous	146	3	2	weak			enantiomorphous	2	146	enantiomorphons	1	146	enantiomorphous	2	146	enantiomorphoas	1	145
1911	encapsule	147	3	2	weak			encapsule	2	147	encapBnle	1	147	encapsole	1	147	encapsule	2	146
1912	encephalon	148	3	3				encephalon	3	148	encephalon	3	148	Warmth	1	148	encephalon	3	147
1913	enchecker	149	3	2	weak			enchecker	2	149	encliecker	1	149	enchecker	2	149	encbecker	1	148
1914	enclog	150	3	3				enclog	3	150	endog	1	150	enclog	3	150	enclog	3	149
1915	encounter	151	3	3				encounter	3	151	encreaseti	1	151	encounter	3	151	encounter	3	150
1916	encroach	152	3	3				encroach	3	152	encroach	3	152	encroach	3	152	encroacli	1	151
1917	encyclopedic	153	3	4				encyclopedic	4	153	encyclopedic	4	153	encyclopedic	4	153	encyclopedic	4	152
1918	end	154	3	4				end	4	154	end	4	154	end	4	154	end	4	153
1919	endearment	155	3	3				endearment	3	155	endearment	3	155	endeictic	1	155	endearment	3	154
1920	endiablement	156	3	4				endiablement	4	156	endiablement	4	156	endiablement	4	156	endiablement	4	155
1921	endoceratid	157	3	4				endoceratid	4	157	endoceratid	4	157	endoceratid	4	157	endoceratid	4	156
1922	endogonium	158	3	2	weak			endogonimn	1	158	endogonlum	1	158	endogonium	2	158	endogonium	2	157
1923	Developed	159	3	3				Developed	3	159	Endosporeae	1	159	Developed	3	159	Developed	3	158
1924	endosporitim	160	3	1	tie			endosporitim	1	160	endosporitun	1	160	endosporimn	1	160	endosporinm	1	159
1925	end-stone	161	3	4				end-stone	4	161	end-stone	4	161	end-stone	4	161	end-stone	4	160
1926	endwise	162	3	4				endwise	4	162	endwise	4	162	endwise	4	162	endwise	4	161
1927	energy	163	3	4				energy	4	163	energy	4	163	energy	4	163	energy	4	162
1928	enfeebler	164	3	4				enfeebler	4	164	enfeebler	4	164	enfeebler	4	164	enfeebler	4	163
1929	enforest	165	3	3				enforest	3	165	enforest	3	165	Henry	1	165	enforest	3	164
1930	engage	166	3	4				engage	4	166	engage	4	166	engage	4	166	engage	4	165
1931	engine	167	3	4				engine	4	167	engine	4	167	engine	4	167	engine	4	166
1932	enginery	168	3	4				enginery	4	168	enginery	4	168	enginery	4	168	enginery	4	167
1933	English	169	3	2	weak			English	2	169	English	2	169	EngUsh	1	169	jangiisn	1	168
1934	engrave	170	3	4				engrave	4	170	engrave	4	170	engrave	4	170	engrave	4	169
1935	Engyschistae	171	3	2	tie			Engyschistae	2	171	Engyschistse	2	171	Engyschistse	2	171	Engyschistae	2	170
1936	enigma	172	3	3				enigma	3	172	enigma	3	172	emgma	1	172	enigma	3	171
1937	enlace	173	3	4				enlace	4	173	enlace	4	173	enlace	4	173	enlace	4	172
1938	enlightenment	174	3	3				enlightenment	3	174	enlightemnent	1	174	enlightenment	3	174	enlightenment	3	173
1939	enneandrian	175	3	3				enneaudrian	1	175	enneandrian	3	175	enneandrian	3	175	enneandrian	3	174
1940	enorm	176	3	3				enonn	1	176	enorm	3	176	enorm	3	176	enorm	3	175
1941	enpierce	177	3	4				enpierce	4	177	enpierce	4	177	enpierce	4	177	enpierce	4	176
1942	enroll	178	3	4				enroll	4	178	enroll	4	178	enroll	4	178	enroll	4	177
1943	ensemble	179	3	4				ensemble	4	179	ensemble	4	179	ensemble	4	179	ensemble	4	178
1944	enslavedness	180	3	4				enslavedness	4	180	enslavedness	4	180	enslavedness	4	180	enslavedness	4	179
1945	entad	181	3	3				eutad	1	181	entad	3	181	entad	3	181	entad	3	180
1946	entastic	182	3	2	tie			entastic	2	182	entastic	2	182	entastlc	2	182	entastlc	2	181
1947	enter	183	3	3				enier	1	183	enter	3	183	enter	3	183	enter	3	182
1948	entero-iscliiocele	184	3	1	tie			entero-iscliiocele	1	184	entero-iscMocele	1	184	entero-ischiocele	1	184	enteio-iscMocele	1	183
1949	entertain	185	3	4				entertain	4	185	entertain	4	185	entertain	4	185	entertain	4	184
1950	enthrone	186	3	2	tie			enthrone	2	186	entlirone	2	186	enthrone	2	186	entlirone	2	185
1951	enticingly	187	3	4				enticingly	4	187	enticingly	4	187	enticingly	4	187	enticingly	4	186
1952	entocoelian	188	3	2	weak			entocoellan	1	188	entocoelian	2	188	entocoelian	2	188	Entoconcha	1	187
1953	Entomophthora	189	3	3				Entomopbthora	1	189	Entomophthora	3	189	Entomophthora	3	189	Entomophthora	3	188
1954	entotic	190	3	3				entotic	3	190	entotlc	1	190	entotic	3	190	entotic	3	189
1955	entreat	191	3	3				entreat	3	191	conversation	1	191	entreat	3	191	entreat	3	190
1956	entrust	192	3	3				entrust	3	192	entrust	3	192	entnist	1	192	entrust	3	191
1957	enunciate	193	3	4				enunciate	4	193	enunciate	4	193	enunciate	4	193	enunciate	4	192
1958	envier	194	3	3				envier	3	194	enner	1	194	envier	3	194	envier	3	193
1959	envy	195	3	4				envy	4	195	envy	4	195	envy	4	195	envy	4	194
1960	Eonycteris	196	3	3				Eonycteris	3	196	IBonycteris	1	196	Eonycteris	3	196	Eonycteris	3	195
1961	epanastrophe	197	3	4				epanastrophe	4	197	epanastrophe	4	197	epanastrophe	4	197	epanastrophe	4	196
1962	ependytes	198	3	4				ependytes	4	198	ependytes	4	198	ependytes	4	198	ependytes	4	197
1963	ephemeris	199	3	4				ephemeris	4	199	ephemeris	4	199	ephemeris	4	199	ephemeris	4	198
1964	Ephraitic	200	3	3				Epbraitic	1	200	Ephraitic	3	200	Ephraitic	3	200	Ephraitic	3	199
1965	epic	201	3	4				epic	4	201	epic	4	201	epic	4	201	epic	4	200
1966	epiclidal	202	3	4				epiclidal	4	202	epiclidal	4	202	epiclidal	4	202	epiclidal	4	201
1967	Epicurean	203	3	4				Epicurean	4	203	Epicurean	4	203	Epicurean	4	203	Epicurean	4	202
1968	epidennidal	204	3	2	tie			epidennidal	2	204	epidermidal	2	204	epidermidal	2	204	epidennidal	2	203
1969	epigeous	205	3	2	tie			epigeous	2	205	epigeons	2	205	epigeons	2	205	epigeous	2	204
1970	epigraphic	206	3	4				epigraphic	4	206	epigraphic	4	206	epigraphic	4	206	epigraphic	4	205
1971	Epimachinse	207	3	2	weak			Epimachinse	2	207	EpimacMns	1	207	Epimacliinse	1	207	Epimachinse	2	206
1972	epiphany	208	3	4				epiphany	4	208	epiphany	4	208	epiphany	4	208	epiphany	4	207
1973	epipleura	209	3	3				epipleura	3	209	epipleura	3	209	epipleara	1	209	epipleura	3	208
1974	episcopacy	210	3	4				episcopacy	4	210	episcopacy	4	210	episcopacy	4	210	episcopacy	4	209
1975	episodical	211	3	4				episodical	4	211	episodical	4	211	episodical	4	211	episodical	4	210
1976	epistolograpliic	212	3	1	tie			epistolograpliic	1	212	epistolograpMc	1	212	epistolographic	1	212	epistolographlc	1	211
1977	epithalamy	213	3	3				epithalamy	3	213	epithalamy	3	213	epithalamy	3	213	epitlialamy	1	212
1978	epitome	214	3	4				epitome	4	214	epitome	4	214	epitome	4	214	epitome	4	213
1979	e	215	3	4				e	4	215	e	4	215	e	4	215	e	4	214
1980	epronvette	216	3	2	weak			This	1	216	epronvette	2	216	eprouvette	1	216	epronvette	2	215
1981	equal	217	3	3				equal	3	217	She	1	217	equal	3	217	equal	3	216
1982	equation	218	3	4				equation	4	218	equation	4	218	equation	4	218	equation	4	217
1983	equational	219	3	3				equational	3	219	eqnational	1	219	equational	3	219	equational	3	218
1984	Equilateral	220	3	2	weak			Equilateral	2	220	Equilateral	2	220	equlformlty	1	220	ectuiformity	1	219
1985	equinoctial	221	3	4				equinoctial	4	221	equinoctial	4	221	equinoctial	4	221	equinoctial	4	220
1986	equipoise	222	3	3				equipoise	3	222	equipoise	3	222	eciolpoise	1	222	equipoise	3	221
1987	equitable	223	3	1	tie			equitable	1	223	ecLUitable	1	223	ecLoitable	1	223	ecinitable	1	222
1988	equivalent	224	3	3				equivalent	3	224	equivalent	3	224	equivalent	3	224	ectuivalent	1	223
1989	Equulidae	225	3	1	tie			Equulidae	1	225	Eannlids	1	225	Equulidse	1	225	Equulida	1	224
1990	Winter	226	3	2	tie			Winter	2	226	Eragrostis	2	226	Eragrostis	2	226	Winter	2	225
1991	Erechthites	227	3	4				Erechthites	4	227	Erechthites	4	227	Erechthites	4	227	Erechthites	4	226
1992	eremite	228	3	4				eremite	4	228	eremite	4	228	eremite	4	228	eremite	4	227
1993	Ergatis	229	3	4				Ergatis	4	229	Ergatis	4	229	Ergatis	4	229	Ergatis	4	228
1994	Erigeron	230	3	4				Erigeron	4	230	Erigeron	4	230	Erigeron	4	230	Erigeron	4	229
1995	Eriogaster	231	3	4				Eriogaster	4	231	Eriogaster	4	231	Eriogaster	4	231	Eriogaster	4	230
1996	erminites	232	3	4				erminites	4	232	erminites	4	232	erminites	4	232	erminites	4	231
1997	err	233	3	4				err	4	233	err	4	233	err	4	233	err	4	232
1998	error	234	3	4				error	4	234	error	4	234	error	4	234	error	4	233
1999	erupt	235	3	4				erupt	4	235	erupt	4	235	erupt	4	235	erupt	4	234
2000	Erythacus	236	3	2	tie			Erythacus	2	236	Erythacns	2	236	Erythacns	2	236	Erythacus	2	235
2001	erythrozym	237	3	2	weak			erythrozym	2	237	erythrozym	2	237	erythrozjrm	1	237	erythiozym	1	236
2002	escape	238	3	4				escape	4	238	escape	4	238	escape	4	238	escape	4	237
2003	escbeat	239	3	2	weak			escbeat	2	239	escbeat	2	239	escheat	1	239	no	1	238
2004	escrow	240	3	4				escrow	4	240	escrow	4	240	escrow	4	240	escrow	4	239
2005	esodic	241	3	3				esodic	3	241	esodic	3	241	esodic	3	241	esodlc	1	240
2006	especially	242	3	4				especially	4	242	especially	4	242	especially	4	242	especially	4	241
2007	esquamulose	243	3	2	weak			esquamulose	2	243	esqnamulose	1	243	esciuamulose	1	243	esquamulose	2	242
2008	essence	244	3	4				essence	4	244	essence	4	244	essence	4	244	essence	4	243
2009	essonier	245	3	3				essonler	1	245	essonier	3	245	essonier	3	245	essonier	3	244
2010	estate	246	3	4				estate	4	246	estate	4	246	estate	4	246	estate	4	245
2011	esteem	247	3	4				esteem	4	247	esteem	4	247	esteem	4	247	esteem	4	246
2012	Esthonian	248	3	4				Esthonian	4	248	Esthonian	4	248	Esthonian	4	248	Esthonian	4	247
2013	estoppel	249	3	4				estoppel	4	249	estoppel	4	249	estoppel	4	249	estoppel	4	248
2014	estuarine	250	3	4				estuarine	4	250	estuarine	4	250	estuarine	4	250	estuarine	4	249
2015	etcUng	251	3	2	weak			etching	1	251	etcUng	2	251	etcMng	1	251	etcUng	2	250
2016	Corruption	252	3	1	tie			Corruption	1	252	etemness	1	252	eternness	1	252	etenmess	1	251
2017	etheriform	253	3	3				etheriform	3	253	I	1	253	etheriform	3	253	etheriform	3	252
2018	ethmopresphenoidal	254	3	4				ethmopresphenoidal	4	254	ethmopresphenoidal	4	254	ethmopresphenoidal	4	254	ethmopresphenoidal	4	253
2019	ethylendiamine	255	3	3				ethylendiamine	3	255	ethylendiamlne	1	255	ethylendiamine	3	255	ethylendiamine	3	254
2020	ettle	256	3	4				ettle	4	256	ettle	4	256	ettle	4	256	ettle	4	255
2021	eublepharoid	257	3	3				eublepharoid	3	257	eublepharoid	3	257	eublepbaroid	1	257	eublepharoid	3	256
2022	Euchite	258	3	3				Euchite	3	258	Euchite	3	258	EucMte	1	258	Euchite	3	257
2023	Eucope	259	3	3				Eucope	3	259	Eacope	1	259	Eucope	3	259	Eucope	3	258
2024	euemerism	260	3	3				euemensm	1	260	euemerism	3	260	euemerism	3	260	euemerism	3	259
2025	euhemeristically	261	3	3				euhemeristically	3	261	enhemeristically	1	261	euhemeristically	3	261	euhemeristically	3	260
2026	Eumeces	262	3	3				Eumeces	3	262	Etuneces	1	262	Eumeces	3	262	Eumeces	3	261
2027	Eupagurus	263	3	2	weak			Eupagurus	2	263	Enpagnms	1	263	Eupagurus	2	263	Hermit-crab	1	262
2028	euphone	264	3	4				euphone	4	264	euphone	4	264	euphone	4	264	euphone	4	263
2029	euphuism	265	3	3				euphuism	3	265	A	1	265	euphuism	3	265	euphuism	3	264
2030	Eurasia	266	3	3				Eurasia	3	266	Snrasia	1	266	Eurasia	3	266	Eurasia	3	265
2031	Euryalidae	267	3	2	weak			Euryalidae	2	267	Enryalida	1	267	Euryalidae	2	267	Euryalids	1	266
2032	Eurypteridae	268	3	3				Eurypteridae	3	268	Eurypterlds	1	268	Eurypteridae	3	268	Eurypteridae	3	267
2033	Eustathian	269	3	3				Eustathian	3	269	Enstathian	1	269	Eustathian	3	269	Eustathian	3	268
2034	Euzine	272	3	2	weak			Euxine	1	272	Euzine	2	270	Euziiie	1	270	Euzine	2	269
2035	evanescible	273	3	2	weak			read	1	273	apostlea	1	271	evanescible	2	271	evanescible	2	270
2036	evangelize	274	3	4				evangelize	4	274	evangelize	4	272	evangelize	4	272	evangelize	4	271
2037	evasion	275	3	4				evasion	4	275	evasion	4	273	evasion	4	273	evasion	4	272
2038	even	276	3	4				even	4	276	even	4	274	even	4	274	even	4	273
2039	evenlong	277	3	4				evenlong	4	277	evenlong	4	275	evenlong	4	275	evenlong	4	274
2040	eventual	278	3	4				eventual	4	278	eventual	4	276	eventual	4	276	eventual	4	275
2041	ever-living	279	3	4				ever-living	4	279	ever-living	4	277	ever-living	4	277	ever-living	4	276
2042	evese	280	3	3				evese	3	280	evese	3	278	An	1	278	evese	3	277
2043	evidential	281	3	4				evidential	4	281	evidential	4	279	evidential	4	279	evidential	4	278
2044	eviscerate	282	3	4				eviscerate	4	282	eviscerate	4	280	eviscerate	4	280	eviscerate	4	279
2045	evolutionism	283	3	2	weak			evolutionism	2	283	eTolntloiiIsm	1	281	British	1	281	evolutionism	2	280
2046	ewn	284	3	2	tie			ewn	2	284	of	2	282	ewn	2	282	of	2	281
2047	exactly	285	3	4				exactly	4	285	exactly	4	283	exactly	4	283	exactly	4	282
2048	exaltate	286	3	2	tie			exaltate	2	286	ezaltate	2	284	exaltate	2	284	ezaltate	2	283
2049	examinator	287	3	3				examinator	3	287	I	1	285	examinator	3	285	examinator	3	284
2050	exanimate	288	3	3				exanimate	3	288	exanimate	3	286	exanimate	3	286	ezanimate	1	285
2051	ezauctorate	289	3	3				ezauctorate	3	289	ezauctorate	3	287	ezauctorate	3	287	exauctorate	1	286
2052	ezcecation	290	3	2	tie			ezcecation	2	290	excecation	2	288	ezcecation	2	288	excecation	2	287
2053	excelsitude	291	3	3				excelsitude	3	291	excelsltude	1	289	excelsitude	3	289	excelsitude	3	288
2054	exceptive	292	3	4				exceptive	4	292	exceptive	4	290	exceptive	4	290	exceptive	4	289
2055	exchange	293	3	2	weak			Ill	1	293	exchange	2	291	exchange	2	291	ezdiange	1	290
2056	excise	294	3	4				excise	4	294	excise	4	292	excise	4	292	excise	4	291
2057	exclaim	295	3	4				exclaim	4	295	exclaim	4	293	exclaim	4	293	exclaim	4	292
2058	exclusiveness	296	3	4				exclusiveness	4	296	exclusiveness	4	294	exclusiveness	4	294	exclusiveness	4	293
2059	excrement	297	3	4				excrement	4	297	excrement	4	295	excrement	4	295	excrement	4	294
2060	ezcurrent	298	3	2	weak			excurrent	1	298	ezcurrent	2	296	ezciurent	1	296	ezcurrent	2	295
2061	excuse	299	3	4				excuse	4	299	excuse	4	297	excuse	4	297	excuse	4	296
2062	executer	300	3	1	tie			executer	1	300	ezecuter	1	298	execnter	1	298	ezecnter	1	297
2063	exedra	301	3	2	tie			exedra	2	301	exedra	2	299	ezedra	2	299	ezedra	2	298
2064	exemplify	302	3	4				exemplify	4	302	exemplify	4	300	exemplify	4	300	exemplify	4	299
2065	exercise	303	3	4				exercise	4	303	exercise	4	301	exercise	4	301	exercise	4	300
2066	exeunt	304	3	4				exeunt	4	304	exeunt	4	302	exeunt	4	302	exeunt	4	301
2067	exhaust	305	3	2	weak			exbauBt	1	305	exhaust	2	303	exliaust	1	303	exhaust	2	302
2068	exhibition	306	3	2	weak			Nor	1	306	exhibition	2	304	exhibition	2	304	exMbition	1	303
2069	exigency	307	3	4				exigency	4	307	exigency	4	305	exigency	4	305	exigency	4	304
2070	exinanition	308	3	4				exinanition	4	308	exinanition	4	306	exinanition	4	306	exinanition	4	305
2071	Exocepbala	309	3	1	tie			Exocepbala	1	309	Ezocepbala	1	307	Exocephala	1	307	jsxoeepnala	1	306
2072	ezomologesis	310	3	2	tie			ezomologesis	2	310	exomologesis	2	308	exomologesis	2	308	ezomologesis	2	307
2073	exorcise	311	3	4				exorcise	4	311	exorcise	4	309	exorcise	4	309	exorcise	4	308
2074	ezostosed	312	3	3				exostosed	1	312	ezostosed	3	310	ezostosed	3	310	ezostosed	3	309
2075	expansion	313	3	3				expansion	3	313	expansion	3	311	ezpansxon	1	311	expansion	3	310
2076	expect	314	3	4				expect	4	314	expect	4	312	expect	4	312	expect	4	311
2077	expectorate	315	3	4				expectorate	4	315	expectorate	4	313	expectorate	4	313	expectorate	4	312
2078	expedition	316	3	4				expedition	4	316	expedition	4	314	expedition	4	314	expedition	4	313
2079	experience	317	3	3				experience	3	317	experience	3	315	expenence	1	315	experience	3	314
2080	experimentalize	318	3	4				experimentalize	4	318	experimentalize	4	316	experimentalize	4	316	experimentalize	4	315
2081	ezpirant	319	3	3				expirant	1	319	ezpirant	3	317	ezpirant	3	317	ezpirant	3	316
2082	explanation	320	3	4				explanation	4	320	explanation	4	318	explanation	4	318	explanation	4	317
2083	explode	321	3	4				explode	4	321	explode	4	319	explode	4	319	explode	4	318
2084	explore	322	3	4				explore	4	322	explore	4	320	explore	4	320	explore	4	319
2085	expose	323	3	4				expose	4	323	expose	4	321	expose	4	321	expose	4	320
2086	exposure	324	3	4				exposure	4	324	exposure	4	322	exposure	4	322	exposure	4	321
2087	expression	325	3	4				expression	4	325	expression	4	323	expression	4	323	expression	4	322
2088	expropriation	326	3	4				expropriation	4	326	expropriation	4	324	expropriation	4	324	expropriation	4	323
2089	exquisite	327	3	3				exquisite	3	327	exquisite	3	325	exquisite	3	325	excLuislte	1	324
2090	exsufflation	328	3	3				exsufflation	3	328	exsufflation	3	326	exsufflatlon	1	326	exsufflation	3	325
2091	extend	329	3	4				extend	4	329	extend	4	327	extend	4	327	extend	4	326
2092	extension-pedal	330	3	4				extension-pedal	4	330	extension-pedal	4	328	extension-pedal	4	328	extension-pedal	4	327
2093	extenuate	331	3	4				extenuate	4	331	extenuate	4	329	extenuate	4	329	extenuate	4	328
2094	external	332	3	4				external	4	332	external	4	330	external	4	330	external	4	329
2095	extincteur	333	3	3				extincteur	3	333	extincteur	3	331	extincteur	3	331	eztincteur	1	330
2096	extorter	334	3	4				extorter	4	334	extorter	4	332	extorter	4	332	extorter	4	331
2097	extract	335	3	4				extract	4	335	extract	4	333	extract	4	333	extract	4	332
2098	extraneity	336	3	3				extraneity	3	336	extraneity	3	334	extraneity	3	334	eztraneity	1	333
2099	extra-uterine	337	3	3				extra-uterine	3	337	eztra-uterine	1	335	extra-uterine	3	335	extra-uterine	3	334
2100	extreme	338	3	4				extreme	4	338	extreme	4	336	extreme	4	336	extreme	4	335
2101	extrinsical	339	3	4				extrinsical	4	339	extrinsical	4	337	extrinsical	4	337	extrinsical	4	336
2102	exulcerate	340	3	3				exulcerate	3	340	ezulcerate	1	338	exulcerate	3	338	exulcerate	3	337
2103	eyas	341	3	4				eyas	4	341	eyas	4	339	eyas	4	339	eyas	4	338
2104	eye	342	3	4				eye	4	342	eye	4	340	eye	4	340	eye	4	339
2105	eyebright	343	3	4				eyebright	4	343	eyebright	4	341	eyebright	4	341	eyebright	4	340
2106	eye-service	344	3	3				eye-service	3	344	eye-service	3	342	eye-service	3	342	eye-semce	1	341
2107	The	345	3	3				The	3	345	sixth	1	343	The	3	343	The	3	342
2108	fable	346	3	4				fable	4	346	fable	4	344	fable	4	344	fable	4	343
2109	fabulate	347	3	3				fabulate	3	347	fabulate	3	345	fabulate	3	345	Tabulate	1	344
2110	face	348	3	4				face	4	348	face	4	346	face	4	346	face	4	345
2111	facer	349	3	4				facer	4	349	facer	4	347	facer	4	347	facer	4	346
2112	facileness	350	3	4				facileness	4	350	facileness	4	348	facileness	4	348	facileness	4	347
2113	fact	351	3	4				fact	4	351	fact	4	349	fact	4	349	fact	4	348
2114	factor	352	3	4				factor	4	352	factor	4	350	factor	4	350	factor	4	349
2115	faculty	353	3	3				faculty	3	353	faculty	3	351	facnlty	1	351	faculty	3	350
2116	fader	354	3	4				fader	4	354	fader	4	352	fader	4	352	fader	4	351
2117	ot	355	3	1	tie			ot	1	355	first	1	353	fagot	1	353	of	1	352
2118	fail	356	3	3				faU	1	356	fail	3	354	fail	3	354	fail	3	353
2119	faint	357	3	4				faint	4	357	faint	4	355	faint	4	355	faint	4	354
2120	fair	358	3	4				fair	4	358	fair	4	356	fair	4	356	fair	4	355
2121	fair-natured	359	3	3				fair-natured	3	359	fair-natored	1	357	fair-natured	3	357	fair-natured	3	356
2122	faith	360	3	4				faith	4	360	faith	4	358	faith	4	358	faith	4	357
2123	faithless	361	3	4				faithless	4	361	faithless	4	359	faithless	4	359	faithless	4	358
2124	falcate	362	3	4				falcate	4	362	falcate	4	360	falcate	4	360	falcate	4	359
2125	falcon-bill	363	3	4				falcon-bill	4	363	falcon-bill	4	361	falcon-bill	4	361	falcon-bill	4	360
2126	Faliscan	364	3	4				Faliscan	4	364	Faliscan	4	362	Faliscan	4	362	Faliscan	4	361
2127	fall	365	3	3				fall	3	365	faU	1	363	fall	3	363	fall	3	362
2128	fall	366	3	3				fall	3	366	fall	3	364	faU	1	364	fall	3	363
2129	fall-fish	367	3	4				fall-fish	4	367	fall-fish	4	365	fall-fish	4	365	fall-fish	4	364
2130	falltrank	368	3	4				falltrank	4	368	falltrank	4	366	falltrank	4	366	falltrank	4	365
2131	falsehood	369	3	4				falsehood	4	369	falsehood	4	367	falsehood	4	367	falsehood	4	366
2132	falter	370	3	4				falter	4	370	falter	4	368	falter	4	368	falter	4	367
2133	familiar	371	3	4				familiar	4	371	familiar	4	369	familiar	4	369	familiar	4	368
2134	family	372	3	4				family	4	372	family	4	370	family	4	370	family	4	369
2135	fan	373	3	4				fan	4	373	fan	4	371	fan	4	371	fan	4	370
2136	about	374	3	4				about	4	374	about	4	372	about	4	372	about	4	371
2137	fand	375	3	4				fand	4	375	fand	4	373	fand	4	373	fand	4	372
2138	fangle	376	3	4				fangle	4	376	fangle	4	374	fangle	4	374	fangle	4	373
2139	fantastic	377	3	4				fantastic	4	377	fantastic	4	375	fantastic	4	375	fantastic	4	374
2140	far	378	3	4				far	4	378	far	4	376	far	4	376	far	4	375
2141	farandly	379	3	4				farandly	4	379	farandly	4	377	farandly	4	377	farandly	4	376
2142	fare	380	3	4				fare	4	380	fare	4	378	fare	4	378	fare	4	377
2143	far-forth	381	3	4				far-forth	4	381	far-forth	4	379	far-forth	4	379	far-forth	4	378
2144	farmary	382	3	3				farmary	3	382	farmary	3	380	fannary	1	380	farmary	3	379
2145	farrier	383	3	3				farrier	3	383	far-seen	1	381	farrier	3	381	farrier	3	380
2146	farthing	384	3	3				fartliing	1	384	farthing	3	382	farthing	3	382	farthing	3	381
2147	Fascicularia	385	3	4				Fascicularia	4	385	Fascicularia	4	383	Fascicularia	4	383	Fascicularia	4	382
2148	fasel	386	3	4				fasel	4	386	fasel	4	384	fasel	4	384	fasel	4	383
2149	fashionless	387	3	4				fashionless	4	387	fashionless	4	385	fashionless	4	385	fashionless	4	384
2150	fast	388	3	4				fast	4	388	fast	4	386	fast	4	386	fast	4	385
2151	fastens	389	3	4				fastens	4	389	fastens	4	387	fastens	4	387	fastens	4	386
2152	fat	390	3	3				fat	3	390	fat	3	388	fat	3	388	xat	1	387
2153	fatality	391	3	3				fatality	3	391	fataUty	1	389	fatality	3	389	fatality	3	388
2154	father	392	3	4				father	4	392	father	4	390	father	4	390	father	4	389
2155	fathom	393	3	4				fathom	4	393	fathom	4	391	fathom	4	391	fathom	4	390
2156	fat-lean	394	3	4				fat-lean	4	394	fat-lean	4	392	fat-lean	4	392	fat-lean	4	391
2157	faucon	395	3	3				faucon	3	395	fancon	1	393	faucon	3	393	faucon	3	392
2158	faulty	396	3	4				faulty	4	396	faulty	4	394	faulty	4	394	faulty	4	393
2159	favor	397	3	4				favor	4	397	favor	4	395	favor	4	395	favor	4	394
2160	favorite	398	3	4				favorite	4	398	favorite	4	396	favorite	4	396	favorite	4	395
2161	fay	399	3	4				fay	4	399	fay	4	397	fay	4	397	fay	4	396
2162	fear	400	3	3				To	1	400	fear	3	398	fear	3	398	fear	3	397
2163	feast	401	3	4				feast	4	401	feast	4	399	feast	4	399	feast	4	398
2164	feather	402	3	4				feather	4	402	feather	4	400	feather	4	400	feather	4	399
2165	feathering	403	3	4				feathering	4	403	feathering	4	401	feathering	4	401	feathering	4	400
2166	febrifuge	404	3	3				febrifuge	3	404	febrifuge	3	402	febrifuge	3	402	febriftige	1	401
2167	feddan	405	3	4				feddan	4	405	feddan	4	403	feddan	4	403	feddan	4	402
2168	fedoa	406	3	4				fedoa	4	406	fedoa	4	404	fedoa	4	404	fedoa	4	403
2169	feebly	407	3	4				feebly	4	407	feebly	4	405	feebly	4	405	feebly	4	404
2170	fee-farm	408	3	4				fee-farm	4	408	fee-farm	4	406	fee-farm	4	406	fee-farm	4	405
2171	feel	409	3	4				feel	4	409	feel	4	407	feel	4	407	feel	4	406
2172	feeze	410	3	2	weak			feeze	2	410	feese	1	408	feeze	2	408	drive	1	407
2173	feldsher	411	3	4				feldsher	4	411	feldsher	4	409	feldsher	4	409	feldsher	4	408
2174	Felinia	412	3	4				Felinia	4	412	Felinia	4	410	Felinia	4	410	Felinia	4	409
2175	fellow	413	3	4				fellow	4	413	fellow	4	411	fellow	4	411	fellow	4	410
2176	felly	414	3	3				felly	3	414	felly	3	412	felly	3	412	fellowship	1	411
2177	felt	415	3	4				felt	4	415	felt	4	413	felt	4	413	felt	4	412
2178	femalize	416	3	4				femalize	4	416	femalize	4	414	femalize	4	414	femalize	4	413
2179	femur	417	3	3				femur	3	417	femur	3	415	femnr	1	415	femur	3	414
2180	fence-	418	3	4				fence-	4	418	fence-	4	416	fence-	4	416	fence-	4	415
2181	fenestral	419	3	4				fenestral	4	419	fenestral	4	417	fenestral	4	417	fenestral	4	416
2182	fenugreek	420	3	4				fenugreek	4	420	fenugreek	4	418	fenugreek	4	418	fenugreek	4	417
2183	feretory	421	3	2	tie			feretory	2	421	feretory	2	419	English	2	419	English	2	418
2184	ferment	422	3	4				ferment	4	422	ferment	4	420	ferment	4	420	ferment	4	419
2185	Male-fern	423	3	2	weak			fern	1	423	Male-fern	2	421	Male-fern	2	421	Mate-fern	1	420
2186	ferrandine	424	3	2	tie			ferrandine	2	424	ferrandlne	2	422	ferrandine	2	422	ferrandlne	2	421
2187	ferroprussic	425	3	4				ferroprussic	4	425	ferroprussic	4	423	ferroprussic	4	423	ferroprussic	4	422
2188	fertility	426	3	4				fertility	4	426	fertility	4	424	fertility	4	424	fertility	4	423
2189	fescue	427	3	2	tie			fescue	2	427	a	2	425	a	2	425	fescue	2	424
2190	festoon	428	3	4				festoon	4	428	festoon	4	426	festoon	4	426	festoon	4	425
2191	fetch	429	3	3				I	1	429	fetch	3	427	fetch	3	427	fetch	3	426
2192	fetishistic	430	3	2	weak			fetishistic	2	430	fetishistic	2	428	fetishlstic	1	428	fetisMstic	1	427
2193	feuage	431	3	3				feuage	3	431	fenage	1	429	feuage	3	429	feuage	3	428
2194	feu-duty	432	3	3				feu-duty	3	432	feu-duty	3	430	feu-dnty	1	430	feu-duty	3	429
2195	fever	433	3	4				fever	4	433	fever	4	431	fever	4	431	fever	4	430
2196	feverish	434	3	2	weak			feverish	2	434	feTerlsh	1	432	feverish	2	432	feverlsli	1	431
2197	fiancee	435	3	4				fiancee	4	435	fiancee	4	433	fiancee	4	433	fiancee	4	432
2198	fibrillar	436	3	3				fibrillar	3	436	flbrillar	1	434	fibrillar	3	434	fibrillar	3	433
2199	fibrovascular	437	3	3				Right	3	437	Righl	1	435	Right	3	435	Right	3	434
2200	fiction	438	3	3				fiction	3	438	flctios	1	436	fiction	3	436	fiction	3	435
2201	fiddle	439	3	4				fiddle	4	439	fiddle	4	437	fiddle	4	437	fiddle	4	436
2202	fldge	440	3	2	tie			fldge	2	440	fidge	2	438	fldge	2	438	fidge	2	437
2203	field	441	3	4				field	4	441	field	4	439	field	4	439	field	4	438
2204	field-glass	442	3	4				field-glass	4	442	field-glass	4	440	field-glass	4	440	field-glass	4	439
2205	flendfully	443	3	2	weak			fiendfuUy	1	443	flendfully	2	441	fiendfully	1	441	flendfully	2	440
2206	fifer	444	3	2	tie			fifer	2	444	flfer	2	442	flfer	2	442	fifer	2	441
2207	fig	445	3	4				fig	4	445	fig	4	443	fig	4	443	fig	4	442
2208	fighting	446	3	3				fighting	3	446	fighting	3	444	fighting	3	444	shroud	1	443
2209	figurative	447	3	4				figurative	4	447	figurative	4	445	figurative	4	445	figurative	4	444
2210	figure	448	3	3				figure	3	448	flgnre	1	446	figure	3	446	figure	3	445
2211	fike	449	3	3				fike	3	449	fike	3	447	flke	1	447	fike	3	446
2212	filch	450	3	4				filch	4	450	filch	4	448	filch	4	448	filch	4	447
2213	file	451	3	4				file	4	451	file	4	449	file	4	449	file	4	448
2214	filibuster	452	3	4				filibuster	4	452	filibuster	4	450	filibuster	4	450	filibuster	4	449
2215	fill	453	3	2	weak			fill	2	453	flU	1	451	fill	2	451	fills	1	450
2216	filling	454	3	3				filling	3	454	fllling	1	452	filling	3	452	filling	3	451
2217	filter	455	3	4				filter	4	455	filter	4	453	filter	4	453	filter	4	452
2218	Fimbriate	456	3	1	tie			Fimbriate	1	456	Fintbriate	1	454	l-imbriatc	1	454	fimbriate	1	453
2219	finale	457	3	4				finale	4	457	finale	4	455	finale	4	455	finale	4	454
2220	finch	458	3	3				finch	3	458	flnch	1	456	finch	3	456	finch	3	455
2221	findjan	459	3	2	weak			findjan	2	459	flndjan	1	457	findjan	2	457	fiudjan	1	456
2222	fine	460	3	4				fine	4	460	fine	4	458	fine	4	458	fine	4	457
2223	fine-rolls	461	3	3				fine-rolls	3	461	fine-rolls	3	459	flne-rolls	1	459	fine-rolls	3	458
2224	finger	462	3	3				every	1	462	finger	3	460	finger	3	460	finger	3	459
2225	flnically	463	3	2	tie			flnically	2	463	finically	2	461	flnically	2	461	finically	2	460
2226	finite	464	3	4				finite	4	464	finite	4	462	finite	4	462	finite	4	461
2227	fire	465	3	2	weak			fire	2	465	Are	1	463	fire	2	463	fixe	1	462
2228	fire	466	3	4				fire	4	466	fire	4	464	fire	4	464	fire	4	463
2229	fire-clay	467	3	3				fire-clay	3	467	flre-clay	1	465	fire-clay	3	465	fire-clay	3	464
2230	fire-holder	468	3	3				fire-holder	3	468	fire-holder	3	466	flre-holder	1	466	fire-holder	3	465
2231	fire-room	469	3	3				fire-room	3	469	fire-room	3	467	rious	1	467	fire-room	3	466
2232	flre-worshlper	470	3	2	weak			flre-worshlper	2	470	flre-worshlper	2	468	flre-worshiper	1	468	fire-	1	467
2233	firmament	471	3	3				firmament	3	471	firmament	3	469	firmament	3	469	finnaiment	1	468
2234	first	472	3	4				first	4	472	first	4	470	first	4	470	first	4	469
2235	fiscal	473	3	4				fiscal	4	473	fiscal	4	471	fiscal	4	471	fiscal	4	470
2236	fish	474	3	3				fish	3	474	flsli	1	472	fish	3	472	fish	3	471
2237	fish-fall	475	3	3				fish-fall	3	475	fish-fall	3	473	flsh-fall	1	473	fish-fall	3	472
2238	fish-plate	476	3	3				flsh-plate	1	476	fish-plate	3	474	fish-plate	3	474	fish-plate	3	473
2239	flssilingual	477	3	2	weak			flssilingual	2	477	fissilingnal	1	475	flssilingual	2	475	fissilingual	1	474
2240	Keyhole-Limpet	478	3	2	weak			Keyhole-Limpet	2	478	Fissurellacea	1	476	Kcyliulc-Liiiipct	1	476	Keyhole-Limpet	2	475
2241	fistwise	479	3	3				fistwise	3	479	fistwise	3	477	flatwise	1	477	fistwise	3	476
2242	fit	480	3	4				fit	4	480	fit	4	478	fit	4	478	fit	4	477
2243	fittie-lan'	481	3	2	weak			fittie-lan'	2	481	flUle-lan'	1	479	flttie-lan'	1	479	fittie-lan'	2	478
2244	fix	482	3	4				fix	4	482	fix	4	480	fix	4	480	fix	4	479
2245	fixing	483	3	3				fixing	3	483	fiTJTIg	1	481	fixing	3	481	fixing	3	480
2246	flabel	484	3	4				flabel	4	484	flabel	4	482	flabel	4	482	flabel	4	481
2247	flag	485	3	3				flag	3	485	flag	3	483	flag	3	483	a	1	482
2248	flagellate	486	3	4				flagellate	4	486	flagellate	4	484	flagellate	4	484	flagellate	4	483
2249	flagon	487	3	3				Jliujon	1	487	flagon	3	485	flagon	3	485	flagon	3	484
2250	flake	488	3	3				flake	3	488	Kair	1	486	flake	3	486	flake	3	485
2251	flame	489	3	4				flame	4	489	flame	4	487	flame	4	487	flame	4	486
2252	flammiferous	490	3	3				flammiferous	3	490	flanuniferoas	1	488	flammiferous	3	488	flammiferous	3	487
2253	flank	491	3	4				flank	4	491	flank	4	489	flank	4	489	flank	4	488
2254	flapdoodle	492	3	4				flapdoodle	4	492	flapdoodle	4	490	flapdoodle	4	490	flapdoodle	4	489
2255	flash	493	3	4				flash	4	493	flash	4	491	flash	4	491	flash	4	490
2256	flashy	494	3	3				flashy	3	494	flasby	1	492	flashy	3	492	flashy	3	491
2257	flat	495	3	3				flat	3	495	flat	3	493	flat	3	493	fiat	1	492
2258	flatly	496	3	4				flatly	4	496	flatly	4	494	flatly	4	494	flatly	4	493
2259	flattery	497	3	4				flattery	4	497	flattery	4	495	flattery	4	495	flattery	4	494
2260	flautist	498	3	4				flautist	4	498	flautist	4	496	flautist	4	496	flautist	4	495
2261	Flax	499	3	3				riax	1	499	Flax	3	497	Flax	3	497	Flax	3	496
2262	fleabane	500	3	3				fieabane	1	500	fleabane	3	498	fleabane	3	498	fleabane	3	497
2263	flection	501	3	3				flection	3	501	flection	3	499	flection	3	499	necuon	1	498
2264	fleecy	502	3	4				fleecy	4	502	fleecy	4	500	fleecy	4	500	fleecy	4	499
2265	fleet	503	3	4				fleet	4	503	fleet	4	501	fleet	4	501	fleet	4	500
2266	flesh	504	3	4				flesh	4	504	flesh	4	502	flesh	4	502	flesh	4	501
2267	flesh-tooth	505	3	3				flesh-tooth	3	505	flesh-tooth	3	503	fliche	1	503	flesh-tooth	3	502
2268	flexed	506	3	4				flexed	4	506	flexed	4	504	flexed	4	504	flexed	4	503
2269	flicker	507	3	4				flicker	4	507	flicker	4	505	flicker	4	505	flicker	4	504
2270	flightily	508	3	2	weak			flightily	2	508	r	1	506	fllghtlly	1	506	flightily	2	505
2271	fling	509	3	4				fling	4	509	fling	4	507	fling	4	507	fling	4	506
2272	flip	510	3	4				flip	4	510	flip	4	508	flip	4	508	flip	4	507
2273	flirtingly	511	3	2	weak			flirtingly	2	511	fllrtingly	1	509	flirt	1	509	flirtingly	2	508
2274	flitting	512	3	4				flitting	4	512	flitting	4	510	flitting	4	510	flitting	4	509
2275	floatage	513	3	4				floatage	4	513	floatage	4	511	floatage	4	511	floatage	4	510
2276	flock	514	3	4				flock	4	514	flock	4	512	flock	4	512	flock	4	511
2277	flogging	515	3	4				flogging	4	515	flogging	4	513	flogging	4	513	flogging	4	512
2278	floor	516	3	4				floor	4	516	floor	4	514	floor	4	514	floor	4	513
2279	floreated	517	3	3				floreated	3	517	fioreated	1	515	floreated	3	515	floreated	3	514
2280	florin	518	3	3				Gold	3	518	Gold	3	516	Cold	1	516	Gold	3	515
2281	flotation	519	3	4				flotation	4	519	flotation	4	517	flotation	4	517	flotation	4	516
2282	flourette	520	3	3				flourette	3	520	fllourette	1	518	flourette	3	518	flourette	3	517
2283	flout	521	3	4				flout	4	521	flout	4	519	flout	4	519	flout	4	518
2284	flower	522	3	4				flower	4	522	flower	4	520	flower	4	520	flower	4	519
2285	flowery	523	3	4				flowery	4	523	flowery	4	521	flowery	4	521	flowery	4	520
2286	flue	524	3	2	tie			fine	2	524	fine	2	522	flue	2	522	flue	2	521
2287	fluid	525	3	4				fluid	4	525	fluid	4	523	fluid	4	523	fluid	4	522
2288	flume-car	526	3	3				flume-car	3	526	flnme-car	1	524	flume-car	3	524	flume-car	3	523
2289	flurn	527	3	3				flurn	3	527	flnm	1	525	flurn	3	525	flurn	3	524
2290	flush	528	3	4				flush	4	528	flush	4	526	flush	4	526	flush	4	525
2291	flute	529	3	4				flute	4	529	flute	4	527	flute	4	527	flute	4	526
2292	fluty	530	3	4				fluty	4	530	fluty	4	528	fluty	4	528	fluty	4	527
2293	fluzive	531	3	2	weak			fluxive	1	531	flnzive	1	529	fluzive	2	529	fluzive	2	528
2294	fly	532	3	3				Poole	1	532	fly	3	530	fly	3	530	fly	3	529
2295	fly-dung	533	3	4				fly-dung	4	533	fly-dung	4	531	fly-dung	4	531	fly-dung	4	530
2296	fly-line	534	3	4				fly-line	4	534	fly-line	4	532	fly-line	4	532	fly-line	4	531
2297	foam	535	3	4				foam	4	535	foam	4	533	foam	4	533	foam	4	532
2298	focusing-frame	536	3	3				focusing-frame	3	536	the	1	534	focusing-frame	3	534	focusing-frame	3	533
2299	fog-alarm	537	3	4				fog-alarm	4	537	fog-alarm	4	535	fog-alarm	4	535	fog-alarm	4	534
2300	foil	538	3	3				foil	3	538	foU	1	536	foil	3	536	foil	3	535
2301	foist	539	3	4				foist	4	539	foist	4	537	foist	4	537	foist	4	536
2302	foldedly	540	3	4				foldedly	4	540	foldedly	4	538	foldedly	4	538	foldedly	4	537
2303	folier	541	3	2	tie			folier	2	541	foUer	2	539	foUer	2	539	folier	2	538
2304	folkmoot	542	3	3				folkmoot	3	542	foUcmoot	1	540	folkmoot	3	540	folkmoot	3	539
2305	follower	543	3	4				follower	4	543	follower	4	541	follower	4	541	follower	4	540
2306	fond	544	3	4				fond	4	544	fond	4	542	fond	4	542	fond	4	541
2307	fontange	545	3	4				fontange	4	545	fontange	4	543	fontange	4	543	fontange	4	542
2308	fool	546	3	4				fool	4	546	fool	4	544	fool	4	544	fool	4	543
2309	fool-killer	547	3	4				fool-killer	4	547	fool-killer	4	545	fool-killer	4	545	fool-killer	4	544
2310	foot	548	3	4				foot	4	548	foot	4	546	foot	4	546	foot	4	545
2311	footboy	549	3	4				footboy	4	549	footboy	4	547	footboy	4	547	footboy	4	546
2312	footknave	550	3	4				footknave	4	550	footknave	4	548	footknave	4	548	footknave	4	547
2313	foot-rot	551	3	4				foot-rot	4	551	foot-rot	4	549	foot-rot	4	549	foot-rot	4	548
2314	fopdoodle	552	3	4				fopdoodle	4	552	fopdoodle	4	550	fopdoodle	4	550	fopdoodle	4	549
2315	for	553	3	4				for	4	553	for	4	551	for	4	551	for	4	550
2316	foramen	554	3	4				foramen	4	554	foramen	4	552	foramen	4	552	foramen	4	551
2317	forbear	555	3	2	weak			forbear	2	555	see	1	553	forbear	2	553	and	1	552
2318	forbreak	556	3	4				forbreak	4	556	forbreak	4	554	forbreak	4	554	forbreak	4	553
2319	force	557	3	4				force	4	557	force	4	555	force	4	555	force	4	554
2320	force	558	3	4				force	4	558	force	4	556	force	4	556	force	4	555
2321	forcipate	559	3	4				forcipate	4	559	forcipate	4	557	forcipate	4	557	forcipate	4	556
2322	fore-and-aft	560	3	4				fore-and-aft	4	560	fore-and-aft	4	558	fore-and-aft	4	558	fore-and-aft	4	557
2323	foreclose	561	3	4				foreclose	4	561	foreclose	4	559	foreclose	4	559	foreclose	4	558
2324	forego	562	3	4				forego	4	562	forego	4	560	forego	4	560	forego	4	559
2325	foreigner	563	3	4				foreigner	4	563	foreigner	4	561	foreigner	4	561	foreigner	4	560
2326	foremost	564	3	4				foremost	4	564	foremost	4	562	foremost	4	562	foremost	4	561
2327	forerunner	565	3	3				forerunner	3	565	forerunner	3	563	forerunner	3	563	whither	1	562
2328	foresite	566	3	4				foresite	4	566	foresite	4	564	foresite	4	564	foresite	4	563
2329	fore-stall	567	3	4				fore-stall	4	567	fore-stall	4	565	fore-stall	4	565	fore-stall	4	564
2330	forethink	568	3	3				forethink	3	568	forethink	3	566	foretMnk	1	566	forethink	3	565
2331	forfeit	569	3	4				forfeit	4	569	forfeit	4	567	forfeit	4	567	forfeit	4	566
2332	forge	570	3	4				forge	4	570	forge	4	568	forge	4	568	forge	4	567
2333	forget-me-not	571	3	4				forget-me-not	4	571	forget-me-not	4	569	forget-me-not	4	569	forget-me-not	4	568
2334	forisfamiliate	572	3	4				forisfamiliate	4	572	forisfamiliate	4	570	forisfamiliate	4	570	forisfamiliate	4	569
2335	forlorn	573	3	4				forlorn	4	573	forlorn	4	571	forlorn	4	571	forlorn	4	570
2336	form	574	3	4				form	4	574	form	4	572	form	4	572	form	4	571
2337	formal	575	3	4				formal	4	575	formal	4	573	formal	4	573	formal	4	572
2338	formation	576	3	4				formation	4	576	formation	4	574	formation	4	574	formation	4	573
2339	Formicariidae	577	3	2	weak			Formicariidse	1	577	Fomicariidae	1	575	Formicariidae	2	575	Formicariidae	2	574
2340	formular	578	3	4				formular	4	578	formular	4	576	formular	4	576	formular	4	575
2341	forpass	579	3	4				forpass	4	579	forpass	4	577	forpass	4	577	forpass	4	576
2342	forspend	580	3	4				forspend	4	580	forspend	4	578	forspend	4	578	forspend	4	577
2343	forth	581	3	2	weak			forth	2	581	that	1	579	forth	2	579	henceforth	1	578
2344	forthy	582	3	4				forthy	4	582	forthy	4	580	forthy	4	580	forthy	4	579
2345	fortuitous	583	3	4				fortuitous	4	583	fortuitous	4	581	fortuitous	4	581	fortuitous	4	580
2346	forty	584	3	4				forty	4	584	forty	4	582	forty	4	582	forty	4	581
2347	forwarding	585	3	4				forwarding	4	585	forwarding	4	583	forwarding	4	583	forwarding	4	582
2348	fossa	586	3	4				fossa	4	586	fossa	4	584	fossa	4	584	fossa	4	583
2349	fossway	587	3	4				fossway	4	587	fossway	4	585	fossway	4	585	fossway	4	584
2350	foudroyant	588	3	4				foudroyant	4	588	foudroyant	4	586	foudroyant	4	586	foudroyant	4	585
2351	foully	589	3	4				foully	4	589	foully	4	587	foully	4	587	foully	4	586
2352	founder	590	3	4				founder	4	590	founder	4	588	founder	4	588	founder	4	587
2353	four	591	3	3				four	3	591	fonr	1	589	four	3	589	four	3	588
2354	fourscore	592	3	4				fourscore	4	592	fourscore	4	590	fourscore	4	590	fourscore	4	589
2355	fowl	593	3	4				fowl	4	593	fowl	4	591	fowl	4	591	fowl	4	590
2356	fox-goose	594	3	4				fox-goose	4	594	fox-goose	4	592	fox-goose	4	592	fox-goose	4	591
2357	frache	595	3	3				Tliis	1	595	frache	3	593	frache	3	593	frache	3	592
2358	fragile	596	3	4				fragile	4	596	fragile	4	594	fragile	4	594	fragile	4	593
2359	frain	597	3	3				frain	3	597	frain	3	595	fraln	1	595	frain	3	594
2360	frame	598	3	3				frame	3	598	firame	1	596	frame	3	596	frame	3	595
2361	franchise	599	3	3				franchise	3	599	franchise	3	597	franchise	3	597	francUse	1	596
2362	Frank	600	3	4				Frank	4	600	Frank	4	598	Frank	4	598	Frank	4	597
2363	Franklinian	601	3	1	tie			Franklinian	1	601	FranUuiian	1	599	Frauklinian	1	599	Frankliuian	1	598
2364	frater	602	3	4				frater	4	602	frater	4	600	frater	4	600	frater	4	599
2365	fraudlessly	603	3	2	weak			fraudlessly	2	603	firandlessly	1	601	fraudlessly	2	601	ftandlessly	1	600
2366	firazil	604	3	1	tie			firazil	1	604	frazU	1	602	ftazU	1	602	frazil	1	601
2367	free	605	3	3				free	3	605	firee	1	603	free	3	603	free	3	602
2368	free	606	3	4				free	4	606	free	4	604	free	4	604	free	4	603
2369	freedom	607	3	4				freedom	4	607	freedom	4	605	freedom	4	605	freedom	4	604
2370	treemasonry	608	3	2	tie			treemasonry	2	608	freemasonry	2	606	treemasonry	2	606	freemasonry	2	605
2371	freeze	609	3	3				freeze	3	609	flreeze	1	607	freeze	3	607	freeze	3	606
2372	fremedly	610	3	3				fremedly	3	610	fremedly	3	608	fVemedly	1	608	fremedly	3	607
2373	frenziedly	611	3	3				frenziedly	3	611	firenziedly	1	609	frenziedly	3	609	frenziedly	3	608
2374	fresh	612	3	4				fresh	4	612	fresh	4	610	fresh	4	610	fresh	4	609
2375	freshness	613	3	2	weak			freshness	2	613	fireshness	1	611	freshness	2	611	fteshness	1	610
2376	fret	614	3	2	weak			firet	2	614	ftet	1	612	firet	2	612	fret	1	611
2377	friar-bird	615	3	3				friar-bird	3	615	friar-bird	3	613	friar-bird	3	613	an	1	612
2378	frictionally	616	3	2	weak			and	1	616	frictionally	2	614	n	1	614	frictionally	2	613
2379	friend	617	3	3				friend	3	617	I	1	615	friend	3	615	friend	3	614
2380	friendship	618	3	4				friendship	4	618	friendship	4	616	friendship	4	616	friendship	4	615
2381	frigate-mackerel	619	3	4				frigate-mackerel	4	619	frigate-mackerel	4	617	frigate-mackerel	4	617	frigate-mackerel	4	616
2382	frigot	620	3	3				frigot	3	620	frigot	3	618	frigot	3	618	And	1	617
2383	fringilline	621	3	2	weak			fringilline	2	621	I	1	619	morum	1	619	fringilline	2	618
2384	frith	622	3	4				frith	4	622	frith	4	620	frith	4	620	frith	4	619
2385	frivolity	623	3	3				frivolity	3	623	I	1	621	frivolity	3	621	frivolity	3	620
2386	frocking	624	3	2	weak			frocking	2	624	Crocking	1	622	frocking	2	622	firocking	1	621
2387	frolic	625	3	3				frolic	3	625	froUc	1	623	frolic	3	623	frolic	3	622
2388	frond	626	3	4				frond	4	626	frond	4	624	frond	4	624	frond	4	623
2389	front	627	3	3				front	3	627	I	1	625	front	3	625	front	3	624
2390	frontispiece	628	3	3				frontispiece	3	628	firontispiece	1	626	frontispiece	3	626	frontispiece	3	625
2391	frost-bite	629	3	3				frost-bite	3	629	frost-bite	3	627	frost-bite	3	627	firost-bite	1	626
2392	frothy	630	3	3				frothy	3	630	frothy	3	628	ftotliy	1	628	frothy	3	627
2393	frowning	631	3	3				frowning	3	631	frowning	3	629	frowning	3	629	firownlng	1	628
2394	frugality	632	3	3				frugality	3	632	ftngality	1	630	frugality	3	630	frugality	3	629
2395	Fruit-fly	633	3	1	tie			Fruit-fly	1	633	I	1	631	fruiting	1	631	fruit-fly	1	630
2396	frumenty	634	3	3				frumenty	3	634	fnunenty	1	632	frumenty	3	632	frumenty	3	631
2397	frustule	635	3	2	weak			frustule	2	635	frustule	2	633	Fnjstum	1	633	A	1	632
2398	Fuchsia	636	3	4				Fuchsia	4	636	Fuchsia	4	634	Fuchsia	4	634	Fuchsia	4	633
2399	fuff	637	3	2	weak			fuff	2	637	ftaff	1	635	fuff	2	635	faff	1	634
2400	fugue	638	3	3				fugue	3	638	fngtie	1	636	fugue	3	636	fugue	3	635
2401	Fulgoridae	639	3	2	weak			Fulgoridae	2	639	FulgoridsB	1	637	Fulgoridae	2	637	jruigonaa	1	636
2402	full	640	3	2	weak			faU	1	640	foU	1	638	full	2	638	full	2	637
2403	full-bottomed	641	3	3				full-bottomed	3	641	fall-bottomed	1	639	full-bottomed	3	639	full-bottomed	3	638
2404	fnUy	642	3	1	tie			fnUy	1	642	ftiUy	1	640	ftUly	1	640	faUy	1	639
2405	fulvescent	643	3	3				fulvescent	3	643	falvescent	1	641	fulvescent	3	641	fulvescent	3	640
2406	fume	644	3	3				fume	3	644	fame	1	642	fume	3	642	fume	3	641
2407	fun	645	3	3				fun	3	645	ftm	1	643	fun	3	643	fun	3	642
2408	function	646	3	4				function	4	646	function	4	644	function	4	644	function	4	643
2409	fund	647	3	3				fund	3	647	fond	1	645	fund	3	645	fund	3	644
2410	funebrial	648	3	3				funebrial	3	648	funebrial	3	646	funebrial	3	646	fuuebrial	1	645
2411	Fungicolae	649	3	2	weak			Fungicolae	2	649	FiingicolaB	1	647	Fungicolae	2	647	Fungicolse	1	646
2412	funiform	650	3	2	weak			funiform	2	650	fonlform	1	648	funiform	2	648	Inn	1	647
2413	fur	651	3	3				fur	3	651	for	1	649	fur	3	649	fur	3	648
2414	furcula	652	3	1	tie			furcula	1	652	ttircnla	1	650	fnrcula	1	650	foTcnla	1	649
2415	furmenty	653	3	2	weak			furmenty	2	653	farmenty	1	651	furmenty	2	651	lurmenty	1	650
2416	furnished	654	3	1	tie			furnished	1	654	furnislied	1	652	famished	1	652	fanuslied	1	651
2417	furry	655	3	2	weak			Hllcd	1	655	fnrry	1	653	furry	2	653	furry	2	652
2418	fury	656	3	4				fury	4	656	fury	4	654	fury	4	654	fury	4	653
2419	fuse-plug	657	3	3				fuse-plug	3	657	fase-plng	1	655	fuse-plug	3	655	fuse-plug	3	654
2420	fusion	660	3	3				fusion	3	660	Pg-fuste	1	656	fusion	3	656	fusion	3	655
2421	Spindle-shell	661	3	1	tie			Spindle-shell	1	661	fttsty	1	657	Spindle-Bhell	1	657	fusty	1	656
2422	futurity	662	3	4				futurity	4	662	futurity	4	658	futurity	4	658	futurity	4	657
2423	The	663	3	3				Tho	1	663	The	3	659	The	3	659	The	3	658
2424	gabble	664	3	3				gabble	3	664	but	1	660	gabble	3	660	gabble	3	659
2425	gabled	665	3	2	tie			gabled	2	665	Gabled	2	661	gabled	2	661	Gabled	2	660
2426	Gadfly	666	3	3				Gadfly	3	666	Gadfly	3	662	Garlfly	1	662	Gadfly	3	661
2427	gad-whip	667	3	3				gad-whip	3	667	gad-whip	3	663	gad-wMp	1	663	gad-whip	3	662
2428	gag	668	3	4				gag	4	668	gag	4	664	gag	4	664	gag	4	663
2429	gaged	669	3	4				gaged	4	669	gaged	4	665	gaged	4	665	gaged	4	664
2430	gam	670	3	2	tie			gam	2	670	gain	2	666	gam	2	666	gain	2	665
2431	gaining-twist	671	3	4				gaining-twist	4	671	gaining-twist	4	667	gaining-twist	4	667	gaining-twist	4	666
2432	Galactodendron	672	3	2	tie			Galactodendron	2	672	Oalactodendron	2	668	Oalactodendron	2	668	Galactodendron	2	667
2433	Galaxy	673	3	2	weak			Galaxy	2	673	Ckilaxy	1	669	Galaxy	2	669	Qalaxy	1	668
2434	Galega	674	3	2	weak			Goat's	1	674	Oalega	1	670	Galega	2	670	Galega	2	669
2435	galera	675	3	3				galera	3	675	galera	3	671	galera	3	671	gaiera	1	670
2436	Galilean	676	3	4				Galilean	4	676	Galilean	4	672	Galilean	4	672	Galilean	4	671
2437	gall	677	3	3				gall	3	677	gall	3	673	gall	3	673	Belli	1	672
2438	gall-duct	678	3	3				gall-duct	3	678	gall-dnct	1	674	gall-duct	3	674	gall-duct	3	673
2439	galley	679	3	4				galley	4	679	galley	4	675	galley	4	675	galley	4	674
2440	Oallican	680	3	2	weak			Galilean	1	680	Oallican	2	676	Oallican	2	676	Gallican	1	675
2441	galling	681	3	4				galling	4	681	galling	4	677	galling	4	677	galling	4	676
2442	gallon	682	3	4				gallon	4	682	gallon	4	678	gallon	4	678	gallon	4	677
2443	gallows	683	3	3				gallowB	1	683	gallows	3	679	gallows	3	679	gallows	3	678
2444	galtrop	684	3	4				galtrop	4	684	galtrop	4	680	galtrop	4	680	galtrop	4	679
2445	galvanoscopic	685	3	4				galvanoscopic	4	685	galvanoscopic	4	681	galvanoscopic	4	681	galvanoscopic	4	680
2446	gamble	686	3	4				gamble	4	686	gamble	4	682	gamble	4	682	gamble	4	681
2447	game	687	3	3				game	3	687	dear	1	683	game	3	683	game	3	682
2448	gametophyte	688	3	4				gametophyte	4	688	gametophyte	4	684	gametophyte	4	684	gametophyte	4	683
2449	gamomorphism	689	3	2	weak			I	1	689	gamomorphism	2	685	gamomorphlsm	1	685	gamomorphism	2	684
2450	gang	690	3	4				gang	4	690	gang	4	686	gang	4	686	gang	4	685
2451	ganglion	691	3	4				ganglion	4	691	ganglion	4	687	ganglion	4	687	ganglion	4	686
2452	ganlster	692	3	3				ganister	1	692	ganlster	3	688	ganlster	3	688	ganlster	3	687
2453	gap	693	3	4				gap	4	693	gap	4	689	gap	4	689	gap	4	688
2454	gar	694	3	4				gar	4	694	gar	4	690	gar	4	690	gar	4	689
2455	garboard-strake	695	3	4				garboard-strake	4	695	garboard-strake	4	691	garboard-strake	4	691	garboard-strake	4	690
2456	gardener's-garters	696	3	4				gardener's-garters	4	696	gardener's-garters	4	692	gardener's-garters	4	692	gardener's-garters	4	691
2457	garget	697	3	4				garget	4	697	garget	4	693	garget	4	693	garget	4	692
2458	garland-flower	698	3	4				garland-flower	4	698	garland-flower	4	694	garland-flower	4	694	garland-flower	4	693
2459	garnishee	699	3	2	tie			garnishee	2	699	gamisliee	2	695	garnishee	2	695	gamisliee	2	694
2460	Garrulax	700	3	2	weak			Garrulax	2	700	Oarrulaz	1	696	Garrulax	2	696	Gamilax	1	695
2461	gas	701	3	3				gas	3	701	gas	3	697	gas	3	697	and	1	696
2462	gaseous	702	3	4				gaseous	4	702	gaseous	4	698	gaseous	4	698	gaseous	4	697
2463	gasometer	703	3	3				gasometer	3	703	gasometer	3	699	gasometer	3	699	upper	1	698
2464	gasteromycetous	704	3	3				gasteromycetous	3	704	gasteromycetous	3	700	Same	1	700	gasteromycetous	3	699
2465	gastrseum	705	3	2	weak			gastrseum	2	705	gastrseum	2	701	gastrxum	1	701	posed	1	700
2466	gastromalacia	706	3	3				gastromalacia	3	706	gastromalacla	1	702	gastromalacia	3	702	gastromalacia	3	701
2467	gastrulation	707	3	3				gastrulation	3	707	gastrulation	3	703	gastrulation	3	703	animals	1	702
2468	gate	708	3	4				gate	4	708	gate	4	704	gate	4	704	gate	4	703
2469	gather	709	3	3				gather	3	709	gather	3	705	gather	3	705	gatner	1	704
2470	gaub	710	3	2	tie			gaub	2	710	ganb	2	706	ganb	2	706	gaub	2	705
2471	gaum	711	3	2	weak			gaum	2	711	gaxun	1	707	gaum	2	707	Every	1	706
2472	gauze	712	3	3				gauze	3	712	gauze	3	708	gauze	3	708	ganze	1	707
2473	gawk	713	3	3				gawk	3	713	gawk	3	709	gawk	3	709	commence	1	708
2474	gaze	714	3	4				gaze	4	714	gaze	4	710	gaze	4	710	gaze	4	709
2475	gazzetta	715	3	2	weak			gazzetta	2	715	r	1	711	gazzetta	2	711	In	1	710
2476	geat	716	3	4				geat	4	716	geat	4	712	geat	4	712	geat	4	711
2477	gehydrophilian	717	3	3				gehydrophilian	3	717	gehydrophilian	3	713	gehydrophilian	3	713	eoujr	1	712
2478	geld	718	3	4				geld	4	718	geld	4	714	geld	4	714	geld	4	713
2479	Gemara	719	3	3				Gemara	3	719	See	1	715	Gemara	3	715	Gemara	3	714
2480	gemmary	720	3	3				genunary	1	720	gemmary	3	716	gemmary	3	716	gemmary	3	715
2481	genal	721	3	4				genal	4	721	genal	4	717	genal	4	717	genal	4	716
2482	generable	722	3	4				generable	4	722	generable	4	718	generable	4	718	generable	4	717
2483	generalissimo	723	3	4				generalissimo	4	723	generalissimo	4	719	generalissimo	4	719	generalissimo	4	718
2484	generation	724	3	4				generation	4	724	generation	4	720	generation	4	720	generation	4	719
2485	generous	725	3	3				generous	3	725	generons	1	721	generous	3	721	generous	3	720
2486	genial	726	3	4				genial	4	726	genial	4	722	genial	4	722	genial	4	721
2487	genital	727	3	3				genital	3	727	genital	3	723	One	1	723	genital	3	722
2488	genius	728	3	3				genius	3	728	genlns	1	724	genius	3	724	genius	3	723
2489	Gentian	729	3	4				Gentian	4	729	Gentian	4	725	Gentian	4	725	Gentian	4	724
2490	gentilize	730	3	4				gentilize	4	730	gentilize	4	726	gentilize	4	726	gentilize	4	725
2491	gentleman	731	3	4				gentleman	4	731	gentleman	4	727	gentleman	4	727	gentleman	4	726
2492	gentry	732	3	3				gentry	3	732	r	1	728	gentry	3	728	gentry	3	727
2493	Geocorinae	733	3	2	weak			Oeocorinae	1	733	Geocorinae	2	729	Geocorinae	2	729	lieocorinae	1	728
2494	geographical	734	3	3				geographical	3	734	geographical	3	730	geograpUcal	1	730	geographical	3	729
2495	geometric	735	3	4				geometric	4	735	geometric	4	731	geometric	4	731	geometric	4	730
2496	Giopinus	736	3	1	tie			Giopinus	1	736	Geopinus	1	732	geophilous	1	732	Geopimis	1	731
2497	Geositta	737	3	2	weak			Geositta	2	737	Geositta	2	733	Geosilla	1	733	ueositta	1	732
2498	geranium	738	3	4				geranium	4	738	geranium	4	734	geranium	4	734	geranium	4	733
2499	germ	739	3	4				germ	4	739	germ	4	735	germ	4	735	germ	4	734
2500	germ-cell	740	3	4				germ-cell	4	740	germ-cell	4	736	germ-cell	4	736	germ-cell	4	735
2501	gerontes	741	3	4				gerontes	4	741	gerontes	4	737	gerontes	4	737	gerontes	4	736
2502	gery	742	3	4				gery	4	742	gery	4	738	gery	4	738	gery	4	737
2503	gestour	743	3	2	tie			gestour	2	743	gestonr	2	739	gestonr	2	739	gestour	2	738
2504	get	744	3	4				get	4	744	get	4	740	get	4	740	get	4	739
2505	gewgaw	745	3	3				gewgaw	3	745	gcwgiiw	1	741	gewgaw	3	741	gewgaw	3	740
2506	ghawazee	746	3	4				ghawazee	4	746	ghawazee	4	742	ghawazee	4	742	ghawazee	4	741
2507	ghostless	747	3	4				ghostless	4	747	ghostless	4	743	ghostless	4	743	ghostless	4	742
2508	gib	748	3	4				gib	4	748	gib	4	744	gib	4	744	gib	4	743
2509	gibe	749	3	4				gibe	4	749	gibe	4	745	gibe	4	745	gibe	4	744
2510	gift	750	3	4				gift	4	750	gift	4	746	gift	4	746	gift	4	745
2511	giganticide	751	3	3				giganticide	3	751	glganticide	1	747	giganticide	3	747	giganticide	3	746
2512	gilbacker	752	3	4				gilbacker	4	752	gilbacker	4	748	gilbacker	4	748	gilbacker	4	747
2513	gil-guy	753	3	4				gil-guy	4	753	gil-guy	4	749	gil-guy	4	749	gil-guy	4	748
2514	gill-flirt	754	3	3				gill-flirt	3	754	giU-flirt	1	750	gill-flirt	3	750	gill-flirt	3	749
2515	gilthead	755	3	2	weak			gilthead	2	755	giltbead	1	751	gllthead	1	751	gilthead	2	750
2516	gin	756	3	4				gin	4	756	gin	4	752	gin	4	752	gin	4	751
2517	gingivitis	757	3	3				gingivitis	3	757	gingivltid	1	753	gingivitis	3	753	gingivitis	3	752
2518	Giottesque	758	3	2	weak			Giottesque	2	758	Giottesane	1	754	Oiottesque	1	754	Giottesque	2	753
2519	giraffe	759	3	3				giraffe	3	759	giraffe	3	755	giraffe	3	755	girane	1	754
2520	girding-hook	760	3	3				girding-hook	3	760	girding-hook	3	756	gir	1	756	girding-hook	3	755
2521	Gironde	761	3	2	weak			Gironde	2	761	Oironde	1	757	Glronde	1	757	Gironde	2	756
2522	give	762	3	3				give	3	762	OarfH	1	758	give	3	758	give	3	757
2523	give	763	3	4				give	4	763	give	4	759	give	4	759	give	4	758
2524	gizzard	764	3	4				gizzard	4	764	gizzard	4	760	gizzard	4	760	gizzard	4	759
2525	glacidre	765	3	3				glaciate	1	765	glacidre	3	761	glacidre	3	761	glacidre	3	760
2526	gladiator	766	3	4				gladiator	4	766	gladiator	4	762	gladiator	4	762	gladiator	4	761
2527	glair	767	3	4				glair	4	767	glair	4	763	glair	4	763	glair	4	762
2528	gland	768	3	4				gland	4	768	gland	4	764	gland	4	764	gland	4	763
2529	glandulosity	769	3	3				glandulosity	3	769	glandnlosity	1	765	glandulosity	3	765	glandulosity	3	764
2530	glass	770	3	3				glass	3	770	glass	3	766	glass	3	766	material	1	765
2531	glass	771	3	4				glass	4	771	glass	4	767	glass	4	767	glass	4	766
2532	glass-grinder	772	3	4				glass-grinder	4	772	glass-grinder	4	768	glass-grinder	4	768	glass-grinder	4	767
2533	glaucescent	773	3	3				glaucescent	3	773	glancescent	1	769	glaucescent	3	769	glaucescent	3	768
2534	glaver	774	3	4				glaver	4	774	glaver	4	770	glaver	4	770	glaver	4	769
2535	gleamy	775	3	4				gleamy	4	775	gleamy	4	771	gleamy	4	771	gleamy	4	770
2536	gleed	776	3	4				gleed	4	776	gleed	4	772	gleed	4	772	gleed	4	771
2537	gley	777	3	3				gley	3	777	gley	3	773	gley	3	773	giey	1	772
2538	glimmer	778	3	4				glimmer	4	778	glimmer	4	774	glimmer	4	774	glimmer	4	773
2539	glis	779	3	4				glis	4	779	glis	4	775	glis	4	775	glis	4	774
2540	globe	780	3	4				globe	4	780	globe	4	776	globe	4	776	globe	4	775
2541	globigerine	781	3	3				globigerine	3	781	globigerine	3	777	globigerine	3	777	Globigerina	1	776
2542	gloiocarp	782	3	4				gloiocarp	4	782	gloiocarp	4	778	gloiocarp	4	778	gloiocarp	4	777
2543	gloomy	783	3	4				gloomy	4	783	gloomy	4	779	gloomy	4	779	gloomy	4	778
2544	glory	784	3	4				glory	4	784	glory	4	780	glory	4	780	glory	4	779
2545	gloss	785	3	4				gloss	4	785	gloss	4	781	gloss	4	781	gloss	4	780
2546	glossohyal	786	3	4				glossohyal	4	786	glossohyal	4	782	glossohyal	4	782	glossohyal	4	781
2547	glout	787	3	3				glout	3	787	glout	3	783	glout	3	783	giouc	1	782
2548	glow-worm	788	3	4				glow-worm	4	788	glow-worm	4	784	glow-worm	4	784	glow-worm	4	783
2549	glue	789	3	4				glue	4	789	glue	4	785	glue	4	785	glue	4	784
2550	The	790	3	2	tie			The	2	790	The	2	786	glut	2	786	glut	2	785
2551	Glyceria	791	3	3				Glyceria	3	791	Olyceria	1	787	Glyceria	3	787	Glyceria	3	786
2552	Glyphisodia	792	3	2	tie			Glyphisodia	2	792	Olyphisodia	2	788	Olyphisodia	2	788	Glyphisodia	2	787
2553	gnarled	793	3	4				gnarled	4	793	gnarled	4	789	gnarled	4	789	gnarled	4	788
2554	gnathonic	794	3	2	tie			gnathonic	2	794	gnathonlc	2	790	gnathonlc	2	790	gnathonic	2	789
2555	gnome	795	3	4				gnome	4	795	gnome	4	791	gnome	4	791	gnome	4	790
2556	gnu	796	3	3				gnu	3	796	gna	1	792	gnu	3	792	gnu	3	791
2557	go	797	3	4				go	4	797	go	4	793	go	4	793	go	4	792
2558	go	798	3	4				go	4	798	go	4	794	go	4	794	go	4	793
2559	goal	799	3	4				goal	4	799	goal	4	795	goal	4	795	goal	4	794
2560	gobbet	800	3	4				gobbet	4	800	gobbet	4	796	gobbet	4	796	gobbet	4	795
2561	goblin	801	3	2	weak			gobonc	1	801	goblin	2	797	A	1	797	goblin	2	796
2562	godchild	802	3	3				godchild	3	802	godchild	3	798	godchild	3	798	godcUld	1	797
2563	god-maker	803	3	4				god-maker	4	803	god-maker	4	799	god-maker	4	799	god-maker	4	798
2564	goetic	804	3	2	tie			goetic	2	804	goetlc	2	800	goetlc	2	800	goetic	2	799
2565	goiter	805	3	4				goiter	4	805	goiter	4	801	goiter	4	801	goiter	4	800
2566	goldcrest	806	3	3				goldcrest	3	806	goldcrest	3	802	goldcrest	3	802	Coldcrest	1	801
2567	goldfinch	807	3	3				goldfinch	3	807	goldfinch	3	803	goldfincli	1	803	goldfinch	3	802
2568	golet	808	3	4				golet	4	808	golet	4	804	golet	4	804	golet	4	803
2569	gonaduct	809	3	3				gonaduct	3	809	gosaduct	1	805	gonaduct	3	805	gonaduct	3	804
2570	gong-bell	810	3	3				gong-bell	3	810	A	1	806	gong-bell	3	806	gong-bell	3	805
2571	Reflecting	811	3	2	weak			A	1	811	goniometer	1	807	Reflecting	2	807	Reflecting	2	806
2572	Gonorhyncliidae	812	3	1	tie			Gonorhyncliidae	1	812	Oonorhyncliidae	1	808	Oonorhjmchidae	1	808	OonorhyncMdae	1	807
2573	good	813	3	3				good	3	813	good	3	809	good	3	809	gooa	1	808
2574	Goodenia	814	3	3				Goodenia	3	814	Ooodenia	1	810	Goodenia	3	810	Goodenia	3	809
2575	good-now	815	3	4				good-now	4	815	good-now	4	811	good-now	4	811	good-now	4	810
2576	goose	816	3	4				goose	4	816	goose	4	812	goose	4	812	goose	4	811
2577	goose-skin	817	3	3				goose-skin	3	817	goose-skin	3	813	goose-skin	3	813	Also	1	812
2578	Gordonia	818	3	2	weak			Crordonia	1	818	Gordonia	2	814	Oordonia	1	814	Gordonia	2	813
2579	gorger	819	3	3				gorger	3	819	gorger	3	815	gorger	3	815	gorilla	1	814
2580	gorilla	820	3	4				gorilla	4	820	gorilla	4	816	gorilla	4	816	gorilla	4	815
2581	gospel	821	3	4				gospel	4	821	gospel	4	817	gospel	4	817	gospel	4	816
2582	gossip	822	3	4				gossip	4	822	gossip	4	818	gossip	4	818	gossip	4	817
2583	Gothical	823	3	2	weak			Gothical	2	823	OotMcal	1	819	Gothical	2	819	GtotMcal	1	818
2584	gourd	824	3	3				gourd	3	824	gourd	3	820	gonrd	1	820	gourd	3	819
2585	governable	825	3	4				governable	4	825	governable	4	821	governable	4	821	governable	4	820
2586	governor	826	3	4				governor	4	826	governor	4	822	governor	4	822	governor	4	821
2587	grab-bag	827	3	4				grab-bag	4	827	grab-bag	4	823	grab-bag	4	823	grab-bag	4	822
2588	grace	828	3	2	weak			grace	2	828	He	1	824	rllis	1	824	grace	2	823
2589	gracious	829	3	3				gracious	3	829	graaons	1	825	gracious	3	825	gracious	3	824
2590	gradient	830	3	2	tie			gradient	2	830	A	2	826	A	2	826	gradient	2	825
2591	graff	831	3	2	weak			graff	2	831	A	1	827	graff	2	827	gran	1	826
2592	grail	832	3	4				grail	4	832	grail	4	828	grail	4	828	grail	4	827
2593	grain	833	3	4				grain	4	833	grain	4	829	grain	4	829	grain	4	828
2594	Grallae	834	3	1	tie			Grallae	1	834	Oralis	1	830	Grallse	1	830	Qrallse	1	829
2595	graminiform	835	3	3				graminiform	3	835	graminifonn	1	831	graminiform	3	831	graminiform	3	830
2596	grampus	836	3	4				grampus	4	836	grampus	4	832	grampus	4	832	grampus	4	831
2597	grandeur	837	3	4				grandeur	4	837	grandeur	4	833	grandeur	4	833	grandeur	4	832
2598	grange	838	3	4				grange	4	838	grange	4	834	grange	4	834	grange	4	833
2599	granophyre	839	3	4				granophyre	4	839	granophyre	4	835	granophyre	4	835	granophyre	4	834
2600	granulation	840	3	4				granulation	4	840	granulation	4	836	granulation	4	836	granulation	4	835
2601	graph	841	3	4				graph	4	841	graph	4	837	graph	4	837	graph	4	836
2602	grapinel	842	3	4				grapinel	4	842	grapinel	4	838	grapinel	4	838	grapinel	4	837
2603	grasp	843	3	4				grasp	4	843	grasp	4	839	grasp	4	839	grasp	4	838
2604	grassflnch	844	3	2	weak			grassfincli	1	844	grassfinch	1	840	grassflnch	2	840	grassflnch	2	839
2605	grassy	845	3	4				grassy	4	845	grassy	4	841	grassy	4	841	grassy	4	840
2606	gratifyingly	846	3	4				gratifyingly	4	846	gratifyingly	4	842	gratifyingly	4	842	gratifyingly	4	841
2607	grave	847	3	4				grave	4	847	grave	4	843	grave	4	843	grave	4	842
2608	gravel	848	3	4				gravel	4	848	gravel	4	844	gravel	4	844	gravel	4	843
2609	graving-piece	849	3	4				graving-piece	4	849	graving-piece	4	845	graving-piece	4	845	graving-piece	4	844
2610	gray	850	3	4				gray	4	850	gray	4	846	gray	4	846	gray	4	845
2611	graze	851	3	4				graze	4	851	graze	4	847	graze	4	847	graze	4	846
2612	great	852	3	4				great	4	852	great	4	848	great	4	848	great	4	847
2613	great-hearted	853	3	4				great-hearted	4	853	great-hearted	4	849	great-hearted	4	849	great-hearted	4	848
2614	Greco-Turkish	854	3	4				Greco-Turkish	4	854	Greco-Turkish	4	850	Greco-Turkish	4	850	Greco-Turkish	4	849
2615	Greek	855	3	4				Greek	4	855	Greek	4	851	Greek	4	851	Greek	4	850
2616	Greek	856	3	4				Greek	4	856	Greek	4	852	Greek	4	852	Greek	4	851
2617	green	857	3	4				green	4	857	green	4	853	green	4	853	green	4	852
2618	greenhorn	858	3	4				greenhorn	4	858	greenhorn	4	854	greenhorn	4	854	greenhorn	4	853
2619	greenstone	859	3	4				greenstone	4	859	greenstone	4	855	greenstone	4	855	greenstone	4	854
2620	Gregarinidae	860	3	2	weak			Gregarinidae	2	860	Oregarinidse	1	856	Gregarinidae	2	856	Gregarinidse	1	855
2621	grenadine	861	3	4				grenadine	4	861	grenadine	4	857	grenadine	4	857	grenadine	4	856
2622	gride	862	3	4				gride	4	862	gride	4	858	gride	4	858	gride	4	857
2623	griff	863	3	4				griff	4	863	griff	4	859	griff	4	859	griff	4	858
2624	grille	864	3	4				grille	4	864	grille	4	860	grille	4	860	grille	4	859
2625	grin	865	3	3				grin	3	865	grin	3	861	grm	1	861	grin	3	860
2626	A	866	3	2	weak			grinding-roll	1	866	A	2	862	A	2	862	grinding-roU	1	861
2627	gnpe	867	3	3				gnpe	3	867	gnpe	3	863	gnpe	3	863	gripe	1	862
2628	gnse	868	3	2	tie			gnse	2	868	grise	2	864	grise	2	864	gnse	2	863
2629	grith	869	3	4				grith	4	869	grith	4	865	grith	4	865	grith	4	864
2630	grocer	870	3	4				grocer	4	870	grocer	4	866	grocer	4	866	grocer	4	865
2631	groining	871	3	4				groining	4	871	groining	4	867	groining	4	867	groining	4	866
2632	groove	872	3	4				groove	4	872	groove	4	868	groove	4	868	groove	4	867
2633	gross	873	3	4				gross	4	873	gross	4	869	gross	4	869	gross	4	868
2634	Grotian	874	3	3				Grotian	3	874	Grotian	3	870	Grotian	3	870	Orotian	1	869
2635	ground	875	3	4				ground	4	875	ground	4	871	ground	4	871	ground	4	870
2636	grounding	876	3	4				grounding	4	876	grounding	4	872	grounding	4	872	grounding	4	871
2637	groundsill	877	3	4				groundsill	4	877	groundsill	4	873	groundsill	4	873	groundsill	4	872
2638	group	878	3	4				group	4	878	group	4	874	group	4	874	group	4	873
2639	grout	879	3	4				grout	4	879	grout	4	875	grout	4	875	grout	4	874
2640	growan	880	3	3				growan	3	880	growan	3	876	growan	3	876	growau	1	875
2641	grubby	881	3	4				grubby	4	881	grubby	4	877	grubby	4	877	grubby	4	876
2642	gruesome	882	3	3				stead	1	882	gruesome	3	878	gruesome	3	878	gruesome	3	877
2643	grunt	883	3	3				grunt	3	883	grunt	3	879	grunt	3	879	grtmt	1	878
2644	Contractions	884	3	4				Contractions	4	884	Contractions	4	880	Contractions	4	880	Contractions	4	879
2645	guarantee	885	3	4				guarantee	4	885	guarantee	4	881	guarantee	4	881	guarantee	4	880
2646	guard	886	3	4				guard	4	886	guard	4	882	guard	4	882	guard	4	881
2647	guardsman	887	3	2	weak			guardsman	2	887	gtuurdsman	1	883	guardsman	2	883	guava	1	882
2648	Gueber	888	3	2	weak			Oneber	1	888	Gueber	2	884	Oueber	1	884	Gueber	2	883
2649	guess	889	3	4				guess	4	889	guess	4	885	guess	4	885	guess	4	884
2650	gnidage	890	3	2	tie			gnidage	2	890	gnidage	2	886	guidage	2	886	guidage	2	885
2651	guilder	891	3	4				guilder	4	891	guilder	4	887	guilder	4	887	guilder	4	886
2652	guiltless	892	3	4				guiltless	4	892	guiltless	4	888	guiltless	4	888	guiltless	4	887
2653	guise	893	3	4				guise	4	893	guise	4	889	guise	4	889	guise	4	888
2654	gulf	894	3	2	weak			gulf	2	894	gnlf	1	890	gulf	2	890	gTllf	1	889
2655	gull-catcher	895	3	4				gull-catcher	4	895	gull-catcher	4	891	gull-catcher	4	891	gull-catcher	4	890
2656	gum	896	3	3				gum	3	896	gumption	1	892	gum	3	892	gum	3	891
2657	gumption	897	3	3				gumption	3	897	gumption	3	893	giunption	1	893	gumption	3	892
2658	gun	898	3	4				gun	4	898	gun	4	894	gun	4	894	gun	4	893
2659	gunner-fluke	899	3	3				gunner-fluke	3	899	gtumer-flnke	1	895	gunner-fluke	3	895	gunner-fluke	3	894
2660	gup	900	3	4				gup	4	900	gup	4	896	gup	4	896	gup	4	895
2661	gnsli	901	3	2	weak			gush	1	901	gnsli	2	897	gnsli	2	897	gusli	1	896
2662	gut	902	3	4				gut	4	902	gut	4	898	gut	4	898	gut	4	897
2663	gutter-hole	903	3	4				gutter-hole	4	903	gutter-hole	4	899	gutter-hole	4	899	gutter-hole	4	898
2664	gyascutus	904	3	3				gyascutus	3	904	gyascntus	1	900	gyascutus	3	900	gyascutus	3	899
2665	gymnobranchiate	905	3	2	weak			gjnanobranchiate	1	905	gymnobranchiate	2	901	gymnobranchiate	2	901	gymnobrancliiate	1	900
2666	gymnopaedia	906	3	1	tie			gymnopaedia	1	906	gymnopsedla	1	902	gyumopaedia	1	902	gymnopsedia	1	901
2667	IVrimlc	907	3	1	tie			IVrimlc	1	907	gynaecetun	1	903	gynxceum	1	903	gynsceum	1	902
2668	gyp	908	3	4				gyp	4	908	gyp	4	904	gyp	4	904	gyp	4	903
2669	gyre	909	3	4				gyre	4	909	gyre	4	905	gyre	4	905	gyre	4	904
2670	gyrostatic	910	3	3				gyrostatic	3	910	gyrostatlc	1	906	gyrostatic	3	906	gyrostatic	3	905
2671		911	3	4					4	911		4	907		4	907		4	906
2672		912	3	4					4	912		4	908		4	908		4	907
2673		913	3	4					4	913		4	909		4	909		4	908
2674		914	3	4					4	914		4	910		4	910		4	909
2675		915	3	2	weak				2	915	PE	1	911	it'	1	911		2	910
2676		916	3	3					3	916		3	912		3	912	KL	1	911
