page	entries	image	volume	frequency	check	books	accuracy	centurydict01whit_djvu.csv	frequency	image	centurydiction01whit_djvu.csv	frequency	image	centurydictionar01whituoft_djvu.csv	frequency	image	centurydictionary01whit_djvu.csv	frequency	image
1	The	27	1	4		centurydict01whit_djvu.csv	3049	The	4	27	The	4	61	The	4	27	The	4	27
2	a	28	1	1	tie	centurydictionar01whituoft_djvu.csv	3036	a	1	28	In	1	62	u	1	28	M	1	28
3	-a	29	1	3		centurydictionary01whit_djvu.csv	2966	-a	3	29	-a	3	63	declension	1	29	-a	3	29
4	Capital	30	1	1	tie	centurydiction01whit_djvu.csv	2885	Capital	1	30	abacns	1	64	Cai'iul	1	30	tllL-	1	30
5	abannition	31	1	4				abannition	4	31	abannition	4	65	abannition	4	31	abannition	4	31
6	abatis	32	1	4				abatis	4	32	abatis	4	66	abatis	4	32	abatis	4	32
7	abbey-counter	33	1	3				abbey-counter	3	33	abbev-counter	1	67	abbey-counter	3	33	abbey-counter	3	33
8	Abdevenham	34	1	4				Abdevenham	4	34	Abdevenham	4	68	Abdevenham	4	34	Abdevenham	4	34
9	abduce	35	1	3				abdnce	1	35	abduce	3	69	abduce	3	35	abduce	3	35
10	aberrant	36	1	4				aberrant	4	36	aberrant	4	70	aberrant	4	36	aberrant	4	36
11	abhor	37	1	4				abhor	4	37	abhor	4	71	abhor	4	37	abhor	4	37
12	ability	38	1	4				ability	4	38	ability	4	72	ability	4	38	ability	4	38
13	abjuror	39	1	3				abjuror	3	39	abjuror	3	73	abjuror	3	39	abJUTor	1	39
14	ablewhackets	40	1	4				ablewhackets	4	40	ablewhackets	4	74	ablewhackets	4	40	ablewhackets	4	40
15	abolete	41	1	4				abolete	4	41	abolete	4	75	abolete	4	41	abolete	4	41
16	aboriginality	42	1	2	weak			aboriginality	2	42	aboriginality	2	76	aboriginally	1	42	aboiiginality	1	42
17	about	43	1	4				about	4	43	about	4	77	about	4	43	about	4	43
18	Abraham's-balm	44	1	2	tie			Abraham's-balm	2	44	Abraham'	2	78	Abraham'	2	44	Abraham's-balm	2	44
19	abridgment	45	1	4				abridgment	4	45	abridgment	4	79	abridgment	4	45	abridgment	4	45
20	abscession	46	1	4				abscession	4	46	abscession	4	80	abscession	4	46	abscession	4	46
21	Of	47	1	2	weak			absinthe	1	47	or	1	81	Of	2	47	Of	2	47
22	absolutely	48	1	4				absolutely	4	48	absolutely	4	82	absolutely	4	48	absolutely	4	48
23	absorption	49	1	3				absorption	3	49	absorption	3	83	absorption	3	49	abstinency	1	49
24	abstinent	50	1	4				abstinent	4	50	abstinent	4	84	abstinent	4	50	abstinent	4	50
25	abstraction	51	1	4				abstraction	4	51	abstraction	4	85	abstraction	4	51	abstraction	4	51
26	abucco	52	1	3				abucco	3	52	abncco	1	86	abucco	3	52	abucco	3	52
27	abut	53	1	4				abut	4	53	abut	4	87	abut	4	53	abut	4	53
28	acacy	54	1	4				acacy	4	54	acacy	4	88	acacy	4	54	acacy	4	54
29	Plural	55	1	1	tie			Plural	1	55	acanthse	1	89	acanthas	1	55	acanthae	1	55
30	Acanthophractae	56	1	2	weak			Acanthophractae	2	56	Acanthopbractse	1	90	Acanthophractae	2	56	AcanthopIiractsB	1	56
31	acatalectic	57	1	3				acatalectic	3	57	acatalectic	3	91	acatalectic	3	57	acatalcctic	1	57
32	accelerator	58	1	4				accelerator	4	58	accelerator	4	92	accelerator	4	58	accelerator	4	58
33	accept	59	1	4				accept	4	59	accept	4	93	accept	4	59	accept	4	59
34	accession	60	1	4				accession	4	60	accession	4	94	accession	4	60	accession	4	60
35	accidental	61	1	3				pi	1	61	accidental	3	95	accidental	3	61	accidental	3	61
36	acclimation	62	1	4				acclimation	4	62	acclimation	4	96	acclimation	4	62	acclimation	4	62
37	accommodation	63	1	4				accommodation	4	63	accommodation	4	97	accommodation	4	63	accommodation	4	63
38	accomplishable	64	1	4				accomplishable	4	64	accomplishable	4	98	accomplishable	4	64	accomplishable	4	64
39	account	65	1	4				account	4	65	account	4	99	account	4	65	account	4	65
40	accoutrement	66	1	4				accoutrement	4	66	accoutrement	4	100	accoutrement	4	66	accoutrement	4	66
41	accumbent	67	1	4				accumbent	4	67	accumbent	4	101	accumbent	4	67	accumbent	4	67
42	accusative	68	1	4				accusative	4	68	accusative	4	102	accusative	4	68	accusative	4	68
43	Acephala	69	1	3				Acephala	3	69	Acepliala	1	103	Acephala	3	69	Acephala	3	69
44	acerose	70	1	2	weak			acerose	2	70	acerose	2	104	Acerose	1	70	Accrose	1	70
45	acetometer	71	1	4				acetometer	4	71	acetometer	4	105	acetometer	4	71	acetometer	4	71
46	achenium	72	1	3				achenium	3	72	acbenlum	1	106	achenium	3	72	achenium	3	72
47	achorion	73	1	4				achorion	4	73	achorion	4	107	achorion	4	73	achorion	4	73
48	acidify	74	1	4				acidify	4	74	acidify	4	108	acidify	4	74	acidify	4	74
49	Acipenseres	75	1	4				Acipenseres	4	75	Acipenseres	4	109	Acipenseres	4	75	Acipenseres	4	75
50	Acochlides	76	1	2	weak			AcocMides	1	76	AcocUldes	1	110	Acochlides	2	76	Acochlides	2	76
51	acontium	77	1	4				acontium	4	77	acontium	4	111	acontium	4	77	acontium	4	77
52	acquaint	78	1	3				acquaint	3	78	acquaint	3	112	e	1	78	acquaint	3	78
53	acquisible	79	1	4				acquisible	4	79	acquisible	4	113	acquisible	4	79	acquisible	4	79
54	acrecbolic	80	1	4				acrecbolic	4	80	acrecbolic	4	114	acrecbolic	4	80	acrecbolic	4	80
55	acroama	81	1	4				acroama	4	81	acroama	4	115	acroama	4	81	acroama	4	81
56	acrodont	82	1	4				acrodont	4	82	acrodont	4	116	acrodont	4	82	acrodont	4	82
57	acropodium	83	1	4				acropodium	4	83	acropodium	4	117	acropodium	4	83	acropodium	4	83
58	act	84	1	3				act	3	84	Hence	1	118	act	3	84	act	3	84
59	act	85	1	3				act	3	85	J	1	119	act	3	85	act	3	85
60	Actinoida	86	1	4				Actinoida	4	86	Actinoida	4	120	Actinoida	4	86	Actinoida	4	86
61	action	87	1	4				action	4	87	action	4	121	action	4	87	action	4	87
62	active	88	1	4				active	4	88	active	4	122	active	4	88	active	4	88
63	actualization	89	1	4				actualization	4	89	actualization	4	123	actualization	4	89	actualization	4	89
64	acupressure	90	1	4				acupressure	4	90	acupressure	4	124	acupressure	4	90	acupressure	4	90
65	-ada	91	1	4				-ada	4	91	-ada	4	125	-ada	4	91	-ada	4	91
66	Adapis	92	1	3				Adapis	3	92	Adapts	1	126	Adapis	3	92	Adapis	3	92
67	ad	93	1	4				ad	4	93	ad	4	127	ad	4	93	ad	4	93
68	addict	94	1	4				addict	4	94	addict	4	128	addict	4	94	addict	4	94
69	address	95	1	4				address	4	95	address	4	129	address	4	95	address	4	95
70	adductor	96	1	4				adductor	4	96	adductor	4	130	adductor	4	96	adductor	4	96
71	adenomyoma	97	1	4				adenomyoma	4	97	adenomyoma	4	131	adenomyoma	4	97	adenomyoma	4	97
72	adhere	98	1	4				adhere	4	98	adhere	4	132	adhere	4	98	adhere	4	98
73	adiaphorist	99	1	4				adiaphorist	4	99	adiaphorist	4	133	adiaphorist	4	99	adiaphorist	4	99
74	adjag	100	1	4				adjag	4	100	adjag	4	134	adjag	4	100	adjag	4	100
75	adjunct	101	1	3				there	1	101	adjunct	3	135	adjunct	3	101	adjunct	3	101
76	adjutant-general	102	1	4				adjutant-general	4	102	adjutant-general	4	136	adjutant-general	4	102	adjutant-general	4	102
77	administerial	103	1	3				administerial	3	103	administerial	3	137	adrninisterial	1	103	administerial	3	103
78	admiralty	104	1	4				admiralty	4	104	admiralty	4	138	admiralty	4	104	admiralty	4	104
79	admittatur	105	1	2	weak			admittatur	2	105	admonishingly	1	139	admittatnr	1	105	admittatur	2	105
80	ado	106	1	4				ado	4	106	ado	4	140	ado	4	106	ado	4	106
81	adorable	107	1	4				adorable	4	107	adorable	4	141	adorable	4	107	adorable	4	107
82	adorsed	108	1	3				adorsed	3	108	adoTsed	1	142	adorsed	3	108	adorsed	3	108
83	adry	109	1	4				adry	4	109	adry	4	143	adry	4	109	adry	4	109
84	adulteration	110	1	3				adulteration	3	110	adnlteration	1	144	adulteration	3	110	adulteration	3	110
85	advance	111	1	3				advance	3	111	advance	3	145	fa	1	111	advance	3	111
86	advantage	112	1	3				advantage	3	112	advantage	3	146	advantage	3	112	their	1	112
87	adventuress	113	1	4				adventuress	4	113	adventuress	4	147	adventuress	4	113	adventuress	4	113
88	advert	114	1	4				advert	4	114	advert	4	148	advert	4	114	advert	4	114
89	advised	115	1	4				advised	4	115	advised	4	149	advised	4	115	advised	4	115
90	adynamia	116	1	4				adynamia	4	116	adynamia	4	150	adynamia	4	116	adynamia	4	116
91	aegagrus	117	1	3				aegagrus	3	117	tegagrus	1	151	aegagrus	3	117	aegagrus	3	117
92	JEgithalinae	118	1	1	tie			JEgithalinae	1	118	famUv	1	152	iEgithalinae	1	118	iEgithalinse	1	118
93	sess	119	1	3				sess	3	119	sess	3	153	jEolididae	1	119	sess	3	119
94	aerial	120	1	3				aerial	3	120	aSroscepsy	1	156	aerial	3	120	aerial	3	120
95	aeroscepsy	121	1	2	weak			aeroseepsy	1	121	aeroscepsy	2	157	aeroscepsy	2	121	aSroscepsy	1	121
96	flower	122	1	2	weak			flower	2	122	Sower	1	158	aesculln	1	122	flower	2	122
97	afar	123	1	4				afar	4	123	afar	4	159	afar	4	123	afar	4	123
98	affectate	124	1	4				affectate	4	124	affectate	4	160	affectate	4	124	affectate	4	124
99	affectuously	125	1	3				affectuously	3	125	affectuously	3	161	affectuously	3	125	affectnously	1	125
100	affinity	126	1	3				In	1	126	affinity	3	162	affinity	3	126	affinity	3	126
101	afflict	127	1	2	weak			afflict	2	127	afSict	1	163	afflict	2	127	afOict	1	127
102	afform	128	1	4				afform	4	128	afform	4	164	afform	4	128	afform	4	128
103	affy	129	1	1	tie			affy	1	129	afify	1	165	make	1	129	faith	1	129
104	Africander	130	1	4				Africander	4	130	Africander	4	166	Africander	4	130	Africander	4	130
105	afterings	131	1	3				afterings	3	131	afterings	3	167	afterings	3	131	Tt	1	131
106	against	132	1	4				against	4	132	against	4	168	against	4	132	against	4	132
107	Agamoidea	133	1	4				Agamoidea	4	133	Agamoidea	4	169	Agamoidea	4	133	Agamoidea	4	133
108	agate	134	1	4				agate	4	134	agate	4	170	agate	4	134	agate	4	134
109	age	135	1	4				age	4	135	age	4	171	age	4	135	age	4	135
110	agent	136	1	4				agent	4	136	agent	4	172	agent	4	136	agent	4	136
111	aggrandizement	137	1	4				aggrandizement	4	137	aggrandizement	4	173	aggrandizement	4	137	aggrandizement	4	137
112	aggression	138	1	4				aggression	4	138	aggression	4	174	aggression	4	138	aggression	4	138
113	agitate	139	1	4				agitate	4	139	agitate	4	175	agitate	4	139	agitate	4	139
114	agnail	140	1	4				agnail	4	140	agnail	4	176	agnail	4	140	agnail	4	140
115	agnus	141	1	3				agnus	3	141	agnus	3	177	a	1	141	agnus	3	141
116	agony	142	1	4				agony	4	142	agony	4	178	agony	4	142	agony	4	142
117	agree	143	1	4				agree	4	143	agree	4	179	agree	4	143	agree	4	143
118	agriculturist	144	1	4				agriculturist	4	144	agriculturist	4	180	agriculturist	4	144	agriculturist	4	144
119	Agrotis	145	1	4				Agrotis	4	145	Agrotis	4	181	Agrotis	4	145	Agrotis	4	145
120	ahu	146	1	2	weak			aim	1	146	ahu	2	182	ahn	1	146	ahu	2	146
121	Aiguie-reofsilverfriltinthe	147	1	1	tie			Aiguie-reofsilverfriltinthe	1	147	Aieuiire	1	183	Aifruiere	1	147	m-	1	147
122	ainsel'	148	1	4				ainsel'	4	148	ainsel'	4	184	ainsel'	4	148	ainsel'	4	148
123	air-carbureter	149	1	4				air-carbureter	4	149	air-carbureter	4	185	air-carbureter	4	149	air-carbureter	4	149
124	air-hoist	150	1	4				air-hoist	4	150	air-hoist	4	186	air-hoist	4	150	air-hoist	4	150
125	air-tube	151	1	4				air-tube	4	151	air-tube	4	187	air-tube	4	151	air-tube	4	151
126	ajutage	152	1	3				Akee	1	152	ajutage	3	188	ajutage	3	152	ajutage	3	152
127	alabaster	153	1	4				alabaster	4	153	alabaster	4	189	alabaster	4	153	alabaster	4	153
128	alar	154	1	4				alar	4	154	alar	4	190	alar	4	154	alar	4	154
129	Glass	155	1	3				Glass	3	155	Glass	3	191	Glass	3	155	Woodlark	1	155
130	albedo	156	1	3				albedo	3	156	albicore	1	192	albedo	3	156	albedo	3	156
131	albumen	157	1	4				albumen	4	157	albumen	4	193	albumen	4	157	albumen	4	157
132	alcatras	158	1	4				alcatras	4	158	alcatras	4	194	alcatras	4	158	alcatras	4	158
133	alcohol	159	1	4				alcohol	4	159	alcohol	4	195	alcohol	4	159	alcohol	4	159
134	Alcyonidiidae	160	1	2	tie			Alcyonidiidae	2	160	Alcyonidiidse	2	196	Alcyonidiidae	2	160	Alcyonidiidse	2	160
135	ale-cost	161	1	4				ale-cost	4	161	ale-cost	4	197	ale-cost	4	161	ale-cost	4	161
136	alembic	162	1	4				alembic	4	162	alembic	4	198	alembic	4	162	alembic	4	162
137	aleuronic	163	1	2	tie			aleuronic	2	163	aleuronlc	2	199	aleuronic	2	163	aleuronlc	2	163
138	alfiona	164	1	3				alfiona	3	164	alfiona	3	200	alflona	1	164	alfiona	3	164
139	Algerine	165	1	4				Algerine	4	165	Algerine	4	201	Algerine	4	165	Algerine	4	165
140	alien	166	1	4				alien	4	166	alien	4	202	alien	4	166	alien	4	166
141	alight	167	1	3				alight	3	167	alight	3	203	alight	3	167	aUght	1	167
142	alinasal	168	1	4				alinasal	4	168	alinasal	4	204	alinasal	4	168	alinasal	4	168
143	alkaligen	169	1	2	weak			alkaligen	2	169	aikaligen	1	205	alkaligen	2	169	alkallgen	1	169
144	all	170	1	2	tie			all	2	170	aU	2	206	all	2	170	aU	2	170
145	allagite	171	1	3				allagite	3	171	aiiaglte	1	207	allagite	3	171	allagite	3	171
146	allegation	172	1	4				allegation	4	172	allegation	4	208	allegation	4	172	allegation	4	172
147	allenarly	173	1	3				allenarly	3	173	UBed	1	209	allenarly	3	173	allenarly	3	173
148	alliance	174	1	3				in	1	174	alliance	3	210	alliance	3	174	alliance	3	174
149	alliteration	175	1	4				alliteration	4	175	alliteration	4	211	alliteration	4	175	alliteration	4	175
150	all-one	176	1	3				all-one	3	176	con--	1	212	all-one	3	176	all-one	3	176
151	allotropy	177	1	4				allotropy	4	177	allotropy	4	213	allotropy	4	177	allotropy	4	177
152	alloy	178	1	3				alloy	3	178	aUoy	1	214	alloy	3	178	alloy	3	178
153	alluvion	179	1	4				alluvion	4	179	alluvion	4	215	alluvion	4	179	alluvion	4	179
154	almond	180	1	4				almond	4	180	almond	4	216	almond	4	180	almond	4	180
155	almucantar	181	1	4				almucantar	4	181	almucantar	4	217	almucantar	4	181	almucantar	4	181
156	alone	182	1	4				alone	4	182	alone	4	218	alone	4	182	alone	4	182
157	alp	183	1	4				alp	4	183	alp	4	219	alp	4	183	alp	4	183
158	alpine	184	1	4				alpine	4	184	alpine	4	220	alpine	4	184	alpine	4	184
159	Altar-bread	185	1	4				Altar-bread	4	185	Altar-bread	4	221	Altar-bread	4	185	Altar-bread	4	185
160	alterant	186	1	4				alterant	4	186	alterant	4	222	alterant	4	186	alterant	4	186
161	alternation	187	1	4				alternation	4	187	alternation	4	223	alternation	4	187	alternation	4	187
162	altricial	188	1	4				altricial	4	188	altricial	4	224	altricial	4	188	altricial	4	188
163	aluminium	189	1	3				aluminium	3	189	aluminium	3	225	aluminium	3	189	aluminiiun	1	189
164	Alysia	190	1	4				Alysia	4	190	Alysia	4	226	Alysia	4	190	Alysia	4	190
165	amalgamate	191	1	4				amalgamate	4	191	amalgamate	4	227	amalgamate	4	191	amalgamate	4	191
166	amass	192	1	4				amass	4	192	amass	4	228	amass	4	192	amass	4	192
167	Amazon	193	1	4				Amazon	4	193	Amazon	4	229	Amazon	4	193	Amazon	4	193
168	amber	194	1	4				amber	4	194	amber	4	230	amber	4	194	amber	4	194
169	ambilogy	195	1	3				ambilogy	3	195	ambilogy	3	231	ambilogy	3	195	ambllogy	1	195
170	Amblyopsidse	196	1	2	weak			Amblyopsidae	1	196	Amblyopsidse	2	232	AmblyopsidaB	1	196	Amblyopsidse	2	196
171	ambrotype	197	1	4				ambrotype	4	197	ambrotype	4	233	ambrotype	4	197	ambrotype	4	197
172	amburbial	198	1	4				amburbial	4	198	amburbial	4	234	amburbial	4	198	amburbial	4	198
173	amen	199	1	4				amen	4	199	amen	4	235	amen	4	199	amen	4	199
174	ament	200	1	4				ament	4	200	ament	4	236	ament	4	200	ament	4	200
175	ametrometer	201	1	4				ametrometer	4	201	ametrometer	4	237	ametrometer	4	201	ametrometer	4	201
176	amid	202	1	3				amid	3	202	Same	1	238	amid	3	202	amid	3	202
177	Am	203	1	1	tie			Am	1	203	Anunobium	1	239	Ammobium	1	203	Ammobinin	1	203
178	Ammonites	204	1	2	weak			ammonio-	1	204	Ammonites	2	240	Ammonites	2	204	Ammcnites	1	204
179	amnion	205	1	4				amnion	4	205	amnion	4	241	amnion	4	205	amnion	4	205
180	among	206	1	4				among	4	206	among	4	242	among	4	206	among	4	206
181	amortization	207	1	4				amortization	4	207	amortization	4	243	amortization	4	207	amortization	4	207
182	ampere	208	1	2	weak			ampere	2	208	one	1	244	Ampere-	1	208	ampere	2	208
183	Amphibolidas	209	1	1	tie			Amphibolidas	1	209	Amphibolidae	1	245	Amphibolidse	1	209	Amphibolidss	1	209
184	amphidromical	210	1	2	tie			amphidromical	2	210	Lower	2	246	amphidromical	2	210	Lower	2	210
185	ainphipodous	211	1	1	tie			ainphipodous	1	211	ampliipodous	1	247	amphipodous	1	211	ampUpodous	1	211
186	amphitheatrically	212	1	3				amphitheatrically	3	212	ampMtheatrically	1	248	amphitheatrically	3	212	amphitheatrically	3	212
187	amphoteric	213	1	4				amphoteric	4	213	amphoteric	4	249	amphoteric	4	213	amphoteric	4	213
188	amplitude	214	1	4				amplitude	4	214	amplitude	4	250	amplitude	4	214	amplitude	4	214
189	from	215	1	2	weak			Amulets	1	215	amucK	1	251	from	2	215	from	2	215
190	amygdaloid	216	1	4				amygdaloid	4	216	amygdaloid	4	252	amygdaloid	4	216	amygdaloid	4	216
191	an-	217	1	4				an-	4	217	an-	4	253	an-	4	217	an-	4	217
192	anabolic	218	1	3				anabolic	3	218	-0	1	254	anabolic	3	218	anabolic	3	218
193	anaconda	219	1	3				anaconda	3	219	I	1	255	anaconda	3	219	anaconda	3	219
194	anagram	220	1	4				anagram	4	220	anagram	4	256	anagram	4	220	anagram	4	220
195	analogium	221	1	4				analogium	4	221	analogium	4	257	analogium	4	221	analogium	4	221
196	analytic	222	1	4				analytic	4	222	analytic	4	258	analytic	4	222	analytic	4	222
197	anapaest	223	1	3				anapaest	3	223	anapaest	3	259	Same	1	223	anapaest	3	223
198	Anarnacinse	224	1	2	weak			Anarnacinse	2	224	AnamacinSB	1	260	Anarnacins	1	224	Anarnacinse	2	224
199	anathema	225	1	4				anathema	4	225	anathema	4	261	anathema	4	225	anathema	4	225
200	anatomize	226	1	4				anatomize	4	226	anatomize	4	262	anatomize	4	226	anatomize	4	226
201	ancestrel	227	1	3				ancestrel	3	227	ancestrei	1	263	ancestrel	3	227	ancestrel	3	227
202	anchor	228	1	2	weak			ancnor	1	228	aacQor	1	264	anchor	2	228	anchor	2	228
203	anchovy	229	1	4				anchovy	4	229	anchovy	4	265	anchovy	4	229	anchovy	4	229
204	ancille	230	1	4				ancille	4	230	ancille	4	266	ancille	4	230	ancille	4	230
205	and	231	1	4				and	4	231	and	4	267	and	4	231	and	4	231
206	Andrea	232	1	4				Andrea	4	232	Andrea	4	268	Andrea	4	232	Andrea	4	232
207	Andropogon	233	1	4				Andropogon	4	233	Andropogon	4	269	Andropogon	4	233	Andropogon	4	233
208	Casella's	234	1	2	weak			Casella's	2	234	anemocracy	1	270	Casella's	2	234	The	1	234
209	anes	235	1	4				anes	4	235	anes	4	271	anes	4	235	anes	4	235
210	angeleen	236	1	4				angeleen	4	236	angeleen	4	272	angeleen	4	236	angeleen	4	236
211	anger	237	1	4				anger	4	237	anger	4	273	anger	4	237	anger	4	237
212	angiosis	238	1	4				angiosis	4	238	angiosis	4	274	angiosis	4	238	angiosis	4	238
213	angle	239	1	2	weak			angle	2	239	Spherical	1	275	angle	2	239	spherical	1	239
214	Anglicize	240	1	4				Anglicize	4	240	Anglicize	4	276	Anglicize	4	240	Anglicize	4	240
215	Anglo-Saxon	241	1	4				Anglo-Saxon	4	241	Anglo-Saxon	4	277	Anglo-Saxon	4	241	Anglo-Saxon	4	241
216	anguish	242	1	4				anguish	4	242	anguish	4	278	anguish	4	242	anguish	4	242
217	anhidrosis	243	1	4				anhidrosis	4	243	anhidrosis	4	279	anhidrosis	4	243	anhidrosis	4	243
218	animability	244	1	3				animability	3	244	animability	3	280	An	1	244	animability	3	244
219	Animalia	245	1	4				Animalia	4	245	Animalia	4	281	Animalia	4	245	Animalia	4	245
220	animative	246	1	2	weak			animative	2	246	animative	2	282	nphiiiillii	1	246	anlmative	1	246
221	Anisobranchiata	247	1	4				Anisobranchiata	4	247	Anisobranchiata	4	283	Anisobranchiata	4	247	Anisobranchiata	4	247
222	ankle	248	1	3				ankle	3	248	related	1	284	ankle	3	248	ankle	3	248
223	annealing	249	1	4				annealing	4	249	annealing	4	285	annealing	4	249	annealing	4	249
224	annihilationism	250	1	2	tie			annihilationism	2	250	annlhilationism	2	286	annihilationism	2	250	annlhilationism	2	250
225	annoyance	251	1	4				annoyance	4	251	annoyance	4	287	annoyance	4	251	annoyance	4	251
226	annulation	252	1	2	weak			annulation	2	252	annolation	1	288	annotation	1	252	annulation	2	252
227	anococcygeal	253	1	4				anococcygeal	4	253	anococcygeal	4	289	anococcygeal	4	253	anococcygeal	4	253
228	Anomalops	254	1	4				Anomalops	4	254	Anomalops	4	290	Anomalops	4	254	Anomalops	4	254
229	An	255	1	3				anormal	1	255	An	3	291	An	3	255	An	3	255
230	anormal	256	1	3				Another	1	256	anormal	3	292	anormal	3	256	anormal	3	256
231	answer	257	1	4				answer	4	257	answer	4	293	answer	4	257	answer	4	257
232	ant	258	1	4				ant	4	258	ant	4	294	ant	4	258	ant	4	258
233	antarctic	259	1	4				antarctic	4	259	antarctic	4	295	antarctic	4	259	antarctic	4	259
234	antecessor	260	1	4				antecessor	4	260	antecessor	4	296	antecessor	4	260	antecessor	4	260
235	antemundane	261	1	4				antemundane	4	261	antemundane	4	297	antemundane	4	261	antemundane	4	261
236	antependium	262	1	2	weak			antependium	2	262	antependinm	1	298	antependium	2	262	antependlmn	1	262
237	anthemion	263	1	4				anthemion	4	263	anthemion	4	299	anthemion	4	263	anthemion	4	263
238	anthoclinium	264	1	3				anthoclinium	3	264	anthocltnium	1	300	anthoclinium	3	264	anthoclinium	3	264
239	anthotaxis	265	1	3				anthotaxis	3	265	anthotaxis	3	301	anthotaxis	3	265	anthotazis	1	265
240	anthropogenist	266	1	3				anthropogenist	3	266	antliropogenist	1	302	anthropogenist	3	266	anthropogenist	3	266
241	anthropomorphous	267	1	3				anthropomorphous	3	267	antbropomorphous	1	303	anthropomorphous	3	267	anthropomorphous	3	267
242	antiae	268	1	1	tie			antiae	1	268	antix	1	304	c	1	268	antls	1	268
243	antichrist	269	1	4				antichrist	4	269	antichrist	4	305	antichrist	4	269	antichrist	4	269
244	Anticous	270	1	3				Anticous	3	270	Aobcous	1	306	Anticous	3	270	Anticous	3	270
245	Katydid-egg	271	1	2	weak			Parasite	1	271	Antigaster	1	307	Katydid-egg	2	271	Katydid-egg	2	271
246	antilopine	272	1	2	weak			antilopine	2	272	antilopme	1	308	antilopine	2	272	antiloplne	1	272
247	antimony-blende	273	1	4				antimony-blende	4	273	antimony-blende	4	309	antimony-blende	4	273	antimony-blende	4	273
248	antipathy	274	1	4				antipathy	4	274	antipathy	4	310	antipathy	4	274	antipathy	4	274
249	antipode	275	1	4				antipode	4	275	antipode	4	311	antipode	4	275	antipode	4	275
250	antiquity	276	1	4				antiquity	4	276	antiquity	4	312	antiquity	4	276	antiquity	4	276
251	antitheist	277	1	3				antltheist	1	277	antitheist	3	313	antitheist	3	277	antitheist	3	277
252	antlia	278	1	4				antlia	4	278	antlia	4	314	antlia	4	278	antlia	4	278
253	Anurida	279	1	4				Anurida	4	279	Anurida	4	315	Anurida	4	279	Anurida	4	279
254	anythingarian	280	1	3				anythingarian	3	280	anytMngarian	1	316	anythingarian	3	280	anythingarian	3	280
255	Apanteles	281	1	4				Apanteles	4	281	Apanteles	4	317	Apanteles	4	281	Apanteles	4	281
256	Apatura	282	1	3				Apatura	3	282	Apatura	3	318	Apatura	3	282	Apatuia	1	282
257	apertured	283	1	4				apertured	4	283	apertured	4	319	apertured	4	283	apertured	4	283
258	apheretically	284	1	3				apheretically	3	284	apheretically	3	320	apheretically	3	284	aptaeretically	1	284
259	aphorism	285	1	4				aphorism	4	285	aphorism	4	321	aphorism	4	285	aphorism	4	285
260	apiary	286	1	4				apiary	4	286	apiary	4	322	apiary	4	286	apiary	4	286
261	aplasia	287	1	4				aplasia	4	287	aplasia	4	323	aplasia	4	287	aplasia	4	287
262	apocopate	288	1	4				apocopate	4	288	apocopate	4	324	apocopate	4	288	apocopate	4	288
263	apodictic	289	1	4				apodictic	4	289	apodictic	4	325	apodictic	4	289	apodictic	4	289
264	Apollo	290	1	4				Apollo	4	290	Apollo	4	326	Apollo	4	290	Apollo	4	290
265	apophyge	291	1	4				apophyge	4	291	apophyge	4	327	apophyge	4	291	apophyge	4	291
266	apostasy	292	1	4				apostasy	4	292	apostasy	4	328	apostasy	4	292	apostasy	4	292
267	apostolic	293	1	4				apostolic	4	293	apostolic	4	329	apostolic	4	293	apostolic	4	293
268	apothem	294	1	4				apothem	4	294	apothem	4	330	apothem	4	294	apothem	4	294
269	apparatus	295	1	4				apparatus	4	295	apparatus	4	331	apparatus	4	295	apparatus	4	295
270	appeal	296	1	4				appeal	4	296	appeal	4	332	appeal	4	296	appeal	4	296
271	appease	297	1	4				appease	4	297	appease	4	333	appease	4	297	appease	4	297
272	Appendicularia	298	1	3				Appendicularia	3	298	Appendicularia	3	334	Appendicularia	3	298	Appendicnlaria	1	298
273	appetence	299	1	4				appetence	4	299	appetence	4	335	appetence	4	299	appetence	4	299
274	apple	300	1	4				apple	4	300	apple	4	336	apple	4	300	apple	4	300
275	applot	301	1	3				applot	3	301	applot	3	337	applott	1	301	applot	3	301
276	apportionate	302	1	4				apportionate	4	302	apportionate	4	338	apportionate	4	302	apportionate	4	302
277	appreciate	303	1	4				appreciate	4	303	appreciate	4	339	appreciate	4	303	appreciate	4	303
278	apprehensive	304	1	4				apprehensive	4	304	apprehensive	4	340	apprehensive	4	304	apprehensive	4	304
279	approbative	305	1	3				approbative	3	305	approbative	3	341	approbative	3	305	approbatlve	1	305
280	approvedly	306	1	4				approvedly	4	306	approvedly	4	342	approvedly	4	306	approvedly	4	306
281	apricot	307	1	3				It	1	307	apricot	3	343	apricot	3	307	apricot	3	307
282	apselaphesis	308	1	4				apselaphesis	4	308	apselaphesis	4	344	apselaphesis	4	308	apselaphesis	4	308
283	Apteryx	309	1	3				Apteryx	3	309	-ipter-i	1	345	Apteryx	3	309	Apteryx	3	309
284	aquamarine	310	1	3				aquamarine	3	310	aquamanne	1	346	aquamarine	3	310	aquamarine	3	310
285	Aquila	311	1	4				Aquila	4	311	Aquila	4	347	Aquila	4	311	Aquila	4	311
286	arabesque	312	1	2	weak			styles	1	312	axabesque	1	348	arabesque	2	312	arabesque	2	312
287	Araceae	313	1	3				Araceae	3	313	Araceae	3	349	Araceae	3	313	Aracese	1	313
288	Arallaceae	314	1	2	weak			Arallaceae	2	314	Aialiaceae	1	350	jmUmm	1	314	Arallaceae	2	314
289	Araucaria	315	1	3				Araucaria	3	315	Araucaria	3	351	Araucaria	3	315	Araucarla	1	315
290	arbitrate	316	1	4				arbitrate	4	316	arbitrate	4	352	arbitrate	4	316	arbitrate	4	316
291	arborize	317	1	4				arborize	4	317	arborize	4	353	arborize	4	317	arborize	4	317
292	arc-cosine	318	1	4				arc-cosine	4	318	arc-cosine	4	354	arc-cosine	4	318	arc-cosine	4	318
293	archaean	319	1	1	tie			archaean	1	319	arclisean	1	355	fa	1	319	archsean	1	319
294	Archaistic	320	1	2	weak			Archaistic	2	320	Statuett'-	1	356	Archaistic	2	320	Archdistic	1	320
295	archduchess	321	1	4				archduchess	4	321	archduchess	4	357	archduchess	4	321	archduchess	4	321
296	archesthetism	322	1	3				archesthetism	3	322	archesthetism	3	358	archesthetisni	1	322	archesthetism	3	322
297	archimandrite	323	1	2	tie			archimandrite	2	323	Greek	2	359	Greek	2	323	archimandrite	2	323
298	architecture	324	1	4				architecture	4	324	architecture	4	360	architecture	4	324	architecture	4	324
299	archpillar	325	1	4				archpillar	4	325	archpillar	4	361	archpillar	4	325	archpillar	4	325
300	A	326	1	2	tie			A	2	326	Arctipalatales	2	362	A	2	326	Arctipalatales	2	326
301	arcus	327	1	4				arcus	4	327	arcus	4	363	arcus	4	327	arcus	4	327
302	area	328	1	3				area	3	328	ficies	1	364	area	3	328	area	3	328
303	arenicolid	329	1	4				arenicolid	4	329	arenicolid	4	365	arenicolid	4	329	arenicolid	4	329
304	Aretine	330	1	3				Aretine	3	330	Aretine	3	366	Aretlne	1	330	Aretine	3	330
305	argentometer	331	1	3				argentometer	3	331	argentometer	3	367	i	1	331	argentometer	3	331
306	argosy	332	1	3				dispute	1	332	argosy	3	368	argosy	3	332	argosy	3	332
307	argumental	333	1	3				argumental	3	333	argumental	3	369	argumental	3	333	argnmental	1	333
308	aria	334	1	3				aria	3	334	ana	1	370	aria	3	334	aria	3	334
309	Arimaspian	335	1	3				Arimaspian	3	335	Arimaspian	3	371	To	1	335	Arimaspian	3	335
310	Aristolochia	336	1	3				Aristolochia	3	336	Aristolochia	3	372	Aristolochia	3	336	Aristolocliia	1	336
311	ark	337	1	4				ark	4	337	ark	4	373	ark	4	337	ark	4	337
312	arm	338	1	3				Armenian	1	338	arm	3	374	arm	3	338	arm	3	338
313	Armenian	339	1	4				Armenian	4	339	Armenian	4	375	Armenian	4	339	Armenian	4	339
314	Arminian	340	1	3				Arminian	3	340	lievf	1	376	Arminian	3	340	Arminian	3	340
315	armorer	341	1	4				armorer	4	341	armorer	4	377	armorer	4	341	armorer	4	341
316	arnica	342	1	4				arnica	4	342	arnica	4	378	arnica	4	342	arnica	4	342
317	around	343	1	4				around	4	343	around	4	379	around	4	343	around	4	343
318	arrangement	344	1	4				arrangement	4	344	arrangement	4	380	arrangement	4	344	arrangement	4	344
319	arrect	345	1	4				arrect	4	345	arrect	4	381	arrect	4	345	arrect	4	345
320	arrhizous	346	1	3				arrhizous	3	346	arrhizons	1	382	arrhizous	3	346	arrhizous	3	346
321	arrogance	347	1	4				arrogance	4	347	arrogance	4	383	arrogance	4	347	arrogance	4	347
322	arrow-stone	348	1	4				arrow-stone	4	348	arrow-stone	4	384	arrow-stone	4	348	arrow-stone	4	348
323	arson	349	1	4				arson	4	349	arson	4	385	arson	4	349	arson	4	349
324	Artemisia	350	1	4				Artemisia	4	350	Artemisia	4	386	Artemisia	4	350	Artemisia	4	350
325	arthroderm	351	1	4				arthroderm	4	351	arthroderm	4	387	arthroderm	4	351	arthroderm	4	351
326	artichoke	352	1	4				artichoke	4	352	artichoke	4	388	artichoke	4	352	artichoke	4	352
327	articulate	353	1	4				articulate	4	353	articulate	4	389	articulate	4	353	articulate	4	353
328	artificially	354	1	4				artificially	4	354	artificially	4	390	artificially	4	354	artificially	4	354
329	artless	355	1	4				artless	4	355	artless	4	391	artless	4	355	artless	4	355
330	-ary	356	1	3				-ary	3	356	-aiy	1	392	-ary	3	356	-ary	3	356
331	as	357	1	4				as	4	357	as	4	393	as	4	357	as	4	357
332	Asarum	358	1	3				Asarum	3	358	Asarum	3	394	Asarutn	1	358	Asarum	3	358
333	ascension	359	1	4				ascension	4	359	ascension	4	395	ascension	4	359	ascension	4	359
334	Ascidia	360	1	4				Ascidia	4	360	Ascidia	4	396	Ascidia	4	360	Ascidia	4	360
335	ascribe	361	1	3				ascribe	3	361	ascribe	3	397		1	361	ascribe	3	361
336	ash	362	1	3				ash	3	362	asb	1	398	ash	3	362	ash	3	362
337	Asiatic	363	1	4				Asiatic	4	363	Asiatic	4	399	Asiatic	4	363	Asiatic	4	363
338	ask	364	1	3				ask	3	364	His	1	400	ask	3	364	ask	3	364
339	asomatous	365	1	3				asomatous	3	365	asomatous	3	401	a	1	365	asomatous	3	365
340	aspen	366	1	4				aspen	4	366	aspen	4	402	aspen	4	366	aspen	4	366
341	asphalt	367	1	4				asphalt	4	367	asphalt	4	403	asphalt	4	367	asphalt	4	367
342	Aspila	368	1	3				Aspila	3	368	asprmo	1	404	Aspila	3	368	Aspila	3	368
343	asprino	369	1	2	weak			asprino	2	369	assassinate	1	405	asprino	2	369	asprlno	1	369
344	assassinate	370	1	3				assassinate	3	370	assassinate	3	406	assassinate	3	370	assassinatef	1	370
345	assemble	371	1	4				assemble	4	371	assemble	4	407	assemble	4	371	assemble	4	371
346	assert	372	1	4				assert	4	372	assert	4	408	assert	4	372	assert	4	372
347	asseverative	373	1	4				asseverative	4	373	asseverative	4	409	asseverative	4	373	asseverative	4	373
348	assignation	374	1	4				assignation	4	374	assignation	4	410	assignation	4	374	assignation	4	374
349	assistant	375	1	4				assistant	4	375	assistant	4	411	assistant	4	375	assistant	4	375
350	associate	376	1	4				associate	4	376	associate	4	412	associate	4	376	associate	4	376
351	ass	377	1	4				ass	4	377	ass	4	413	ass	4	377	ass	4	377
352	assurance	378	1	4				assurance	4	378	assurance	4	414	assurance	4	378	assurance	4	378
353	Astacidae	379	1	4				Astacidae	4	379	Astacidae	4	415	Astacidae	4	379	Astacidae	4	379
354	asteriated	380	1	3				asteriated	3	380	Cross-section	1	416	asteriated	3	380	asteriated	3	380
355	asthma	381	1	3				asthma	3	381	asthma	3	417	asthma	3	381	asthina	1	381
356	Astraeacea	382	1	2	tie			Astraeacea	2	382	Astraeacea	2	418	Astragal	2	382	Astragal	2	382
357	astrictory	383	1	4				astrictory	4	383	astrictory	4	419	astrictory	4	383	astrictory	4	383
358	astronomlan	384	1	2	weak			use	1	384	astronomian	1	420	astronomlan	2	384	astronomlan	2	384
359	astyllen	385	1	4				astyllen	4	385	astyllen	4	421	astyllen	4	385	astyllen	4	385
360	asystaton	386	1	4				asystaton	4	386	asystaton	4	422	asystaton	4	386	asystaton	4	386
361	ataxic	387	1	4				ataxic	4	387	ataxic	4	423	ataxic	4	387	ataxic	4	387
362	atelocardia	388	1	4				atelocardia	4	388	atelocardia	4	424	atelocardia	4	388	atelocardia	4	388
363	Athenaeum	389	1	4				Athenaeum	4	389	Athenaeum	4	425	Athenaeum	4	389	Athenaeum	4	389
364	athwart	390	1	4				athwart	4	390	athwart	4	426	athwart	4	390	athwart	4	390
365	atlas	391	1	4				atlas	4	391	atlas	4	427	atlas	4	391	atlas	4	391
366	atom	392	1	3				atom	3	392	It	1	428	atom	3	392	atom	3	392
367	atonement	393	1	4				atonement	4	393	atonement	4	429	atonement	4	393	atonement	4	393
368	atrioventricular	394	1	4				atrioventricular	4	394	atrioventricular	4	430	atrioventricular	4	394	atrioventricular	4	394
369	atrous	395	1	4				atrous	4	395	atrous	4	431	atrous	4	395	atrous	4	395
370	attagen	396	1	4				attagen	4	396	attagen	4	432	attagen	4	396	attagen	4	396
371	attaste	397	1	4				attaste	4	397	attaste	4	433	attaste	4	397	attaste	4	397
372	attendance	398	1	4				attendance	4	398	attendance	4	434	attendance	4	398	attendance	4	398
373	atterate	399	1	4				atterate	4	399	atterate	4	435	atterate	4	399	atterate	4	399
374	attire	400	1	4				attire	4	400	attire	4	436	attire	4	400	attire	4	400
375	attraction	401	1	4				attraction	4	401	attraction	4	437	attraction	4	401	attraction	4	401
376	attrition	402	1	4				attrition	4	402	attrition	4	438	attrition	4	402	attrition	4	402
377	auction	403	1	4				auction	4	403	auction	4	439	auction	4	403	auction	4	403
378	audit	404	1	4				audit	4	404	audit	4	440	audit	4	404	audit	4	404
379	auger-bit	405	1	3				auger-bit	3	405	auger-bit	3	441	A	1	405	auger-bit	3	405
380	augur	406	1	3				of	1	406	augur	3	442	augur	3	406	augur	3	406
381	Grntind-pig	407	1	1	tie			Grntind-pig	1	407	Ground-pig	1	443	Aulacanthidae	1	407	AulacanthldsB	1	407
382	aura	408	1	4				aura	4	408	aura	4	444	aura	4	408	aura	4	408
383	auricular	409	1	3				hoa	1	409	auricular	3	445	auricular	3	409	auricular	3	409
384	aurochs	410	1	3				aurochs	3	410	auroclis	1	446	aurochs	3	410	aurochs	3	410
385	auspicious	411	1	4				auspicious	4	411	auspicious	4	447	auspicious	4	411	auspicious	4	411
386	austromancy	412	1	4				austromancy	4	412	austromancy	4	448	austromancy	4	412	austromancy	4	412
387	author	413	1	4				author	4	413	author	4	449	author	4	413	author	4	413
388	autobiographic	414	1	3				autobiographic	3	414	autobiographic	3	450	autobiographic	3	414	autoblograpUc	1	414
389	autogenous	415	1	4				autogenous	4	415	autogenous	4	451	autogenous	4	415	autogenous	4	415
390	autometric	416	1	2	weak			autometric	2	416	automobile	1	452	Electric	1	416	autometric	2	416
391	autostylic	417	1	2	tie			autostylic	2	417	autositarius	2	453	autositarius	2	417	autostylic	2	417
392	avail	418	1	4				avail	4	418	avail	4	454	avail	4	418	avail	4	418
393	avast	419	1	4				avast	4	419	avast	4	455	avast	4	419	avast	4	419
394	aventre	420	1	4				aventre	4	420	aventre	4	456	aventre	4	420	aventre	4	420
395	averpenny	421	1	4				averpenny	4	421	averpenny	4	457	averpenny	4	421	averpenny	4	421
396	Avestan	422	1	3				Avestan	3	422	Avestan	3	458	Avestan	3	422	Wing-shell	1	422
397	avoid	423	1	4				avoid	4	423	avoid	4	459	avoid	4	423	avoid	4	423
398	avowance	424	1	4				avowance	4	424	avowance	4	460	avowance	4	424	avowance	4	424
399	awane	425	1	4				awane	4	425	awane	4	461	awane	4	425	awane	4	425
400	aween	426	1	4				aween	4	426	aween	4	462	aween	4	426	aween	4	426
401	awkwardness	427	1	2	weak			awkwardness	2	427	Brad-awl	1	463	Sewing-	1	427	awkwardness	2	427
402	axile	428	1	3				axile	3	428	axile	3	464	axile	3	428	azile	1	428
403	axis	429	1	3				axis	3	429	axis	3	465	axis	3	429	axlB	1	429
404	axletree	430	1	3				axletree	3	430	axletree	3	466	axletree	3	430	azletree	1	430
405	ayenbite	431	1	4				ayenbite	4	431	ayenbite	4	467	ayenbite	4	431	ayenbite	4	431
406	azotometer	432	1	4				azotometer	4	432	azotometer	4	468	azotometer	4	432	azotometer	4	432
407	The	433	1	3				y	1	433	The	3	469	The	3	433	The	3	433
408	babbler	434	1	4				babbler	4	434	babbler	4	470	babbler	4	434	babbler	4	434
409	baby	435	1	4				baby	4	435	baby	4	471	baby	4	435	baby	4	435
410	bacchante	436	1	4				bacchante	4	436	bacchante	4	472	bacchante	4	436	bacchante	4	436
411	bachelor's-buttons	437	1	3				bachelor's-buttons	3	437	bachelor's-buttons	3	473	bachelor'	1	437	bachelor's-buttons	3	437
412	back	438	1	4				back	4	438	back	4	474	back	4	438	back	4	438
413	backbone	439	1	4				backbone	4	439	backbone	4	475	backbone	4	439	backbone	4	439
414	backing-boards	440	1	3				backing-boards	3	440	bacMng-boards	1	476	backing-boards	3	440	backing-boards	3	440
415	backstay	441	1	4				backstay	4	441	backstay	4	477	backstay	4	441	backstay	4	441
416	Baconian	442	1	4				Baconian	4	442	Baconian	4	478	Baconian	4	442	Baconian	4	442
417	bad	443	1	4				bad	4	443	bad	4	479	bad	4	443	bad	4	443
418	badgir	444	1	4				badgir	4	444	badgir	4	480	badgir	4	444	badgir	4	444
419	bag	445	1	4				bag	4	445	bag	4	481	bag	4	445	bag	4	445
420	baggily	446	1	4				baggily	4	446	baggily	4	482	baggily	4	446	baggily	4	446
421	bahut	447	1	4				bahut	4	447	bahut	4	483	bahut	4	447	bahut	4	447
422	bailee	448	1	4				bailee	4	448	bailee	4	484	bailee	4	448	bailee	4	448
423	bairn	449	1	4				bairn	4	449	bairn	4	485	bairn	4	449	bairn	4	449
424	bakhshish	450	1	4				bakhshish	4	450	bakhshish	4	486	bakhshish	4	450	bakhshish	4	450
425	balance	451	1	4				balance	4	451	balance	4	487	balance	4	451	balance	4	451
426	balance-plow	452	1	4				balance-plow	4	452	balance-plow	4	488	balance-plow	4	452	balance-plow	4	452
427	Balanus	453	1	4				Balanus	4	453	Balanus	4	489	Balanus	4	453	Balanus	4	453
428	balderdash	454	1	4				balderdash	4	454	balderdash	4	490	balderdash	4	454	balderdash	4	454
429	baline	455	1	3				baline	3	455	baline	3	491	baline	3	455	ballne	1	455
430	ball	456	1	3				ball	3	456	baU	1	492	ball	3	456	ball	3	456
431	balladry	457	1	3				balladry	3	457	ballast	1	493	balladry	3	457	balladry	3	457
432	balling	458	1	3				balling	3	458	baUing	1	494	balling	3	458	balling	3	458
433	ballot	459	1	4				ballot	4	459	ballot	4	495	ballot	4	459	ballot	4	459
434	balneation	460	1	4				balneation	4	460	balneation	4	496	balneation	4	460	balneation	4	460
435	baltei	461	1	4				baltei	4	461	baltei	4	497	baltei	4	461	baltei	4	461
436	bamboo-partridge	462	1	4				bamboo-partridge	4	462	bamboo-partridge	4	498	bamboo-partridge	4	462	bamboo-partridge	4	462
437	banana	463	1	4				banana	4	463	banana	4	499	banana	4	463	banana	4	463
438	band	464	1	4				band	4	464	band	4	500	band	4	464	band	4	464
439	bandoleer	465	1	4				bandoleer	4	465	bandoleer	4	501	bandoleer	4	465	bandoleer	4	465
440	bane	466	1	3				bane	3	466	Twas	1	502	bane	3	466	bane	3	466
441	banish	467	1	3				banish	3	467	banisli	1	503	banish	3	467	banish	3	467
442	bank	468	1	2	weak			bank	2	468	TTnited	1	504	bank	2	468	lank	1	468
443	bankruptcy	469	1	3				bankruptcy	3	469	banluruptcy	1	505	bankruptcy	3	469	bankruptcy	3	469
444	banner-stone	470	1	4				banner-stone	4	470	banner-stone	4	506	banner-stone	4	470	banner-stone	4	470
445	Bantu	471	1	4				Bantu	4	471	Bantu	4	507	Bantu	4	471	Bantu	4	471
446	baptistic	472	1	3				baptistic	3	472	baptistic	3	508	baptistic	3	472	baptistlc	1	472
447	baralipton	473	1	3				baralipton	3	473	baralipton	3	509	baralipton	3	473	barallpton	1	473
448	barbarianize	474	1	2	weak			barbarianize	2	474	barbariamze	1	510	barbarianize	2	474	barbarianlze	1	474
449	barbel	475	1	4				barbel	4	475	barbel	4	511	barbel	4	475	barbel	4	475
450	Barbus	476	1	4				Barbus	4	476	Barbus	4	512	Barbus	4	476	Barbus	4	476
451	bare	477	1	3				A	1	477	bare	3	513	bare	3	477	bare	3	477
452	bargainee	478	1	4				bargainee	4	478	bargainee	4	514	bargainee	4	478	bargainee	4	478
453	bark	479	1	4				bark	4	479	bark	4	515	bark	4	479	bark	4	479
454	barkometer	480	1	4				barkometer	4	480	barkometer	4	516	barkometer	4	480	barkometer	4	480
455	barnaby	481	1	4				barnaby	4	481	barnaby	4	517	barnaby	4	481	barnaby	4	481
456	baroco	482	1	4				baroco	4	482	baroco	4	518	baroco	4	482	baroco	4	482
457	baronet	483	1	3				baronet	3	483	taronet	1	519	baronet	3	483	baronet	3	483
458	barrad	484	1	3				barrad	3	484	barrad	3	520	barrad	3	484	Aus-	1	484
459	barrel-pen	485	1	4				barrel-pen	4	485	barrel-pen	4	521	barrel-pen	4	485	barrel-pen	4	485
460	barrier	486	1	4				barrier	4	486	barrier	4	522	barrier	4	486	barrier	4	486
461	bar-shear	487	1	4				bar-shear	4	487	bar-shear	4	523	bar-shear	4	487	bar-shear	4	487
462	barytone	488	1	4				barytone	4	488	barytone	4	524	barytone	4	488	barytone	4	488
463	base	489	1	4				base	4	489	base	4	525	base	4	489	base	4	489
464	base-line	490	1	4				base-line	4	490	base-line	4	526	base-line	4	490	base-line	4	490
465	bashlyk	491	1	4				bashlyk	4	491	bashlyk	4	527	bashlyk	4	491	bashlyk	4	491
466	Basilian	492	1	4				Basilian	4	492	Basilian	4	528	Basilian	4	492	Basilian	4	492
467	basin	493	1	4				basin	4	493	basin	4	529	basin	4	493	basin	4	493
468	basitemporal	494	1	4				basitemporal	4	494	basitemporal	4	530	basitemporal	4	494	basitemporal	4	494
469	bas-relief	495	1	4				bas-relief	4	495	bas-relief	4	531	bas-relief	4	495	bas-relief	4	495
470	Bassia	496	1	3				Bassia	3	496	used	1	532	Bassia	3	496	Bassia	3	496
471	baste	497	1	4				baste	4	497	baste	4	533	baste	4	497	baste	4	497
472	bat	498	1	4				bat	4	498	bat	4	534	bat	4	498	bat	4	498
473	bate	499	1	3				To	1	499	bate	3	535	bate	3	499	bate	3	499
474	bath	500	1	4				bath	4	500	bath	4	536	bath	4	500	bath	4	500
475	Bathymasteridse	501	1	2	tie			Bathymasteridse	2	501	Bathymasteridse	2	537	Bathymasteridae	2	501	Bathymasteridae	2	501
476	batt	502	1	3				fourth	1	502	batt	3	538	batt	3	502	batt	3	502
477	batter	503	1	4				batter	4	503	batter	4	539	batter	4	503	batter	4	503
478	battery	504	1	4				battery	4	504	battery	4	540	battery	4	504	battery	4	504
479	battle	505	1	2	weak			battle	2	505	Dattle	1	541	Persian	1	505	battle	2	505
480	battue	506	1	3				battue	3	506	battne	1	542	battue	3	506	battue	3	506
481	bavardage	507	1	4				bavardage	4	507	bavardage	4	543	bavardage	4	507	bavardage	4	507
482	bay	508	1	3				bay	3	508	Iiay	1	544	bay	3	508	bay	3	508
483	bayardly	509	1	4				bayardly	4	509	bayardly	4	545	bayardly	4	509	bayardly	4	509
484	bdellatomy	510	1	4				bdellatomy	4	510	bdellatomy	4	546	bdellatomy	4	510	bdellatomy	4	510
485	beach-clam	511	1	4				beach-clam	4	511	beach-clam	4	547	beach-clam	4	511	beach-clam	4	511
486	beadhook	512	1	4				beadhook	4	512	beadhook	4	548	beadhook	4	512	beadhook	4	512
487	beak	513	1	4				beak	4	513	beak	4	549	beak	4	513	beak	4	513
488	beam-engine	514	1	4				beam-engine	4	514	beam-engine	4	550	beam-engine	4	514	beam-engine	4	514
489	Bean-weevil	515	1	2	weak			bean-stalk	1	515	Bean-weevil	2	551	Bean-weevil	2	515	Rcaii-vvccvii	1	515
490	bear	516	1	2	weak			tear	1	516	Dear	1	552	bear	2	516	bear	2	516
491	bearbine	517	1	4				bearbine	4	517	bearbine	4	553	bearbine	4	517	bearbine	4	517
492	bearing	518	1	4				bearing	4	518	bearing	4	554	bearing	4	518	bearing	4	518
493	beat	519	1	4				beat	4	519	beat	4	555	beat	4	519	beat	4	519
494	beat	520	1	4				beat	4	520	beat	4	556	beat	4	520	beat	4	520
495	beaupere	521	1	4				beaupere	4	521	beaupere	4	557	beaupere	4	521	beaupere	4	521
496	beaver	522	1	4				beaver	4	522	beaver	4	558	beaver	4	522	beaver	4	522
497	beccaflco	523	1	1	tie			beccaflco	1	523	beccafico	1	559	i	1	523	islh	1	523
498	become	524	1	4				become	4	524	become	4	560	become	4	524	become	4	524
499	bedaggle	525	1	4				bedaggle	4	525	bedaggle	4	561	bedaggle	4	525	bedaggle	4	525
500	bedight	526	1	4				bedight	4	526	bedight	4	562	bedight	4	526	bedight	4	526
501	From	527	1	2	weak			bed-sore	1	527	From	2	563	From	2	527	a	1	527
502	beech	528	1	3				beech	3	528	beech	3	564	beech	3	528	beecb	1	528
503	beehive	529	1	4				beehive	4	529	beehive	4	565	beehive	4	529	beehive	4	529
504	beestings	530	1	3				beestings	3	530	see	1	566	beestings	3	530	beestings	3	530
505	befall	531	1	4				befall	4	531	befall	4	567	befall	4	531	befall	4	531
506	beg	532	1	4				beg	4	532	beg	4	568	beg	4	532	beg	4	532
507	begger	533	1	4				begger	4	533	begger	4	569	begger	4	533	begger	4	533
508	beguile	534	1	4				beguile	4	534	beguile	4	570	beguile	4	534	beguile	4	534
509	behavior	535	1	4				behavior	4	535	behavior	4	571	behavior	4	535	behavior	4	535
510	beholding	536	1	4				beholding	4	536	beholding	4	572	beholding	4	536	beholding	4	536
511	bekko-ware	537	1	4				bekko-ware	4	537	bekko-ware	4	573	bekko-ware	4	537	bekko-ware	4	537
512	beleave	538	1	4				beleave	4	538	beleave	4	574	beleave	4	538	beleave	4	538
513	belie	539	1	3				belie	3	539	belie	3	575	belie	3	539	belle	1	539
514	belive	540	1	4				belive	4	540	belive	4	576	belive	4	540	belive	4	540
515	belladonna	541	1	4				belladonna	4	541	belladonna	4	577	belladonna	4	541	belladonna	4	541
516	bellied	542	1	4				bellied	4	542	bellied	4	578	bellied	4	542	bellied	4	542
517	bell-rope	543	1	3				bell-rope	3	543	ContCTuporancous	1	579	bell-rope	3	543	bell-rope	3	543
518	belly-timber	544	1	4				belly-timber	4	544	belly-timber	4	580	belly-timber	4	544	belly-timber	4	544
519	below	545	1	4				below	4	545	below	4	581	below	4	545	below	4	545
520	Belvoisia	546	1	2	weak			Belvoisia	2	546	SetzvisiiJi	1	582	Belvoisia	2	546	Bitveisia	1	546
521	ben	547	1	4				ben	4	547	ben	4	583	ben	4	547	ben	4	547
522	bend	548	1	4				bend	4	548	bend	4	584	bend	4	548	bend	4	548
523	beneath	549	1	4				beneath	4	549	beneath	4	585	beneath	4	549	beneath	4	549
524	benefic	550	1	2	tie			benefic	2	550	benefic	2	586	beneflc	2	550	beneflc	2	550
525	benefit	551	1	4				benefit	4	551	benefit	4	587	benefit	4	551	benefit	4	551
526	benignity	552	1	4				benignity	4	552	benignity	4	588	benignity	4	552	benignity	4	552
527	ben-teak	553	1	3				ben-teak	3	553	ben-teak	3	589	To	1	553	ben-teak	3	553
528	bequeath	554	1	3				bequeath	3	554	berat	1	590	bequeath	3	554	bequeath	3	554
529	bergall	555	1	4				bergall	4	555	bergall	4	591	bergall	4	555	bergall	4	555
530	Bernicla	556	1	3				Bernicla	3	556	Bemicla	1	592	Bernicla	3	556	Bernicla	3	556
531	berwick	557	1	3				these	1	557	berwick	3	593	berwick	3	557	berwick	3	557
532	beset	558	1	4				beset	4	558	beset	4	594	beset	4	558	beset	4	558
533	besmear	559	1	4				besmear	4	559	besmear	4	595	besmear	4	559	besmear	4	559
534	Bessemer	560	1	4				Bessemer	4	560	Bessemer	4	596	Bessemer	4	560	Bessemer	4	560
535	bestorm	561	1	4				bestorm	4	561	bestorm	4	597	bestorm	4	561	bestorm	4	561
536	beteach	562	1	3				beteach	3	562	beteach	3	598	be	1	562	beteach	3	562
537	betrash	563	1	4				betrash	4	563	betrash	4	599	betrash	4	563	betrash	4	563
538	bettermost	564	1	3				bettermost	3	564	bettennost	1	600	bettermost	3	564	bettermost	3	564
539	bevel	565	1	4				bevel	4	565	bevel	4	601	bevel	4	565	bevel	4	565
540	bewet	566	1	4				bewet	4	566	bewet	4	602	bewet	4	566	bewet	4	566
541	beyond	567	1	4				beyond	4	567	beyond	4	603	beyond	4	567	beyond	4	567
542	Bhutanese	568	1	3				Bhutanese	3	568	Bhatanese	1	604	Bhutanese	3	568	Bhutanese	3	568
543	Oiron	569	1	3				Oiron	3	569	Oiron	3	605	Oiron	3	569	i	1	569
544	bibliolatry	570	1	3				bibliolatry	3	570	tibliolatry	1	606	bibliolatry	3	570	bibliolatry	3	570
545	bice	571	1	3				bice	3	571	bice	3	607	bice	3	571	blee	1	571
546	bickering	572	1	4				bickering	4	572	bickering	4	608	bickering	4	572	bickering	4	572
547	bid	573	1	3				bid	3	573	Did	1	609	bid	3	573	bid	3	573
548	bienseance	574	1	2	tie			bienseance	2	574	of	2	610	bienseance	2	574	of	2	574
549	big	575	1	4				big	4	575	big	4	611	big	4	575	big	4	575
550	biglot	576	1	4				biglot	4	576	biglot	4	612	biglot	4	576	biglot	4	576
551	bilander	577	1	3				bilander	3	577	bilander	3	613	Inlander	1	577	bilander	3	577
552	bilifuscin	578	1	3				bilifuscin	3	578	bilifoscin	1	614	bilifuscin	3	578	bilifuscin	3	578
553	bill	579	1	4				bill	4	579	bill	4	615	bill	4	579	bill	4	579
554	Three	580	1	3				Three	3	580	the	1	616	Three	3	580	Three	3	580
555	bill-poster	581	1	4				bill-poster	4	581	bill-poster	4	617	bill-poster	4	581	bill-poster	4	581
556	bina	582	1	4				bina	4	582	bina	4	618	bina	4	582	bina	4	582
557	binding	583	1	3				binding	3	583	binding	3	619	binding	3	583	Binding-screw	1	583
558	The	584	1	2	tie			The	2	584	binomialist	2	620	binomialist	2	584	The	2	584
559	biomagnetism	585	1	4				biomagnetism	4	585	biomagnetism	4	621	biomagnetism	4	585	biomagnetism	4	585
560	Bipinnaria	586	1	3				Bipinnate	1	586	Bipinnaria	3	622	Bipinnaria	3	586	Bipinnaria	3	586
561	bird	587	1	4				bird	4	587	bird	4	623	bird	4	587	bird	4	587
562	bird's-nest	588	1	4				bird's-nest	4	588	bird's-nest	4	624	bird's-nest	4	588	bird's-nest	4	588
563	birthing	589	1	4				birthing	4	589	birthing	4	625	birthing	4	589	birthing	4	589
564	bishop	590	1	4				bishop	4	590	bishop	4	626	bishop	4	590	bishop	4	590
565	bishop's-wort	591	1	4				bishop's-wort	4	591	bishop's-wort	4	627	bishop's-wort	4	591	bishop's-wort	4	591
566	bissextile	592	1	4				bissextile	4	592	bissextile	4	628	bissextile	4	592	bissextile	4	592
567	bit	593	1	3				bit	3	593	bit	3	629	Bitangent	1	593	bit	3	593
568	bitnoben	594	1	3				bitnoben	3	594	in	1	630	bitnoben	3	594	bitnoben	3	594
569	bitter-salt	595	1	4				bitter-salt	4	595	bitter-salt	4	631	bitter-salt	4	595	bitter-salt	4	595
570	bivittate	596	1	4				bivittate	4	596	bivittate	4	632	bivittate	4	596	bivittate	4	596
571	black	597	1	4				black	4	597	black	4	633	black	4	597	black	4	597
572	blackbur	598	1	2	weak			Air	1	598	blackbur	2	634	blackbur	2	598	blackbuT	1	598
573	blacking	599	1	2	tie			blacking	2	599	blacking	2	635	Leathern	2	599	Leathern	2	599
574	black-snake	600	1	4				black-snake	4	600	black-snake	4	636	black-snake	4	600	black-snake	4	600
575	blade	601	1	4				blade	4	601	blade	4	637	blade	4	601	blade	4	601
576	blamelessness	602	1	4				blamelessness	4	602	blamelessness	4	638	blamelessness	4	602	blamelessness	4	602
577	blandiloquence	603	1	4				blandiloquence	4	603	blandiloquence	4	639	blandiloquence	4	603	blandiloquence	4	603
578	blanketing	604	1	4				blanketing	4	604	blanketing	4	640	blanketing	4	604	blanketing	4	604
579	blasphemy	605	1	4				blasphemy	4	605	blasphemy	4	641	blasphemy	4	605	blasphemy	4	605
580	blasting	606	1	4				blasting	4	606	blasting	4	642	blasting	4	606	blasting	4	606
581	blasty	607	1	4				blasty	4	607	blasty	4	643	blasty	4	607	blasty	4	607
582	blaze	608	1	4				blaze	4	608	blaze	4	644	blaze	4	608	blaze	4	608
583	bleaching	609	1	4				bleaching	4	609	bleaching	4	645	bleaching	4	609	bleaching	4	609
584	bleed	610	1	2	weak			bleed	2	610		1	646	applied	1	610	bleed	2	610
585	Blenheim	611	1	4				Blenheim	4	611	Blenheim	4	647	Blenheim	4	611	Blenheim	4	611
586	bless	612	1	4				bless	4	612	bless	4	648	bless	4	612	bless	4	612
587	blight	613	1	3				blight	3	613	blight	3	649	blight	3	613	bUght	1	613
588	blind-born	614	1	3				blind-born	3	614	blind-bom	1	650	blind-born	3	614	blind-born	3	614
589	blinkard	615	1	4				blinkard	4	615	blinkard	4	651	blinkard	4	615	blinkard	4	615
590	blithesomeness	616	1	4				blithesomeness	4	616	blithesomeness	4	652	blithesomeness	4	616	blithesomeness	4	616
591	block	617	1	4				block	4	617	block	4	653	block	4	617	block	4	617
592	blockish	618	1	4				blockish	4	618	blockish	4	654	blockish	4	618	blockish	4	618
593	blood	619	1	4				blood	4	619	blood	4	655	blood	4	619	blood	4	619
594	bloodshedding	620	1	4				bloodshedding	4	620	bloodshedding	4	656	bloodshedding	4	620	bloodshedding	4	620
595	bloom	621	1	4				bloom	4	621	bloom	4	657	bloom	4	621	bloom	4	621
596	blot	622	1	4				blot	4	622	blot	4	658	blot	4	622	blot	4	622
597	blow	623	1	4				blow	4	623	blow	4	659	blow	4	623	blow	4	623
598	blowpipe	624	1	4				blowpipe	4	624	blowpipe	4	660	blowpipe	4	624	blowpipe	4	624
599	blue	625	1	4				blue	4	625	blue	4	661	blue	4	625	blue	4	625
600	bluefish	626	1	2	weak			t	1	626	bhiefisli	1	662	bluefish	2	626	bluefish	2	626
601	bluet	627	1	4				bluet	4	627	bluet	4	663	bluet	4	627	bluet	4	627
602	blunderbuss	628	1	4				blunderbuss	4	628	blunderbuss	4	664	blunderbuss	4	628	blunderbuss	4	628
603	blush	629	1	4				blush	4	629	blush	4	665	blush	4	629	blush	4	629
604	boar	630	1	4				boar	4	630	boar	4	666	boar	4	630	boar	4	630
605	boar-fish	631	1	4				boar-fish	4	631	boar-fish	4	667	boar-fish	4	631	boar-fish	4	631
606	boat-shaped	632	1	4				boat-shaped	4	632	boat-shaped	4	668	boat-shaped	4	632	boat-shaped	4	632
607	bobbin	633	1	4				bobbin	4	633	bobbin	4	669	bobbin	4	633	bobbin	4	633
608	bockelet	634	1	4				bockelet	4	634	bockelet	4	670	bockelet	4	634	bockelet	4	634
609	bodin	635	1	4				bodin	4	635	bodin	4	671	bodin	4	635	bodin	4	635
610	body-guard	636	1	4				body-guard	4	636	body-guard	4	672	body-guard	4	636	body-guard	4	636
611	boggle	637	1	4				boggle	4	637	boggle	4	673	boggle	4	637	boggle	4	637
612	Bohemian	638	1	2	tie			Bohemian	2	638	Bohemian	2	674	Bohor	2	638	Bohor	2	638
613	boisterous	639	1	4				boisterous	4	639	boisterous	4	675	boisterous	4	639	boisterous	4	639
614	bole	640	1	3				bole	3	640	bole	3	676	c	1	640	bole	3	640
615	bolster	641	1	4				bolster	4	641	bolster	4	677	bolster	4	641	bolster	4	641
616	bolt	642	1	4				bolt	4	642	bolt	4	678	bolt	4	642	bolt	4	642
617	bombace	643	1	4				bombace	4	643	bombace	4	679	bombace	4	643	bombace	4	643
618	bombinate	644	1	2	weak			Bombyx	1	644	bombinate	2	680	bombinate	2	644	Bombiix	1	644
619	bonail	645	1	4				bonail	4	645	bonail	4	681	bonail	4	645	bonail	4	645
620	bond	646	1	4				bond	4	646	bond	4	682	bond	4	646	bond	4	646
621	bone	647	1	4				bone	4	647	bone	4	683	bone	4	647	bone	4	647
622	bone-turquoise	648	1	2	weak			bone-turquoise	2	648	bone-turqnoise	1	684	bone-turquoise	2	648	bone-turquolse	1	648
623	bonnet	649	1	4				bonnet	4	649	bonnet	4	685	bonnet	4	649	bonnet	4	649
624	booby-hutch	650	1	4				booby-hutch	4	650	booby-hutch	4	686	booby-hutch	4	650	booby-hutch	4	650
625	book	651	1	4				book	4	651	book	4	687	book	4	651	book	4	651
626	book-post	652	1	4				book-post	4	652	book-post	4	688	book-post	4	652	book-post	4	652
627	booming	653	1	3				booming	3	653	booming	3	689	dooming	1	653	booming	3	653
628	boot	654	1	2	weak			side-seam	1	654	boot	2	690	boot	2	654	front	1	654
629	bootmaker	655	1	4				bootmaker	4	655	bootmaker	4	691	bootmaker	4	655	bootmaker	4	655
630	Borassus	656	1	3				Borassus	3	656	Borassus	3	692	Borassus	3	656	Eorassus	1	656
631	bordman	657	1	4				bordman	4	657	bordman	4	693	bordman	4	657	bordman	4	657
632	borer	658	1	2	weak			borer	2	658	Clover-nxit	1	694	borer	2	658	Clover-root	1	658
633	borough	659	1	4				borough	4	659	borough	4	695	borough	4	659	borough	4	659
634	boscage	660	1	4				boscage	4	660	boscage	4	696	boscage	4	660	boscage	4	660
635	boss	661	1	3				boss	3	661	tured	1	697	boss	3	661	boss	3	661
636	botanical	662	1	4				botanical	4	662	botanical	4	698	botanical	4	662	botanical	4	662
637	both	663	1	4				both	4	663	both	4	699	both	4	663	both	4	663
638	bottine	664	1	4				bottine	4	664	bottine	4	700	bottine	4	664	bottine	4	664
639	bottom	665	1	4				bottom	4	665	bottom	4	701	bottom	4	665	bottom	4	665
640	bouffant	666	1	3				bouffant	3	666	bonffant	1	702	bouffant	3	666	bouffant	3	666
641	boule	667	1	4				boule	4	667	boule	4	703	boule	4	667	boule	4	667
642	bound	668	1	4				bound	4	668	bound	4	704	bound	4	668	bound	4	668
643	bouquetier	669	1	4				bouquetier	4	669	bouquetier	4	705	bouquetier	4	669	bouquetier	4	669
644	bouse	670	1	4				bouse	4	670	bouse	4	706	bouse	4	670	bouse	4	670
645	bow	671	1	4				bow	4	671	bow	4	707	bow	4	671	bow	4	671
646	bowel	672	1	4				bowel	4	672	bowel	4	708	bowel	4	672	bowel	4	672
647	bow-knot	673	1	3				bow-knot	3	673	bow-kndt	1	709	bow-knot	3	673	bow-knot	3	673
648	bowsprit	674	1	3				bowsprit	3	674	hueJis	1	710	bowsprit	3	674	bowsprit	3	674
649	box-coil	675	1	4				box-coil	4	675	box-coil	4	711	box-coil	4	675	box-coil	4	675
650	boycott	676	1	4				boycott	4	676	boycott	4	712	boycott	4	676	boycott	4	676
651	brace	677	1	4				brace	4	677	brace	4	713	brace	4	677	brace	4	677
652	brachiferous	678	1	3				brachiferous	3	678	bracMferous	1	714	brachiferous	3	678	brachiferous	3	678
653	brachygrapher	679	1	4				brachygrapher	4	679	brachygrapher	4	715	brachygrapher	4	679	brachygrapher	4	679
654	bracing	680	1	4				bracing	4	680	bracing	4	716	bracing	4	680	bracing	4	680
655	brad	681	1	4				brad	4	681	brad	4	717	brad	4	681	brad	4	681
656	Brahmaic	682	1	4				Brahmaic	4	682	Brahmaic	4	718	Brahmaic	4	682	Brahmaic	4	682
657	brain	683	1	2	weak			brain	2	683	brain	2	719	Base	1	683	frontal	1	683
658	brairo	684	1	4				brairo	4	684	brairo	4	720	brairo	4	684	brairo	4	684
659	bramble	685	1	4				bramble	4	685	bramble	4	721	bramble	4	685	bramble	4	685
660	branchiae	686	1	3				branchiae	3	686	brancMse	1	722	branchiae	3	686	branchiae	3	686
661	branchiostege	687	1	4				branchiostege	4	687	branchiostege	4	723	branchiostege	4	687	branchiostege	4	687
662	brand-iron	688	1	4				brand-iron	4	688	brand-iron	4	724	brand-iron	4	688	brand-iron	4	688
663	brant	689	1	4				brant	4	689	brant	4	725	brant	4	689	brant	4	689
664	brassage	690	1	4				brassage	4	690	brassage	4	726	brassage	4	690	brassage	4	690
665	braunite	691	1	4				braunite	4	691	braunite	4	727	braunite	4	691	braunite	4	691
666	brawl	692	1	4				brawl	4	692	brawl	4	728	brawl	4	692	brawl	4	692
667	brazen	693	1	3				brazen	3	693	trazen	1	729	brazen	3	693	brazen	3	693
668	breach	694	1	3				breach	3	694	breach	3	730	breach	3	694	Dreacn	1	694
669	break	695	1	4				break	4	695	break	4	731	break	4	695	break	4	695
670	break	696	1	3				v	1	696	break	3	732	break	3	696	break	3	696
671	breakneck	697	1	4				breakneck	4	697	breakneck	4	733	breakneck	4	697	breakneck	4	697
672	breast-line	698	1	3				breast-line	3	698	breast-line	3	734	breast-line	3	698	I	1	698
673	breathe	699	1	4				breathe	4	699	breathe	4	735	breathe	4	699	breathe	4	699
674	breech	700	1	4				breech	4	700	breech	4	736	breech	4	700	breech	4	700
675	breeding	701	1	4				breeding	4	701	breeding	4	737	breeding	4	701	breeding	4	701
676	brent-goose	702	1	4				brent-goose	4	702	brent-goose	4	738	brent-goose	4	702	brent-goose	4	702
677	breviary	703	1	4				breviary	4	703	breviary	4	739	breviary	4	703	breviary	4	703
678	Briarean	704	1	3				Briarean	3	704	Eriarean	1	740	Briarean	3	704	Briarean	3	704
679	brick	705	1	4				brick	4	705	brick	4	741	brick	4	705	brick	4	705
680	bridegroom	706	1	4				bridegroom	4	706	bridegroom	4	742	bridegroom	4	706	bridegroom	4	706
681	bridge	707	1	4				bridge	4	707	bridge	4	743	bridge	4	707	bridge	4	707
682	brief	708	1	4				brief	4	708	brief	4	744	brief	4	708	brief	4	708
683	brigandine	709	1	4				brigandine	4	709	brigandine	4	745	brigandine	4	709	brigandine	4	709
684	brilliant	710	1	4				brilliant	4	710	brilliant	4	746	brilliant	4	710	brilliant	4	710
685	brimful	711	1	4				brimful	4	711	brimful	4	747	brimful	4	711	brimful	4	711
686	bring	712	1	4				bring	4	712	bring	4	748	bring	4	712	bring	4	712
687	brisk	713	1	4				brisk	4	713	brisk	4	749	brisk	4	713	brisk	4	713
688	British	714	1	4				British	4	714	British	4	750	British	4	714	British	4	714
689	broad	715	1	4				broad	4	715	broad	4	751	broad	4	715	broad	4	715
690	broadside	716	1	3				broadside	3	716	brocket	1	752	broadside	3	716	broadside	3	716
691	brocket	717	1	4				brocket	4	717	brocket	4	753	brocket	4	717	brocket	4	717
692	brokage	718	1	3				brokage	3	718	bee	1	754	brokage	3	718	brokage	3	718
693	bromlite	719	1	4				bromlite	4	719	bromlite	4	755	bromlite	4	719	bromlite	4	719
694	bronze	720	1	4				bronze	4	720	bronze	4	758	bronze	4	720	bronze	4	720
695	brook	721	1	4				brook	4	721	brook	4	759	brook	4	721	brook	4	721
696	brother	722	1	4				brother	4	722	brother	4	760	brother	4	722	brother	4	722
697	Broussa	723	1	3				Broussa	3	723	Fruiting	1	761	Broussa	3	723	Broussa	3	723
698	Brownian	724	1	4				Brownian	4	724	Brownian	4	762	Brownian	4	724	Brownian	4	724
699	bruise	725	1	4				bruise	4	725	bruise	4	763	bruise	4	725	bruise	4	725
700	brush	726	1	3				brush	3	726	trusli	1	764	brush	3	726	brush	3	726
701	brutality	727	1	3				brutality	3	727	brutality-	1	765	brutality	3	727	brutality	3	727
702	Bryum	728	1	3				Bryum	3	728	important	1	766	Bryum	3	728	Bryum	3	728
703	Buboninae	729	1	3				Buboninae	3	729	Buboninas	1	767	Buboninae	3	729	Buboninae	3	729
704	Bu	730	1	1	tie			Bu	1	730	Sucefihatus	1	768	bucentaur	1	730	Bucfpk	1	730
705	bucker	731	1	4				bucker	4	731	bucker	4	769	bucker	4	731	bucker	4	731
706	buckle	732	1	4				buckle	4	732	buckle	4	770	buckle	4	732	buckle	4	732
707	bucksome	733	1	4				bucksome	4	733	bucksome	4	771	bucksome	4	733	bucksome	4	733
708	Buddhism	734	1	4				Buddhism	4	734	Buddhism	4	772	Buddhism	4	734	Buddhism	4	734
709	buff	735	1	4				buff	4	735	buff	4	773	buff	4	735	buff	4	735
710	buffer-block	736	1	3				buffer-block	3	736	Made	1	774	buffer-block	3	736	buffer-block	3	736
711	Bufoniformia	737	1	4				Bufoniformia	4	737	Bufoniformia	4	775	Bufoniformia	4	737	Bufoniformia	4	737
712	bugleweed	738	1	3				bugleweed	3	738	bngleweed	1	776	bugleweed	3	738	bugleweed	3	738
713	bulb	739	1	4				bulb	4	739	bulb	4	777	bulb	4	739	bulb	4	739
714	bulk	740	1	4				bulk	4	740	bulk	4	778	bulk	4	740	bulk	4	740
715	bull	741	1	4				bull	4	741	bull	4	779	bull	4	741	bull	4	741
716	bullet-headed	742	1	3				bullet-headed	3	742	bnllet-headed	1	780	bullet-headed	3	742	bullet-headed	3	742
717	bullion	743	1	4				bullion	4	743	bullion	4	781	bullion	4	743	bullion	4	743
718	bully	744	1	3				bully	3	744	buUy	1	782	bully	3	744	bully	3	744
719	Bumblebee	745	1	3				Bumblebee	3	745	Bumblebee	3	783	Bumblebee	3	745	Dumblebcc	1	745
720	bumpkin	746	1	4				bumpkin	4	746	bumpkin	4	784	bumpkin	4	746	bumpkin	4	746
721	bung	747	1	4				bung	4	747	bung	4	785	bung	4	747	bung	4	747
722	bunt	748	1	4				bunt	4	748	bunt	4	786	bunt	4	748	bunt	4	748
723	buoyancy	749	1	3				buoyancy	3	749	buoyancy	3	787	buoyancy	3	749	The	1	749
724	burbot	750	1	4				burbot	4	750	burbot	4	788	burbot	4	750	burbot	4	750
725	burette	751	1	4				burette	4	751	burette	4	789	burette	4	751	burette	4	751
726	burghmote	752	1	3				burghmote	3	752	burghmote	3	790	burghmote	3	752	buTghmote	1	752
727	burin	753	1	4				burin	4	753	burin	4	791	burin	4	753	burin	4	753
728	burn	754	1	2	weak			burn	2	754	bnm	1	792	burn	2	754	bum	1	754
729	burnish	755	1	4				burnish	4	755	burnish	4	793	burnish	4	755	burnish	4	755
730	bursal	756	1	4				bursal	4	756	bursal	4	794	bursal	4	756	bursal	4	756
731	bury	757	1	4				bury	4	757	bury	4	795	bury	4	757	bury	4	757
732	bushelage	758	1	4				bushelage	4	758	bushelage	4	796	bushelage	4	758	bushelage	4	758
733	busk	759	1	1	tie			busk	1	759	ousK	1	797	bust	1	759	Haf	1	759
734	bustle	760	1	4				bustle	4	760	bustle	4	798	bustle	4	760	bustle	4	760
735	but	761	1	3				but	3	761	And	1	799	but	3	761	but	3	761
736	Buthus	762	1	3				Buthus	3	762	Bathos	1	800	Buthus	3	762	Buthus	3	762
737	buttal	763	1	3				buttal	3	763	Itis	1	801	buttal	3	763	buttal	3	763
738	butterfly-orchis	764	1	3				butterfly-orchis	3	764	butterfly-orchis	3	802	butterfly-orchis	3	764	A	1	764
739	button	765	1	4				button	4	765	button	4	803	button	4	765	button	4	765
740	butyric	766	1	4				butyric	4	766	butyric	4	804	butyric	4	766	butyric	4	766
741	buzzard	767	1	3				buzzard	3	767	buzzard	3	805	Europe	1	767	buzzard	3	767
742	by	768	1	4				by	4	768	by	4	806	by	4	768	by	4	768
743	by-lane	769	1	4				by-lane	4	769	by-lane	4	807	by-lane	4	769	by-lane	4	769
744	byssi	770	1	4				byssi	4	770	byssi	4	808	byssi	4	770	byssi	4	770
745	The	771	1	3				The	3	771	The	3	809	The	3	771	Tho	1	771
746	cabala	772	1	3				cabala	3	772	cabcila	1	810	cabala	3	772	cabala	3	772
747	European	773	1	3				European	3	773	cabbage-tree	1	811	European	3	773	European	3	773
748	Cabiritic	774	1	3				Same	1	774	Cabiritic	3	812	Cabiritic	3	774	Cabiritic	3	774
749	of	775	1	3				of	3	775	of	3	813	of	3	775	cabrd	1	775
750	cachinnation	776	1	3				cachinnation	3	776	cachinnation	3	814	cachinnation	3	776	cachlnnation	1	776
751	cacoon	777	1	4				cacoon	4	777	cacoon	4	815	cacoon	4	777	cacoon	4	777
752	caddis	778	1	4				caddis	4	778	caddis	4	816	caddis	4	778	caddis	4	778
753	cadent	779	1	3				cadent	3	779	cadent	3	817	cadent	3	779	cadcnt	1	779
754	caducibranchiate	780	1	3				caducibranchiate	3	780	caducibranchiate	3	818	caducibranchiate	3	780	cadncibranchiate	1	780
755	Ctesarize	781	1	1	tie			Ctesarize	1	781	Cxsarize	1	819	Caesarize	1	781	Osesarize	1	781
756	caingel	782	1	3				caingel	3	782	caingel	3	820	caingel	3	782	calngel	1	782
757	cajuput	783	1	4				cajuput	4	783	cajuput	4	821	cajuput	4	783	cajuput	4	783
758	Ola-	784	1	1	tie			Ola-	1	784	Vi	1	822	Gla-	1	784	a	1	784
759	calandra	785	1	4				calandra	4	785	calandra	4	823	calandra	4	785	calandra	4	785
760	calcar	786	1	2	weak			calcar	2	786	calcar	2	824	a	1	786	Calcaratc	1	786
761	calcine	787	1	3				calcine	3	787	calcine	3	825	a	1	787	calcine	3	787
762	calculation	788	1	4				calculation	4	788	calculation	4	826	calculation	4	788	calculation	4	788
763	calendar	789	1	4				calendar	4	789	calendar	4	827	calendar	4	789	calendar	4	789
764	calf	790	1	4				calf	4	790	calf	4	830	calf	4	790	calf	4	790
765	calico-wood	791	1	4				calico-wood	4	791	calico-wood	4	831	calico-wood	4	791	calico-wood	4	791
766	calk	792	1	4				calk	4	792	calk	4	832	calk	4	792	calk	4	792
767	call	793	1	3				call	3	793	call	3	833	call	3	793	caU	1	793
768	calligraphical	794	1	4				calligraphical	4	794	calligraphical	4	834	calligraphical	4	794	calligraphical	4	794
769	callithumpian	795	1	3				callithumpian	3	795	callithumpian	3	835	callithumpian	3	795	callitbumpian	1	795
770	calm	796	1	3				calm	3	796	calm	3	836	calm	3	796	Quiet	1	796
771	caloric	797	1	4				caloric	4	797	caloric	4	837	caloric	4	797	caloric	4	797
772	caltrop	798	1	3				caltrop	3	798	caltrop	3	838	m	1	798	caltrop	3	798
773	Calvinism	799	1	3				Calvinism	3	799	Calvinism	3	839	Calvinism	3	799	Calvinisin	1	799
774	Helmet	800	1	3				Helmet	3	800	as	1	840	Helmet	3	800	Helmet	3	800
775	camaieu	801	1	4				camaieu	4	801	camaieu	4	841	camaieu	4	801	camaieu	4	801
776	cambric	802	1	4				cambric	4	802	cambric	4	842	cambric	4	802	cambric	4	802
777	Camellia	803	1	4				Camellia	4	803	Camellia	4	843	Camellia	4	803	Camellia	4	803
778	camera	804	1	4				camera	4	804	camera	4	844	camera	4	804	camera	4	804
779	cammock	805	1	4				cammock	4	805	cammock	4	845	cammock	4	805	cammock	4	805
780	campaigne	806	1	4				campaigne	4	806	campaigne	4	846	campaigne	4	806	campaigne	4	806
781	camphene	807	1	3				camphene	3	807	camphene	3	847	camphene	3	807	campbene	1	807
782	campophagine	808	1	4				campophagine	4	808	campophagine	4	848	campophagine	4	808	campophagine	4	808
783	can	809	1	4				can	4	809	can	4	849	can	4	809	can	4	809
784	canal	810	1	4				canal	4	810	canal	4	850	canal	4	810	canal	4	810
785	canalis	811	1	4				canalis	4	811	canalis	4	851	canalis	4	811	canalis	4	811
786	cancel	812	1	4				cancel	4	812	cancel	4	852	cancel	4	812	cancel	4	812
787	Cancridae	813	1	3				Cancridae	3	813	Cancridae	3	853	Cancridae	3	813	Oancridse	1	813
788	candid	814	1	4				candid	4	814	candid	4	854	candid	4	814	candid	4	814
789	candle-mine	815	1	4				candle-mine	4	815	candle-mine	4	855	candle-mine	4	815	candle-mine	4	815
790	canell	816	1	4				canell	4	816	canell	4	856	canell	4	816	canell	4	816
791	canine	817	1	4				canine	4	817	canine	4	857	canine	4	817	canine	4	817
792	cankery	818	1	3				cankery	3	818	cannery	1	858	cankery	3	818	cankery	3	818
793	cannon	819	1	4				cannon	4	819	cannon	4	859	cannon	4	819	cannon	4	819
794	canoe	820	1	4				canoe	4	820	canoe	4	860	canoe	4	820	canoe	4	820
795	canonic	821	1	4				canonic	4	821	canonic	4	861	canonic	4	821	canonic	4	821
796	Portal	822	1	2	weak			m	1	822	Portal	2	862	of	1	822	Portal	2	822
797	John	823	1	3				John	3	823	John	3	863	John	3	823	Joliii	1	823
798	canterbury	824	1	4				canterbury	4	824	canterbury	4	864	canterbury	4	824	canterbury	4	824
799	cantingly	825	1	3				cantingly	3	825	cantingly	3	865	cantingly	3	825	cantlngly	1	825
800	Cantuarian	826	1	3				Cantuarian	3	826	Cantuarian	3	866	Cantuarian	3	826	Oantuarlan	1	826
801	caoutchoucin	827	1	3				caoutchoucin	3	827	caoutchoucin	3	867	caoutchoucin	3	827	caoutcboucin	1	827
802	capacious	828	1	4				capacious	4	828	capacious	4	868	capacious	4	828	capacious	4	828
803	capellet	829	1	4				capellet	4	829	capellet	4	869	capellet	4	829	capellet	4	829
804	capibara	830	1	4				capibara	4	830	capibara	4	870	capibara	4	830	capibara	4	830
805	capital	831	1	3				capital	3	831	capitibranchiate	1	871	capital	3	831	capital	3	831
806	Capito	832	1	4				Capito	4	832	Capito	4	872	Capito	4	832	Capito	4	832
807	capitulum	833	1	2	weak			SOT	1	833	capitulum	2	873	capitulum	2	833	capituluin	1	833
808	Caprellidse	834	1	3				Caprellidse	3	834	Caprellidse	3	874	Caprellidae	1	834	Caprellidse	3	834
809	Caprimulgus	835	1	3				Caprimulgus	3	835	Caprimulgus	3	875	Capriniulgus	1	835	Caprimulgus	3	835
810	cap-sill	836	1	4				cap-sill	4	836	cap-sill	4	876	cap-sill	4	836	cap-sill	4	836
811	captain	837	1	4				captain	4	837	captain	4	877	captain	4	837	captain	4	837
812	captive	838	1	4				captive	4	838	captive	4	878	captive	4	838	captive	4	838
813	car	839	1	2	tie			car	2	839	grown	2	879	car	2	839	grown	2	839
814	caramba	840	1	2	weak			Horse-mackerel	1	840	caxamba	1	880	caramba	2	840	caramba	2	840
815	caravan-boiler	841	1	4				caravan-boiler	4	841	caravan-boiler	4	881	caravan-boiler	4	841	caravan-boiler	4	841
816	carbon	842	1	4				carbon	4	842	carbon	4	882	carbon	4	842	carbon	4	842
817	carboy	843	1	4				carboy	4	843	carboy	4	883	carboy	4	843	carboy	4	843
818	Carchariidas	844	1	1	tie			Carchariidas	1	844	Carchaxiids	1	884	Carchariidae	1	844	Carcbariidae	1	844
819	card	845	1	4				card	4	845	card	4	885	card	4	845	card	4	845
820	Cardiids	846	1	1	tie			Cardiids	1	846	Cardlids	1	886	Cardiidae	1	846	Gardiidse	1	846
821	The	847	1	4				The	4	847	The	4	887	The	4	847	The	4	847
822	care	848	1	4				care	4	848	care	4	888	care	4	848	care	4	848
823	carene	849	1	3				carene	3	849	carene	3	889	which	1	849	carene	3	849
824	caribou	850	1	4				caribou	4	850	caribou	4	890	caribou	4	850	caribou	4	850
825	Carinellidae	851	1	3				Carinellidae	3	851	Carinellidae	3	891	Carinellidae	3	851	Oarinellidas	1	851
826	car-load	852	1	4				car-load	4	852	car-load	4	892	car-load	4	852	car-load	4	852
827	carnality	853	1	4				carnality	4	853	carnality	4	893	carnality	4	853	carnality	4	853
828	carnivore	854	1	4				carnivore	4	854	carnivore	4	894	carnivore	4	854	carnivore	4	854
829	caroon	855	1	4				caroon	4	855	caroon	4	895	caroon	4	855	caroon	4	855
830	carp	856	1	4				carp	4	856	carp	4	896	carp	4	856	carp	4	856
831	carpet-bagger	857	1	3				carpet-bagger	3	857	carpet-bagger	3	897	carpet-moth	1	857	carpet-bagger	3	857
832	Carpodacus	858	1	3				Oarpodacus	1	858	Carpodacus	3	898	Carpodacus	3	858	Carpodacus	3	858
833	carriage	859	1	4				carriage	4	859	carriage	4	899	carriage	4	859	carriage	4	859
834	carrion	860	1	2	tie			carrion	2	860	camon	2	900	carrion	2	860	camon	2	860
835	carry	861	1	4				carry	4	861	carry	4	901	carry	4	861	carry	4	861
836	carte	862	1	4				carte	4	862	carte	4	902	carte	4	862	carte	4	862
837	cartilage	863	1	4				cartilage	4	863	cartilage	4	903	cartilage	4	863	cartilage	4	863
838	cartridge-paper	864	1	4				cartridge-paper	4	864	cartridge-paper	4	904	cartridge-paper	4	864	cartridge-paper	4	864
839	carve	865	1	4				carve	4	865	carve	4	905	carve	4	865	carve	4	865
840	caryopsis	866	1	3				sill	1	866	caryopsis	3	906	caryopsis	3	866	caryopsis	3	866
841	case	867	1	4				case	4	867	case	4	907	case	4	867	case	4	867
842	case	868	1	4				case	4	868	case	4	908	case	4	868	case	4	868
843	Chinese	869	1	2	weak			Chinese	2	869	cash	1	909	Cash	1	869	Chinese	2	869
844	casings	870	1	4				casings	4	870	casings	4	910	casings	4	870	casings	4	870
845	Cassia	871	1	4				Cassia	4	871	Cassia	4	911	Cassia	4	871	Cassia	4	871
846	Cassiopeia	872	1	4				Cassiopeia	4	872	Cassiopeia	4	912	Cassiopeia	4	872	Cassiopeia	4	872
847	cast	873	1	4				cast	4	873	cast	4	913	cast	4	873	cast	4	873
848	cast	874	1	4				cast	4	874	cast	4	914	cast	4	874	cast	4	874
849	castellate	875	1	4				castellate	4	875	castellate	4	915	castellate	4	875	castellate	4	875
850	casting-weight	876	1	3				casting-weight	3	876	cast-	1	916	casting-weight	3	876	casting-weight	3	876
851	castor	877	1	3				castor	3	877	castor	3	917	Skull	1	877	castor	3	877
852	casual	878	1	4				casual	4	878	casual	4	918	casual	4	878	casual	4	878
853	cat	879	1	3				cat	3	879	of	1	919	cat	3	879	cat	3	879
854	catacomb	880	1	4				catacomb	4	880	catacomb	4	920	catacomb	4	880	catacomb	4	880
855	catalogue	881	1	4				catalogue	4	881	catalogue	4	921	catalogue	4	881	catalogue	4	881
856	cataphracti	882	1	2	weak			cataphracti	2	882	eataphracti	1	922	cataphracti	2	882	cataphractl	1	882
857	catastagmus	883	1	4				catastagmus	4	883	catastagmus	4	923	catastagmus	4	883	catastagmus	4	883
858	catch	884	1	4				catch	4	884	catch	4	924	catch	4	884	catch	4	884
859	catching	885	1	4				catching	4	885	catching	4	925	catching	4	885	catching	4	885
860	catechize	886	1	3				catechize	3	886	catecliize	1	926	catechize	3	886	catechize	3	886
861	cater	887	1	4				cater	4	887	cater	4	927	cater	4	887	cater	4	887
862	catharize	888	1	3				catharize	3	888	catliarize	1	928	catharize	3	888	catharize	3	888
863	cathetal	889	1	4				cathetal	4	889	cathetal	4	929	cathetal	4	889	cathetal	4	889
864	catholicity	890	1	4				catholicity	4	890	catholicity	4	930	catholicity	4	890	catholicity	4	890
865	catoptric	891	1	4				catoptric	4	891	catoptric	4	931	catoptric	4	891	catoptric	4	891
866	cattle	892	1	4				cattle	4	892	cattle	4	932	cattle	4	892	cattle	4	892
867	caudle	893	1	4				caudle	4	893	caudle	4	933	caudle	4	893	caudle	4	893
868	caup	894	1	2	weak			caup	2	894	as	1	934	caup	2	894	canp	1	894
869	cause	895	1	3				cause	3	895	A	1	935	cause	3	895	cause	3	895
870	cauterize	896	1	4				cauterize	4	896	cauterize	4	936	cauterize	4	896	cauterize	4	896
871	cavalier	897	1	4				cavalier	4	897	cavalier	4	937	cavalier	4	897	cavalier	4	897
872	caveach	898	1	4				caveach	4	898	caveach	4	938	caveach	4	898	caveach	4	898
873	Cavicornia	899	1	4				Cavicornia	4	899	Cavicornia	4	939	Cavicornia	4	899	Cavicornia	4	899
874	Caxton	900	1	2	weak			A	1	900	Caxton	2	940	Caxton	2	900	Cazton	1	900
875	CebrionidaB	901	1	1	tie			CebrionidaB	1	901	Cebrionidsa	1	941	Cebrionidae	1	901	Cebrioaidae	1	901
876	cede	902	1	4				cede	4	902	cede	4	942	cede	4	902	cede	4	902
877	celantes	903	1	4				celantes	4	903	celantes	4	943	celantes	4	903	celantes	4	903
878	celestial	904	1	4				celestial	4	904	celestial	4	944	celestial	4	904	celestial	4	904
879	cell	905	1	4				cell	4	905	cell	4	945	cell	4	905	cell	4	905
880	a	906	1	1	tie			a	1	906	Celleporidae	1	946	Oelleporidae	1	906	Celleporldse	1	906
881		907	1	4					4	907		4	947		4	907		4	907
882		908	1	3					3	908	J	1	948		3	908		3	908
883		909	1	4					4	909		4	949		4	909		4	909
884		910	1	3					3	910	i	1	950		3	910		3	910
885		911	1	3					3	911	t	1	951		3	911		3	911
886		912	1	3					3	912		3	952		3	912	W'	1	912
887	BINDING		1	1										BINDING	1	913			
888			1	1											1	914			